# Blender 5.0.1
# www.blender.org
mtllib flowerr.mtl
o Tube
v 0.137883 0.629726 0.120641 0.9725 0.9611 0.9153
v 0.138588 0.629205 0.116195 0.9725 0.9611 0.9153
v 0.137953 0.628817 0.111052 0.9725 0.9611 0.9153
v 0.134959 0.628730 0.105851 0.9725 0.9611 0.9153
v 0.117262 0.630936 0.102336 0.9725 0.9611 0.9153
v 0.113114 0.631829 0.105343 0.9725 0.9611 0.9153
v 0.109150 0.633419 0.116349 0.9725 0.9611 0.9153
v 0.111193 0.633760 0.123082 0.9725 0.9611 0.9153
v 0.114931 0.633610 0.127328 0.9725 0.9611 0.9153
v 0.120514 0.633064 0.130044 0.9725 0.9611 0.9153
v 0.126649 0.632228 0.130246 0.9725 0.9611 0.9153
v 0.132479 0.631168 0.127853 0.9725 0.9611 0.9153
v 0.135588 0.630437 0.124749 0.9725 0.9611 0.9153
v 0.126197 0.629550 0.101054 0.9725 0.9611 0.9153
v 0.105339 0.605007 0.122969 0.9725 0.9611 0.9153
v 0.125284 0.596417 0.106041 0.9725 0.9611 0.9153
v 0.121014 0.630294 0.101033 0.9725 0.9611 0.9153
v 0.111379 0.514756 0.143112 0.9725 0.9611 0.9153
v 0.105383 0.519744 0.113916 0.9725 0.9611 0.9153
v 0.093054 0.527142 0.132382 0.9725 0.9611 0.9153
v 0.095200 0.527916 0.136390 0.9725 0.9611 0.9153
v 0.118649 0.502038 0.132614 0.9725 0.9611 0.9153
v 0.097132 0.495797 0.117583 0.9725 0.9611 0.9153
v 0.094989 0.508075 0.118812 0.9725 0.9611 0.9153
v 0.115603 0.504210 0.120703 0.9725 0.9611 0.9153
v 0.114704 0.521620 0.115793 0.9725 0.9611 0.9153
v 0.110663 0.523655 0.113699 0.9725 0.9611 0.9153
v 0.097425 0.523217 0.140218 0.9725 0.9611 0.9153
v 0.102290 0.517261 0.143679 0.9725 0.9611 0.9153
v 0.089324 0.505553 0.128287 0.9725 0.9611 0.9153
v 0.105028 0.503848 0.145425 0.9725 0.9611 0.9153
v 0.120479 0.516535 0.124841 0.9725 0.9611 0.9153
v 0.087717 0.480306 0.125194 0.9725 0.9611 0.9153
v 0.109921 0.454011 0.142449 0.9725 0.9611 0.9153
v 0.092201 0.492314 0.142748 0.9725 0.9611 0.9153
v 0.108250 0.470498 0.145421 0.9725 0.9611 0.9153
v 0.086099 0.478615 0.136462 0.9725 0.9611 0.9153
v 0.106938 0.474661 0.119452 0.9725 0.9611 0.9153
v 0.097007 0.461625 0.118630 0.9725 0.9611 0.9153
v 0.114369 0.472883 0.128574 0.9725 0.9611 0.9153
v 0.095013 0.460532 0.148013 0.9725 0.9611 0.9153
v 0.081971 0.445231 0.133350 0.9725 0.9611 0.9153
v 0.109350 0.453979 0.123880 0.9725 0.9611 0.9153
v 0.101565 0.454641 0.119000 0.9725 0.9611 0.9153
v 0.088815 0.445490 0.121130 0.9725 0.9611 0.9153
v 0.084978 0.455924 0.140765 0.9725 0.9611 0.9153
v 0.112647 0.453240 0.135566 0.9725 0.9611 0.9153
v 0.088719 0.452949 0.145333 0.9725 0.9611 0.9153
v 0.101190 0.457450 0.148114 0.9725 0.9611 0.9153
v 0.110896 0.437762 0.129224 0.9725 0.9611 0.9153
v 0.079962 0.395609 0.126252 0.9725 0.9611 0.9153
v 0.109367 0.404340 0.133750 0.9725 0.9611 0.9153
v 0.106308 0.425149 0.122067 0.9725 0.9611 0.9153
v 0.098405 0.409615 0.117453 0.9725 0.9611 0.9153
v 0.092560 0.406639 0.117000 0.9725 0.9611 0.9153
v 0.083934 0.406325 0.121321 0.9725 0.9611 0.9153
v 0.080812 0.406586 0.137558 0.9725 0.9611 0.9153
v 0.085727 0.414705 0.143846 0.9725 0.9611 0.9153
v 0.091547 0.417828 0.146854 0.9725 0.9611 0.9153
v 0.097069 0.402890 0.146273 0.9725 0.9611 0.9153
v 0.103207 0.405053 0.143945 0.9725 0.9611 0.9153
v 0.108650 0.400149 0.125302 0.9725 0.9611 0.9153
v 0.103921 0.405165 0.119653 0.9725 0.9611 0.9153
v 0.089442 0.396135 0.144645 0.9725 0.9611 0.9153
v 0.104398 0.380956 0.139609 0.9725 0.9611 0.9153
v 0.101367 0.383606 0.114484 0.9725 0.9611 0.9153
v 0.107747 0.376097 0.118122 0.9725 0.9611 0.9153
v 0.085905 0.371099 0.137351 0.9725 0.9611 0.9153
v 0.109709 0.363205 0.128658 0.9725 0.9611 0.9153
v 0.111087 0.359437 0.121028 0.9725 0.9611 0.9153
v 0.080389 0.371615 0.126456 0.9725 0.9611 0.9153
v 0.081879 0.384012 0.136749 0.9725 0.9611 0.9153
v 0.087529 0.387165 0.115753 0.9725 0.9611 0.9153
v 0.091842 0.368606 0.139592 0.9725 0.9611 0.9153
v 0.097900 0.368311 0.139670 0.9725 0.9611 0.9153
v 0.096696 0.379927 0.112165 0.9725 0.9611 0.9153
v 0.106199 0.356586 0.108156 0.9725 0.9611 0.9153
v 0.084554 0.347332 0.125686 0.9725 0.9611 0.9153
v 0.093323 0.367180 0.108964 0.9725 0.9611 0.9153
v 0.085764 0.358502 0.110860 0.9725 0.9611 0.9153
v 0.082919 0.346202 0.116190 0.9725 0.9611 0.9153
v 0.088770 0.344472 0.129075 0.9725 0.9611 0.9153
v 0.101398 0.353472 0.103924 0.9725 0.9611 0.9153
v 0.092237 0.352124 0.104202 0.9725 0.9611 0.9153
v 0.094480 0.338040 0.128908 0.9725 0.9611 0.9153
v 0.100412 0.343342 0.131366 0.9725 0.9611 0.9153
v 0.108012 0.344972 0.128294 0.9725 0.9611 0.9153
v 0.110616 0.353405 0.111902 0.9725 0.9611 0.9153
v 0.116739 0.323105 0.110506 0.9725 0.9611 0.9153
v 0.099743 0.330692 0.092437 0.9725 0.9611 0.9153
v 0.086914 0.337612 0.104884 0.9725 0.9611 0.9153
v 0.091926 0.313655 0.109405 0.9725 0.9611 0.9153
v 0.095029 0.312845 0.112836 0.9725 0.9611 0.9153
v 0.106735 0.313400 0.116068 0.9725 0.9611 0.9153
v 0.112417 0.315213 0.114178 0.9725 0.9611 0.9153
v 0.118679 0.321854 0.102236 0.9725 0.9611 0.9153
v 0.116769 0.324634 0.097035 0.9725 0.9611 0.9153
v 0.112817 0.325759 0.092351 0.9725 0.9611 0.9153
v 0.106958 0.327275 0.090347 0.9725 0.9611 0.9153
v 0.095701 0.322398 0.090411 0.9725 0.9611 0.9153
v 0.089712 0.316276 0.098994 0.9725 0.9611 0.9153
v 0.090002 0.314574 0.105205 0.9725 0.9611 0.9153
v 0.101778 0.308993 0.113477 0.9725 0.9611 0.9153
v 0.136807 0.254035 0.063746 0.9725 0.9611 0.9153
v 0.135093 0.249901 0.068147 0.9725 0.9611 0.9153
v 0.130931 0.273279 0.064647 0.9725 0.9611 0.9153
v 0.120204 0.279398 0.060242 0.9725 0.9611 0.9153
v 0.107706 0.250582 0.058077 0.9725 0.9611 0.9153
v 0.106732 0.262936 0.079044 0.9725 0.9611 0.9153
v 0.115707 0.245144 0.072132 0.9725 0.9611 0.9153
v 0.117457 0.262994 0.084819 0.9725 0.9611 0.9153
v 0.123141 0.265404 0.084769 0.9725 0.9611 0.9153
v 0.136589 0.255956 0.059377 0.9725 0.9611 0.9153
v 0.125969 0.278250 0.062448 0.9725 0.9611 0.9153
v 0.108347 0.247571 0.063418 0.9725 0.9611 0.9153
v 0.114102 0.255480 0.048674 0.9725 0.9611 0.9153
v 0.109826 0.252789 0.052543 0.9725 0.9611 0.9153
v 0.131255 0.245666 0.071139 0.9725 0.9611 0.9153
v 0.119357 0.256679 0.046729 0.9725 0.9611 0.9153
v 0.137033 0.248359 0.051113 0.9725 0.9611 0.9153
v 0.132711 0.250706 0.046726 0.9725 0.9611 0.9153
v 0.126993 0.251567 0.044235 0.9725 0.9611 0.9153
v 0.120687 0.236694 0.069367 0.9725 0.9611 0.9153
v 0.126828 0.237745 0.069986 0.9725 0.9611 0.9153
v 0.112964 0.237267 0.064386 0.9725 0.9611 0.9153
v 0.147741 0.181646 0.016386 0.9725 0.9611 0.9153
v 0.151776 0.174185 0.025929 0.9725 0.9611 0.9153
v 0.128523 0.146738 0.004450 0.9725 0.9611 0.9153
v 0.123252 0.167005 0.023475 0.9725 0.9611 0.9153
v 0.137450 0.163455 0.035182 0.9725 0.9611 0.9153
v 0.150115 0.150597 0.025291 0.9725 0.9611 0.9153
v 0.152479 0.156333 0.023999 0.9725 0.9611 0.9153
v 0.142315 0.185587 0.014107 0.9725 0.9611 0.9153
v 0.136292 0.185681 0.012602 0.9725 0.9611 0.9153
v 0.123633 0.171527 0.030441 0.9725 0.9611 0.9153
v 0.127542 0.170761 0.035255 0.9725 0.9611 0.9153
v 0.133468 0.160162 0.032695 0.9725 0.9611 0.9153
v 0.142126 0.172403 0.038023 0.9725 0.9611 0.9153
v 0.153040 0.165266 0.013766 0.9725 0.9611 0.9153
v 0.135943 0.163783 0.003278 0.9725 0.9611 0.9153
v 0.121998 0.174606 0.021797 0.9725 0.9611 0.9153
v 0.130254 0.166753 0.007079 0.9725 0.9611 0.9153
v 0.157660 0.137304 0.007129 0.9725 0.9611 0.9153
v 0.146485 0.142215 -0.005262 0.9725 0.9611 0.9153
v 0.143215 0.136159 0.023782 0.9725 0.9611 0.9153
v 0.148596 0.130268 0.020449 0.9725 0.9611 0.9153
v 0.133516 0.132358 0.019189 0.9725 0.9611 0.9153
v 0.131679 0.139968 -0.001620 0.9725 0.9611 0.9153
v 0.128832 0.128976 0.003196 0.9725 0.9611 0.9153
v 0.129273 0.135465 0.015372 0.9725 0.9611 0.9153
v 0.157946 0.122327 -0.003603 0.9725 0.9611 0.9153
v 0.140878 0.115263 0.016141 0.9725 0.9611 0.9153
v 0.160693 0.104106 -0.000655 0.9725 0.9611 0.9153
v 0.144719 0.122221 -0.012537 0.9725 0.9611 0.9153
v 0.151817 0.138807 -0.003948 0.9725 0.9611 0.9153
v 0.138479 0.126485 -0.009822 0.9725 0.9611 0.9153
v 0.158224 0.085664 0.002932 0.9725 0.9611 0.9153
v 0.130327 0.115939 0.005139 0.9725 0.9611 0.9153
v 0.134817 0.105712 0.009870 0.9725 0.9611 0.9153
v 0.154434 0.087779 0.007130 0.9725 0.9611 0.9153
v 0.151858 0.106986 -0.014926 0.9725 0.9611 0.9153
v 0.148079 0.101463 0.012656 0.9725 0.9611 0.9153
v 0.140399 0.097890 -0.017474 0.9725 0.9611 0.9153
v 0.132879 0.059171 -0.016506 0.9725 0.9611 0.9153
v 0.131134 0.091634 -0.003461 0.9725 0.9611 0.9153
v 0.134617 0.088634 0.004835 0.9725 0.9611 0.9153
v 0.160876 0.073106 -0.007860 0.9725 0.9611 0.9153
v 0.143933 0.083674 0.009316 0.9725 0.9611 0.9153
v 0.160207 0.079792 -0.001297 0.9725 0.9611 0.9153
v 0.156618 0.095384 -0.014687 0.9725 0.9611 0.9153
v 0.148466 0.088711 -0.019958 0.9725 0.9611 0.9153
v 0.136278 0.081476 -0.017790 0.9725 0.9611 0.9153
v 0.136933 0.074201 0.004997 0.9725 0.9611 0.9153
v 0.132772 0.076207 0.000371 0.9725 0.9611 0.9153
v 0.151210 0.068570 0.006538 0.9725 0.9611 0.9153
v 0.131280 0.076361 -0.009018 0.9725 0.9611 0.9153
v 0.159267 0.079761 -0.013245 0.9725 0.9611 0.9153
v 0.142950 0.070062 -0.021872 0.9725 0.9611 0.9153
v 0.138747 0.060957 0.005810 0.9725 0.9611 0.9153
v 0.154484 0.065774 -0.019252 0.9725 0.9611 0.9153
v 0.148987 0.067401 -0.021806 0.9725 0.9611 0.9153
v 0.130142 0.052744 -0.003645 0.9725 0.9611 0.9153
v 0.144644 0.062385 0.007414 0.9725 0.9611 0.9153
v 0.156836 0.042957 -0.014502 0.9725 0.9611 0.9153
v 0.145178 0.045416 -0.022410 0.9725 0.9611 0.9153
v 0.134937 0.034971 -0.020012 0.9725 0.9611 0.9153
v 0.141232 0.042692 0.007671 0.9725 0.9611 0.9153
v 0.153750 0.013957 -0.000280 0.9725 0.9611 0.9153
v 0.152039 0.037378 -0.018781 0.9725 0.9611 0.9153
v 0.132384 0.047651 0.002161 0.9725 0.9611 0.9153
v 0.156267 0.026305 -0.007361 0.9725 0.9611 0.9153
v 0.127778 0.036204 -0.009072 0.9725 0.9611 0.9153
v 0.147317 0.029039 0.007359 0.9725 0.9611 0.9153
v 0.151680 0.021810 0.004110 0.9725 0.9611 0.9153
v 0.123260 -0.002293 -0.009345 0.9725 0.9611 0.9153
v 0.128878 0.022342 0.004492 0.9725 0.9611 0.9153
v 0.144266 0.022543 -0.020082 0.9725 0.9611 0.9153
v 0.125621 0.020980 -0.000841 0.9725 0.9611 0.9153
v 0.136700 0.014783 -0.019167 0.9725 0.9611 0.9153
v 0.133993 0.023813 0.007926 0.9725 0.9611 0.9153
v 0.147800 0.004608 -0.014160 0.9725 0.9611 0.9153
v 0.139162 0.018257 0.010243 0.9725 0.9611 0.9153
v 0.136906 -0.015292 -0.013850 0.9725 0.9611 0.9153
v 0.118398 -0.013022 0.000602 0.9725 0.9611 0.9153
v 0.129841 -0.019073 -0.012942 0.9725 0.9611 0.9153
v 0.124391 -0.017502 -0.010708 0.9725 0.9611 0.9153
v 0.120318 -0.012926 0.008393 0.9725 0.9611 0.9153
v 0.147439 -0.020366 0.000734 0.9725 0.9611 0.9153
v 0.124873 -0.010823 0.012629 0.9725 0.9611 0.9153
v 0.141956 -0.014171 0.013248 0.9725 0.9611 0.9153
v 0.130309 -0.011151 0.015168 0.9725 0.9611 0.9153
v 0.135841 -0.015712 0.016159 0.9725 0.9611 0.9153
v 0.148373 -0.007485 -0.008435 0.9725 0.9611 0.9153
v 0.141238 -0.023179 -0.009377 0.9725 0.9611 0.9153
v 0.125294 -0.113663 0.016802 0.9725 0.9611 0.9153
v 0.121972 -0.097419 0.006043 0.9725 0.9611 0.9153
v 0.107504 -0.107462 0.008270 0.9725 0.9611 0.9153
v 0.100734 -0.118172 0.013689 0.9725 0.9611 0.9153
v 0.096412 -0.113156 0.022018 0.9725 0.9611 0.9153
v 0.100533 -0.096338 0.024341 0.9725 0.9611 0.9153
v 0.128146 -0.107315 0.020935 0.9725 0.9611 0.9153
v 0.115044 -0.100932 0.005482 0.9725 0.9611 0.9153
v 0.098175 -0.115192 0.016641 0.9725 0.9611 0.9153
v 0.110276 -0.103197 0.036468 0.9725 0.9611 0.9153
v 0.118112 -0.093476 0.034108 0.9725 0.9611 0.9153
v 0.122457 -0.121430 0.033451 0.9725 0.9611 0.9153
v 0.126697 -0.098346 0.009946 0.9725 0.9611 0.9153
v 0.119795 -0.113356 0.036245 0.9725 0.9611 0.9153
v 0.124702 -0.119789 0.028519 0.9725 0.9611 0.9153
v 0.103424 -0.097517 0.030510 0.9725 0.9611 0.9153
v 0.110398 -0.089452 0.032304 0.9725 0.9611 0.9153
v 0.117913 -0.125685 0.015195 0.9725 0.9611 0.9153
v 0.091540 -0.133976 0.036795 0.9725 0.9611 0.9153
v 0.104377 -0.136138 0.046564 0.9725 0.9611 0.9153
v 0.100046 -0.118928 0.038550 0.9725 0.9611 0.9153
v 0.108042 -0.142419 0.017562 0.9725 0.9611 0.9153
v 0.101439 -0.147772 0.019205 0.9725 0.9611 0.9153
v 0.094874 -0.153282 0.022453 0.9725 0.9611 0.9153
v 0.087340 -0.145158 0.035805 0.9725 0.9611 0.9153
v 0.088813 -0.151697 0.046849 0.9725 0.9611 0.9153
v 0.106980 -0.165148 0.027555 0.9725 0.9611 0.9153
v 0.108728 -0.143192 0.047430 0.9725 0.9611 0.9153
v 0.116489 -0.151651 0.033872 0.9725 0.9611 0.9153
v 0.109764 -0.169655 0.033895 0.9725 0.9611 0.9153
v 0.091017 -0.161353 0.053839 0.9725 0.9611 0.9153
v 0.075312 -0.244860 0.052109 0.9725 0.9611 0.9153
v 0.043721 -0.307475 0.081379 0.9725 0.9611 0.9153
v 0.052440 -0.268425 0.074221 0.9725 0.9611 0.9153
v 0.087012 -0.253903 0.072135 0.9725 0.9611 0.9153
v 0.059849 -0.257449 0.061818 0.9725 0.9611 0.9153
v 0.077637 -0.271531 0.086903 0.9725 0.9611 0.9153
v 0.059612 -0.243432 0.072354 0.9725 0.9611 0.9153
v 0.089560 -0.239932 0.057952 0.9725 0.9611 0.9153
v 0.078612 -0.254846 0.056631 0.9725 0.9611 0.9153
v 0.071338 -0.252804 0.086185 0.9725 0.9611 0.9153
v 0.077228 -0.253290 0.084887 0.9725 0.9611 0.9153
v 0.085409 -0.259504 0.069066 0.9725 0.9611 0.9153
v 0.082339 -0.255337 0.059449 0.9725 0.9611 0.9153
v 0.064797 -0.235437 0.075489 0.9725 0.9611 0.9153
v 0.066273 -0.247823 0.083324 0.9725 0.9611 0.9153
v 0.061944 -0.269827 0.061788 0.9725 0.9611 0.9153
v 0.070035 -0.312503 0.094402 0.9725 0.9611 0.9153
v 0.077148 -0.285729 0.072404 0.9725 0.9611 0.9153
v 0.064505 -0.284596 0.064460 0.9725 0.9611 0.9153
v 0.051958 -0.286298 0.091786 0.9725 0.9611 0.9153
v 0.060506 -0.308124 0.070678 0.9725 0.9611 0.9153
v 0.045851 -0.297164 0.088423 0.9725 0.9611 0.9153
v 0.067525 -0.308866 0.073833 0.9725 0.9611 0.9153
v 0.073861 -0.305158 0.086999 0.9725 0.9611 0.9153
v 0.044055 -0.322714 0.079107 0.9725 0.9611 0.9153
v 0.064148 -0.305905 0.099503 0.9725 0.9611 0.9153
v 0.056994 -0.303833 0.100474 0.9725 0.9611 0.9153
v 0.049323 -0.323502 0.075367 0.9725 0.9611 0.9153
v 0.066650 -0.332163 0.083421 0.9725 0.9611 0.9153
v 0.043822 -0.320150 0.098642 0.9725 0.9611 0.9153
v 0.046730 -0.328780 0.103952 0.9725 0.9611 0.9153
v 0.038614 -0.329842 0.088616 0.9725 0.9611 0.9153
v 0.068230 -0.329232 0.086450 0.9725 0.9611 0.9153
v 0.060034 -0.340472 0.078930 0.9725 0.9611 0.9153
v 0.062175 -0.337373 0.102996 0.9725 0.9611 0.9153
v 0.052580 -0.339981 0.076796 0.9725 0.9611 0.9153
v 0.038371 -0.334128 0.095542 0.9725 0.9611 0.9153
v 0.064698 -0.353426 0.095353 0.9725 0.9611 0.9153
v 0.041249 -0.355945 0.081077 0.9725 0.9611 0.9153
v 0.038390 -0.350144 0.102116 0.9725 0.9611 0.9153
v 0.053394 -0.334857 0.106300 0.9725 0.9611 0.9153
v 0.048078 -0.357916 0.078388 0.9725 0.9611 0.9153
v 0.052264 -0.360086 0.108096 0.9725 0.9611 0.9153
v 0.060452 -0.362282 0.083935 0.9725 0.9611 0.9153
v 0.054643 -0.370942 0.080578 0.9725 0.9611 0.9153
v 0.033598 -0.364877 0.095739 0.9725 0.9611 0.9153
v 0.044028 -0.368289 0.108248 0.9725 0.9611 0.9153
v 0.062665 -0.368131 0.089634 0.9725 0.9611 0.9153
v 0.039119 -0.366600 0.105401 0.9725 0.9611 0.9153
v 0.054946 -0.388361 0.106231 0.9725 0.9611 0.9153
v 0.032109 -0.387342 0.090289 0.9725 0.9611 0.9153
v 0.058289 -0.389517 0.102706 0.9725 0.9611 0.9153
v 0.033864 -0.386546 0.086126 0.9725 0.9611 0.9153
v 0.031405 -0.394438 0.094492 0.9725 0.9611 0.9153
v 0.048694 -0.396000 0.107924 0.9725 0.9611 0.9153
v 0.057664 -0.395324 0.083558 0.9725 0.9611 0.9153
v 0.047091 -0.392187 0.078517 0.9725 0.9611 0.9153
v 0.042220 -0.395220 0.078828 0.9725 0.9611 0.9153
v 0.033008 -0.394202 0.100129 0.9725 0.9611 0.9153
v 0.060271 -0.391632 0.099066 0.9725 0.9611 0.9153
v 0.060960 -0.401021 0.090086 0.9725 0.9611 0.9153
v 0.037029 -0.398239 0.104737 0.9725 0.9611 0.9153
v 0.052656 -0.404449 0.078783 0.9725 0.9611 0.9153
v 0.042581 -0.403142 0.106966 0.9725 0.9611 0.9153
v 0.060097 -0.454311 0.084987 0.9725 0.9611 0.9153
v 0.053581 -0.458359 0.097961 0.9725 0.9611 0.9153
v 0.058481 -0.452354 0.079381 0.9725 0.9611 0.9153
v 0.048838 -0.452313 0.071680 0.9725 0.9611 0.9153
v 0.041265 -0.452280 0.071636 0.9725 0.9611 0.9153
v 0.037361 -0.397639 0.080705 0.9725 0.9611 0.9153
v 0.030189 -0.496097 0.076000 0.9725 0.9611 0.9153
v 0.029918 -0.463763 0.085885 0.9725 0.9611 0.9153
v 0.031412 -0.453736 0.091718 0.9725 0.9611 0.9153
v 0.039930 -0.456021 0.100030 0.9725 0.9611 0.9153
v 0.048021 -0.455994 0.100597 0.9725 0.9611 0.9153
v 0.033751 -0.455498 0.095515 0.9725 0.9611 0.9153
v 0.057695 -0.521079 0.082833 0.9725 0.9611 0.9153
v 0.054557 -0.454644 0.074333 0.9725 0.9611 0.9153
v 0.032224 -0.537439 0.066839 0.9725 0.9611 0.9153
v 0.050548 -0.492573 0.068811 0.9725 0.9611 0.9153
v 0.036036 -0.532039 0.064836 0.9725 0.9611 0.9153
v 0.057613 -0.531843 0.075526 0.9725 0.9611 0.9153
v 0.054982 -0.509399 0.070900 0.9725 0.9611 0.9153
v 0.043436 -0.498104 0.096695 0.9725 0.9611 0.9153
v 0.049809 -0.536280 0.090784 0.9725 0.9611 0.9153
v 0.044234 -0.503762 0.066094 0.9725 0.9611 0.9153
v 0.038868 -0.537375 0.062972 0.9725 0.9611 0.9153
v 0.028429 -0.539866 0.073427 0.9725 0.9611 0.9153
v 0.037109 -0.503842 0.094533 0.9725 0.9611 0.9153
v 0.057606 -0.543224 0.077289 0.9725 0.9611 0.9153
v 0.032271 -0.506328 0.090505 0.9725 0.9611 0.9153
v 0.053373 -0.554062 0.085731 0.9725 0.9611 0.9153
v 0.056416 -0.555932 0.069450 0.9725 0.9611 0.9153
v 0.046585 -0.561511 0.088705 0.9725 0.9611 0.9153
v 0.029398 -0.567116 0.080709 0.9725 0.9611 0.9153
v 0.053062 -0.789220 0.051125 0.9725 0.9611 0.9153
v 0.041696 -0.579632 0.086931 0.9725 0.9611 0.9153
v 0.048991 -0.573562 0.059200 0.9725 0.9611 0.9153
v 0.037096 -0.589524 0.084611 0.9725 0.9611 0.9153
v 0.027552 -0.571992 0.073864 0.9725 0.9611 0.9153
v 0.032972 -0.596037 0.081591 0.9725 0.9611 0.9153
v 0.042816 -0.585446 0.056090 0.9725 0.9611 0.9153
v 0.053688 -0.602480 0.059418 0.9725 0.9611 0.9153
v 0.054834 -0.788647 0.046407 0.9725 0.9611 0.9153
v 0.026347 -0.788617 0.049447 0.9725 0.9611 0.9153
v 0.054766 -0.788021 0.041489 0.9725 0.9611 0.9153
v 0.053627 -0.787529 0.037788 0.9725 0.9611 0.9153
v 0.036633 -0.789904 0.058420 0.9725 0.9611 0.9153
v 0.041084 -0.790003 0.058692 0.9725 0.9611 0.9153
v 0.045660 -0.789953 0.057746 0.9725 0.9611 0.9153
v 0.050730 -0.789601 0.054398 0.9725 0.9611 0.9153
v 0.025246 -0.788038 0.045010 0.9725 0.9611 0.9153
v 0.043689 -0.786351 0.029615 0.9725 0.9611 0.9153
v 0.033228 -0.786374 0.030985 0.9725 0.9611 0.9153
v 0.038596 -0.786243 0.029352 0.9725 0.9611 0.9153
v 0.031250 -0.789511 0.055930 0.9725 0.9611 0.9153
v 0.049212 -0.786765 0.032257 0.9725 0.9611 0.9153
v 0.026112 -0.787278 0.038929 0.9725 0.9611 0.9153
v 0.029043 -0.786717 0.034163 0.9725 0.9611 0.9153
v 0.028655 -0.789163 0.053513 0.9725 0.9611 0.9153
v 0.109962 0.632767 0.110550 0.9725 0.9611 0.9153
v -0.188262 0.358235 0.565917 0.9725 0.9611 0.9153
v -0.198421 0.349276 0.539992 0.9725 0.9611 0.9153
v -0.192835 0.331107 0.528923 0.9725 0.9611 0.9153
v -0.194243 0.327228 0.513586 0.9725 0.9611 0.9153
v -0.189754 0.325709 0.489607 0.9725 0.9611 0.9153
v -0.174889 0.338007 0.451012 0.9725 0.9611 0.9153
v -0.152243 0.320020 0.450051 0.9725 0.9611 0.9153
v -0.142439 0.329266 0.435638 0.9725 0.9611 0.9153
v -0.129751 0.337495 0.426793 0.9725 0.9611 0.9153
v -0.064878 0.334563 0.466681 0.9725 0.9611 0.9153
v -0.054051 0.340033 0.477815 0.9725 0.9611 0.9153
v -0.044673 0.339703 0.495659 0.9725 0.9611 0.9153
v -0.034664 0.347808 0.517141 0.9725 0.9611 0.9153
v -0.029485 0.359400 0.542086 0.9725 0.9611 0.9153
v -0.036763 0.346281 0.548616 0.9725 0.9611 0.9153
v -0.056614 0.357703 0.602170 0.9725 0.9611 0.9153
v -0.068782 0.362221 0.617130 0.9725 0.9611 0.9153
v -0.089423 0.354798 0.623741 0.9725 0.9611 0.9153
v -0.101043 0.368743 0.627257 0.9725 0.9611 0.9153
v -0.106165 0.358066 0.624782 0.9725 0.9611 0.9153
v -0.115157 0.368458 0.623471 0.9725 0.9611 0.9153
v -0.126576 0.355865 0.616051 0.9725 0.9611 0.9153
v -0.170259 0.365945 0.588976 0.9725 0.9611 0.9153
v -0.180103 0.363462 0.578476 0.9725 0.9611 0.9153
v -0.204168 0.353494 0.522854 0.9725 0.9611 0.9153
v -0.201078 0.342809 0.502514 0.9725 0.9611 0.9153
v -0.190858 0.340787 0.475163 0.9725 0.9611 0.9153
v -0.164925 0.345315 0.436488 0.9725 0.9611 0.9153
v -0.113394 0.333747 0.429559 0.9725 0.9611 0.9153
v -0.089438 0.334450 0.443239 0.9725 0.9611 0.9153
v -0.045264 0.359566 0.584325 0.9725 0.9611 0.9153
v -0.143301 0.375540 0.608259 0.9725 0.9611 0.9153
v -0.143372 0.342997 0.427891 0.9725 0.9611 0.9153
v -0.065659 0.352979 0.460362 0.9725 0.9611 0.9153
v -0.043300 0.359079 0.487977 0.9725 0.9611 0.9153
v -0.032910 0.367097 0.506931 0.9725 0.9611 0.9153
v -0.189262 0.359211 0.457081 0.9725 0.9611 0.9153
v -0.105752 0.349656 0.428634 0.9725 0.9611 0.9153
v -0.082314 0.358362 0.444846 0.9725 0.9611 0.9153
v -0.040276 0.380907 0.583851 0.9725 0.9611 0.9153
v -0.075728 0.371622 0.623513 0.9725 0.9611 0.9153
v -0.190608 0.375693 0.563231 0.9725 0.9611 0.9153
v -0.182335 0.361683 0.445245 0.9725 0.9611 0.9153
v -0.125828 0.353919 0.423393 0.9725 0.9611 0.9153
v -0.102108 0.359363 0.431492 0.9725 0.9611 0.9153
v -0.047332 0.378388 0.478936 0.9725 0.9611 0.9153
v -0.028132 0.376899 0.525676 0.9725 0.9611 0.9153
v -0.046171 0.383757 0.597592 0.9725 0.9611 0.9153
v -0.059724 0.380372 0.614561 0.9725 0.9611 0.9153
v -0.082775 0.376888 0.626094 0.9725 0.9611 0.9153
v -0.129253 0.389595 0.613119 0.9725 0.9611 0.9153
v -0.177915 0.384812 0.578671 0.9725 0.9611 0.9153
v -0.201207 0.368698 0.542945 0.9725 0.9611 0.9153
v -0.159063 0.363959 0.429961 0.9725 0.9611 0.9153
v -0.141771 0.355961 0.424953 0.9725 0.9611 0.9153
v -0.028889 0.382789 0.540026 0.9725 0.9611 0.9153
v -0.108618 0.391243 0.621452 0.9725 0.9611 0.9153
v -0.201616 0.357595 0.490038 0.9725 0.9611 0.9153
v -0.174994 0.368947 0.438395 0.9725 0.9611 0.9153
v -0.068677 0.383700 0.457425 0.9725 0.9611 0.9153
v -0.054505 0.388518 0.471370 0.9725 0.9611 0.9153
v -0.037774 0.381348 0.494378 0.9725 0.9611 0.9153
v -0.039585 0.400520 0.581956 0.9725 0.9611 0.9153
v -0.090063 0.391515 0.624763 0.9725 0.9611 0.9153
v -0.205030 0.376464 0.527528 0.9725 0.9611 0.9153
v -0.206470 0.375111 0.512973 0.9725 0.9611 0.9153
v -0.110957 0.374716 0.429872 0.9725 0.9611 0.9153
v -0.160402 0.391681 0.592191 0.9725 0.9611 0.9153
v -0.190477 0.391084 0.557292 0.9725 0.9611 0.9153
v -0.196180 0.379411 0.467790 0.9725 0.9611 0.9153
v -0.141684 0.373210 0.425490 0.9725 0.9611 0.9153
v -0.128368 0.376069 0.425871 0.9725 0.9611 0.9153
v -0.086967 0.386962 0.445213 0.9725 0.9611 0.9153
v -0.033597 0.393180 0.508201 0.9725 0.9611 0.9153
v -0.054553 0.403172 0.609735 0.9725 0.9611 0.9153
v -0.065817 0.397026 0.618693 0.9725 0.9611 0.9153
v -0.199651 0.391628 0.536377 0.9725 0.9611 0.9153
v -0.186367 0.382964 0.450410 0.9725 0.9611 0.9153
v -0.157192 0.391391 0.432338 0.9725 0.9611 0.9153
v -0.031468 0.395704 0.522741 0.9725 0.9611 0.9153
v -0.045409 0.404525 0.596560 0.9725 0.9611 0.9153
v -0.173734 0.393564 0.441545 0.9725 0.9611 0.9153
v -0.040742 0.400696 0.494774 0.9725 0.9611 0.9153
v -0.073719 0.408575 0.619606 0.9725 0.9611 0.9153
v -0.201756 0.400767 0.516667 0.9725 0.9611 0.9153
v -0.203983 0.387356 0.495830 0.9725 0.9611 0.9153
v -0.193745 0.394747 0.465845 0.9725 0.9611 0.9153
v -0.042660 0.426031 0.574821 0.9725 0.9611 0.9153
v -0.177387 0.425314 0.555318 0.9725 0.9611 0.9153
v -0.198714 0.400927 0.481602 0.9725 0.9611 0.9153
v -0.052442 0.428833 0.598778 0.9725 0.9611 0.9153
v -0.153480 0.422239 0.438150 0.9725 0.9611 0.9153
v -0.139147 0.420178 0.435601 0.9725 0.9611 0.9153
v -0.124045 0.417048 0.436338 0.9725 0.9611 0.9153
v -0.044448 0.439959 0.532789 0.9725 0.9611 0.9153
v -0.044663 0.440472 0.557537 0.9725 0.9611 0.9153
v -0.047044 0.432152 0.586226 0.9725 0.9611 0.9153
v -0.088331 0.433750 0.612310 0.9725 0.9611 0.9153
v -0.137335 0.434973 0.589681 0.9725 0.9611 0.9153
v -0.157963 0.426876 0.576647 0.9725 0.9611 0.9153
v -0.195051 0.429303 0.492606 0.9725 0.9611 0.9153
v -0.047851 0.443696 0.512754 0.9725 0.9611 0.9153
v -0.063109 0.428110 0.609012 0.9725 0.9611 0.9153
v -0.076313 0.430730 0.613414 0.9725 0.9611 0.9153
v -0.099316 0.440474 0.607237 0.9725 0.9611 0.9153
v -0.113471 0.437832 0.602816 0.9725 0.9611 0.9153
v -0.190654 0.425976 0.530656 0.9725 0.9611 0.9153
v -0.194611 0.429218 0.510289 0.9725 0.9611 0.9153
v -0.181925 0.421605 0.456920 0.9725 0.9611 0.9153
v -0.168415 0.469391 0.455019 0.9725 0.9611 0.9153
v -0.108327 0.417192 0.441151 0.9725 0.9611 0.9153
v -0.164156 0.453705 0.448470 0.9725 0.9611 0.9153
v -0.074431 0.449692 0.468555 0.9725 0.9611 0.9153
v -0.055268 0.421575 0.480688 0.9725 0.9611 0.9153
v -0.184809 0.464723 0.476832 0.9725 0.9611 0.9153
v -0.114662 0.465763 0.447926 0.9725 0.9611 0.9153
v -0.180195 0.454915 0.463423 0.9725 0.9611 0.9153
v -0.092769 0.461261 0.457186 0.9725 0.9611 0.9153
v -0.059712 0.471635 0.498651 0.9725 0.9611 0.9153
v -0.158760 0.467867 0.448723 0.9725 0.9611 0.9153
v -0.145568 0.464900 0.444631 0.9725 0.9611 0.9153
v -0.132165 0.464217 0.444245 0.9725 0.9611 0.9153
v -0.074821 0.485964 0.584226 0.9725 0.9611 0.9153
v -0.169567 0.457288 0.550862 0.9725 0.9611 0.9153
v -0.067777 0.491010 0.575653 0.9725 0.9611 0.9153
v -0.153908 0.463192 0.565050 0.9725 0.9611 0.9153
v -0.177242 0.479521 0.527674 0.9725 0.9611 0.9153
v -0.183279 0.478643 0.512361 0.9725 0.9611 0.9153
v -0.188026 0.465760 0.502794 0.9725 0.9611 0.9153
v -0.184587 0.477401 0.486933 0.9725 0.9611 0.9153
v -0.083542 0.479368 0.590188 0.9725 0.9611 0.9153
v -0.111071 0.491602 0.579393 0.9725 0.9611 0.9153
v -0.122805 0.490498 0.574887 0.9725 0.9611 0.9153
v -0.172780 0.478151 0.462638 0.9725 0.9611 0.9153
v -0.070252 0.479316 0.484283 0.9725 0.9611 0.9153
v -0.057331 0.496031 0.546516 0.9725 0.9611 0.9153
v -0.057762 0.485637 0.561883 0.9725 0.9611 0.9153
v -0.098877 0.508145 0.465057 0.9725 0.9611 0.9153
v -0.057306 0.497987 0.533480 0.9725 0.9611 0.9153
v -0.177426 0.486848 0.474080 0.9725 0.9611 0.9153
v -0.143959 0.503733 0.456050 0.9725 0.9611 0.9153
v -0.133555 0.503386 0.454704 0.9725 0.9611 0.9153
v -0.122604 0.505119 0.455736 0.9725 0.9611 0.9153
v -0.111700 0.506797 0.458754 0.9725 0.9611 0.9153
v -0.059836 0.498343 0.516048 0.9725 0.9611 0.9153
v -0.135421 0.490531 0.567540 0.9725 0.9611 0.9153
v -0.151822 0.532710 0.535750 0.9725 0.9611 0.9153
v -0.181503 0.489072 0.499709 0.9725 0.9611 0.9153
v -0.156340 0.508204 0.461731 0.9725 0.9611 0.9153
v -0.080042 0.553025 0.501864 0.9725 0.9611 0.9153
v -0.100413 0.508084 0.574785 0.9725 0.9611 0.9153
v -0.154640 0.491496 0.551450 0.9725 0.9611 0.9153
v -0.086521 0.555463 0.490087 0.9725 0.9611 0.9153
v -0.062649 0.497211 0.563125 0.9725 0.9611 0.9153
v -0.088630 0.513929 0.571013 0.9725 0.9611 0.9153
v -0.167552 0.512097 0.474380 0.9725 0.9611 0.9153
v -0.081097 0.519267 0.564872 0.9725 0.9611 0.9153
v -0.160296 0.529888 0.523942 0.9725 0.9611 0.9153
v -0.165313 0.527318 0.514106 0.9725 0.9611 0.9153
v -0.082385 0.498157 0.476045 0.9725 0.9611 0.9153
v -0.076328 0.550998 0.513835 0.9725 0.9611 0.9153
v -0.075117 0.522959 0.557138 0.9725 0.9611 0.9153
v -0.102903 0.549732 0.470676 0.9725 0.9611 0.9153
v -0.075696 0.550145 0.529155 0.9725 0.9611 0.9153
v -0.069918 0.528613 0.542360 0.9725 0.9611 0.9153
v -0.137306 0.530352 0.551776 0.9725 0.9611 0.9153
v -0.160530 0.542320 0.482605 0.9725 0.9611 0.9153
v -0.155948 0.542210 0.474059 0.9725 0.9611 0.9153
v -0.150333 0.543370 0.468531 0.9725 0.9611 0.9153
v -0.125535 0.549528 0.462174 0.9725 0.9611 0.9153
v -0.113751 0.549800 0.465116 0.9725 0.9611 0.9153
v -0.091875 0.549003 0.480173 0.9725 0.9611 0.9153
v -0.119213 0.546398 0.555902 0.9725 0.9611 0.9153
v -0.164524 0.538209 0.497854 0.9725 0.9611 0.9153
v -0.140399 0.545648 0.463354 0.9725 0.9611 0.9153
v -0.080200 0.551633 0.541386 0.9725 0.9611 0.9153
v -0.140016 0.547165 0.541345 0.9725 0.9611 0.9153
v -0.152117 0.549639 0.522821 0.9725 0.9611 0.9153
v -0.158189 0.547531 0.510301 0.9725 0.9611 0.9153
v -0.099741 0.565785 0.479202 0.9725 0.9611 0.9153
v -0.086312 0.569167 0.532472 0.9725 0.9611 0.9153
v -0.130506 0.549261 0.548216 0.9725 0.9611 0.9153
v -0.137052 0.564413 0.469164 0.9725 0.9611 0.9153
v -0.153537 0.559291 0.493177 0.9725 0.9611 0.9153
v -0.124159 0.567969 0.468199 0.9725 0.9611 0.9153
v -0.085163 0.571658 0.521251 0.9725 0.9611 0.9153
v -0.101824 0.556912 0.553439 0.9725 0.9611 0.9153
v -0.147347 0.564353 0.479857 0.9725 0.9611 0.9153
v -0.113052 0.573696 0.473475 0.9725 0.9611 0.9153
v -0.099649 0.579747 0.488538 0.9725 0.9611 0.9153
v -0.088402 0.573601 0.503267 0.9725 0.9611 0.9153
v -0.090596 0.556783 0.549379 0.9725 0.9611 0.9153
v -0.110357 0.555484 0.554186 0.9725 0.9611 0.9153
v -0.136597 0.574146 0.475476 0.9725 0.9611 0.9153
v -0.141452 0.559409 0.531028 0.9725 0.9611 0.9153
v -0.127571 0.581068 0.475370 0.9725 0.9611 0.9153
v -0.109383 0.584027 0.481729 0.9725 0.9611 0.9153
v -0.094492 0.576629 0.536216 0.9725 0.9611 0.9153
v -0.108356 0.577811 0.541983 0.9725 0.9611 0.9153
v -0.101863 0.576776 0.541566 0.9725 0.9611 0.9153
v -0.114576 0.579147 0.540241 0.9725 0.9611 0.9153
v -0.138137 0.583048 0.502865 0.9725 0.9611 0.9153
v -0.116719 0.587769 0.480091 0.9725 0.9611 0.9153
v -0.132501 0.591727 0.493807 0.9725 0.9611 0.9153
v -0.101264 0.596103 0.514613 0.9725 0.9611 0.9153
v -0.125210 0.573959 0.537897 0.9725 0.9611 0.9153
v -0.130720 0.589374 0.516489 0.9725 0.9611 0.9153
v -0.106603 0.601904 0.501488 0.9725 0.9611 0.9153
v -0.101663 0.595197 0.505229 0.9725 0.9611 0.9153
v -0.106477 0.601957 0.520186 0.9725 0.9611 0.9153
v -0.124531 0.602124 0.492410 0.9725 0.9611 0.9153
v -0.113640 0.604899 0.494220 0.9725 0.9611 0.9153
v -0.122843 0.598563 0.520533 0.9725 0.9611 0.9153
v -0.119568 0.604042 0.491828 0.9725 0.9611 0.9153
v -0.110984 0.602627 0.522865 0.9725 0.9611 0.9153
v -0.116357 0.604350 0.521513 0.9725 0.9611 0.9153
v -0.132894 0.590902 0.508151 0.9725 0.9611 0.9153
v -0.121438 0.616510 0.499936 0.9725 0.9611 0.9153
v -0.109098 0.612999 0.510246 0.9725 0.9611 0.9153
v -0.122182 0.618143 0.504455 0.9725 0.9611 0.9153
v -0.116426 0.622846 0.501456 0.9725 0.9611 0.9153
v -0.116992 0.634737 0.506069 0.9725 0.9611 0.9153
v -0.112046 0.618955 0.511279 0.9725 0.9611 0.9153
v -0.116705 0.623895 0.510991 0.9725 0.9611 0.9153
v -0.121110 0.617556 0.509768 0.9725 0.9611 0.9153
v -0.182872 0.336811 0.559275 0.9725 0.9611 0.9153
v -0.192529 0.324618 0.504579 0.9725 0.9611 0.9153
v -0.113636 0.323396 0.436764 0.9725 0.9611 0.9153
v -0.082723 0.324151 0.456060 0.9725 0.9611 0.9153
v -0.040201 0.336855 0.526236 0.9725 0.9611 0.9153
v -0.067805 0.348139 0.607889 0.9725 0.9611 0.9153
v -0.176618 0.321673 0.475163 0.9725 0.9611 0.9153
v -0.133550 0.315002 0.449206 0.9725 0.9611 0.9153
v -0.057994 0.336265 0.584893 0.9725 0.9611 0.9153
v -0.171423 0.343354 0.579501 0.9725 0.9611 0.9153
v -0.155498 0.308617 0.473307 0.9725 0.9611 0.9153
v -0.107459 0.314316 0.451047 0.9725 0.9611 0.9153
v -0.056446 0.325967 0.484877 0.9725 0.9611 0.9153
v -0.053265 0.326143 0.493484 0.9725 0.9611 0.9153
v -0.103172 0.347185 0.621308 0.9725 0.9611 0.9153
v -0.139026 0.336314 0.598058 0.9725 0.9611 0.9153
v -0.170430 0.325983 0.566449 0.9725 0.9611 0.9153
v -0.186627 0.319509 0.494338 0.9725 0.9611 0.9153
v -0.084047 0.312686 0.471993 0.9725 0.9611 0.9153
v -0.097205 0.293878 0.565106 0.9725 0.9611 0.9153
v -0.111350 0.296592 0.573199 0.9725 0.9611 0.9153
v -0.133708 0.293270 0.540500 0.9725 0.9611 0.9153
v -0.101680 0.291809 0.549535 0.9725 0.9611 0.9153
v -0.078667 0.304118 0.575871 0.9725 0.9611 0.9153
v -0.092995 0.302788 0.583876 0.9725 0.9611 0.9153
v -0.128399 0.305693 0.579209 0.9725 0.9611 0.9153
v -0.160413 0.303227 0.541436 0.9725 0.9611 0.9153
v -0.095769 0.293741 0.525070 0.9725 0.9611 0.9153
v -0.076289 0.301705 0.559783 0.9725 0.9611 0.9153
v -0.103893 0.307596 0.590662 0.9725 0.9611 0.9153
v -0.155854 0.297947 0.522778 0.9725 0.9611 0.9153
v -0.127575 0.291252 0.522114 0.9725 0.9611 0.9153
v -0.074033 0.304619 0.527841 0.9725 0.9611 0.9153
v -0.081632 0.311475 0.588072 0.9725 0.9611 0.9153
v -0.138355 0.294623 0.500395 0.9725 0.9611 0.9153
v -0.117291 0.295397 0.495213 0.9725 0.9611 0.9153
v -0.085130 0.302531 0.498578 0.9725 0.9611 0.9153
v -0.169355 0.313467 0.550870 0.9725 0.9611 0.9153
v -0.097467 0.303903 0.479233 0.9725 0.9611 0.9153
v -0.095046 0.332392 0.608335 0.9725 0.9611 0.9153
v -0.129686 0.315607 0.589844 0.9725 0.9611 0.9153
v -0.181195 0.313964 0.509274 0.9725 0.9611 0.9153
v -0.153978 0.299684 0.497078 0.9725 0.9611 0.9153
v -0.061357 0.317042 0.523565 0.9725 0.9611 0.9153
v -0.084857 0.346327 0.617792 0.9725 0.9611 0.9153
v -0.111224 0.333075 0.607966 0.9725 0.9611 0.9153
v -0.139200 0.304718 0.470743 0.9725 0.9611 0.9153
v -0.123240 0.302042 0.473718 0.9725 0.9611 0.9153
v -0.056908 0.325426 0.558321 0.9725 0.9611 0.9153
v 0.484548 0.470572 -0.096482 0.9725 0.9611 0.9153
v 0.476635 0.492737 -0.105221 0.9725 0.9611 0.9153
v 0.511663 0.492274 -0.075781 0.9725 0.9611 0.9153
v 0.504191 0.466247 -0.078066 0.9725 0.9611 0.9153
v 0.496627 0.447595 -0.086415 0.9725 0.9611 0.9153
v 0.493408 0.442134 -0.090658 0.9725 0.9611 0.9153
v 0.471664 0.516110 -0.117850 0.9725 0.9611 0.9153
v 0.518087 0.517399 -0.081736 0.9725 0.9611 0.9153
v 0.477062 0.483482 -0.100861 0.9725 0.9611 0.9153
v 0.499265 0.460496 -0.080736 0.9725 0.9611 0.9153
v 0.496075 0.486332 -0.071877 0.9725 0.9611 0.9153
v 0.464467 0.500595 -0.105292 0.9725 0.9611 0.9153
v 0.468207 0.500511 -0.109572 0.9725 0.9611 0.9153
v 0.448069 0.528428 -0.126959 0.9725 0.9611 0.9153
v 0.443802 0.529110 -0.122886 0.9725 0.9611 0.9153
v 0.446974 0.524549 -0.104554 0.9725 0.9611 0.9153
v 0.450923 0.538343 -0.136179 0.9725 0.9611 0.9153
v 0.439572 0.542779 -0.133041 0.9725 0.9611 0.9153
v 0.421763 0.554318 -0.107289 0.9725 0.9611 0.9153
v 0.481993 0.518196 -0.061254 0.9725 0.9611 0.9153
v 0.430629 0.543620 -0.098217 0.9725 0.9611 0.9153
v 0.429251 0.558028 -0.128143 0.9725 0.9611 0.9153
v 0.443089 0.560620 -0.142264 0.9725 0.9611 0.9153
v 0.417414 0.565787 -0.107619 0.9725 0.9611 0.9153
v 0.460893 0.551706 -0.143904 0.9725 0.9611 0.9153
v 0.450843 0.556845 -0.145323 0.9725 0.9611 0.9153
v 0.449984 0.585556 -0.144881 0.9725 0.9611 0.9153
v 0.433474 0.577385 -0.133779 0.9725 0.9611 0.9153
v 0.420263 0.578361 -0.114012 0.9725 0.9611 0.9153
v 0.458443 0.575303 -0.150100 0.9725 0.9611 0.9153
v 0.476714 0.579166 -0.154317 0.9725 0.9611 0.9153
v 0.439986 0.590087 -0.136933 0.9725 0.9611 0.9153
v 0.431375 0.597059 -0.124455 0.9725 0.9611 0.9153
v 0.442239 0.603441 -0.132110 0.9725 0.9611 0.9153
v 0.454420 0.599309 -0.140071 0.9725 0.9611 0.9153
v 0.470647 0.592902 -0.143925 0.9725 0.9611 0.9153
v 0.475654 0.586824 -0.149421 0.9725 0.9611 0.9153
v 0.464940 0.604399 -0.134936 0.9725 0.9611 0.9153
v 0.451108 0.617489 -0.122159 0.9725 0.9611 0.9153
v 0.438795 0.612043 -0.119138 0.9725 0.9611 0.9153
v 0.488399 0.592635 -0.135567 0.9725 0.9611 0.9153
v 0.519306 0.600329 -0.092293 0.9725 0.9611 0.9153
v 0.542599 0.579947 -0.107662 0.9725 0.9611 0.9153
v 0.497716 0.583093 -0.153215 0.9725 0.9611 0.9153
v 0.488350 0.583260 -0.154539 0.9725 0.9611 0.9153
v 0.464232 0.623859 -0.113535 0.9725 0.9611 0.9153
v 0.506764 0.629119 -0.072810 0.9725 0.9611 0.9153
v 0.468353 0.645737 -0.090338 0.9725 0.9611 0.9153
v 0.501664 0.651078 -0.061188 0.9725 0.9611 0.9153
v 0.523957 0.608418 -0.074936 0.9725 0.9611 0.9153
v 0.515838 0.628806 -0.058400 0.9725 0.9611 0.9153
v 0.537589 0.592045 -0.081090 0.9725 0.9611 0.9153
v 0.533417 0.605687 -0.039923 0.9725 0.9611 0.9153
v 0.538704 0.599264 -0.050506 0.9725 0.9611 0.9153
v 0.548768 0.578438 -0.070870 0.9725 0.9611 0.9153
v 0.547423 0.578128 -0.057776 0.9725 0.9611 0.9153
v 0.539168 0.590192 -0.041293 0.9725 0.9611 0.9153
v 0.549966 0.567141 -0.071227 0.9725 0.9611 0.9153
v 0.546964 0.564407 -0.055057 0.9725 0.9611 0.9153
v 0.527812 0.579898 -0.027597 0.9725 0.9611 0.9153
v 0.542922 0.546302 -0.053202 0.9725 0.9611 0.9153
v 0.534793 0.559586 -0.036174 0.9725 0.9611 0.9153
v 0.535473 0.535993 -0.043197 0.9725 0.9611 0.9153
v 0.544983 0.551512 -0.069834 0.9725 0.9611 0.9153
v 0.538226 0.555220 -0.091594 0.9725 0.9611 0.9153
v 0.524502 0.555751 -0.026181 0.9725 0.9611 0.9153
v 0.525137 0.521292 -0.042141 0.9725 0.9611 0.9153
v 0.531171 0.521066 -0.050673 0.9725 0.9611 0.9153
v 0.533288 0.524416 -0.058001 0.9725 0.9611 0.9153
v 0.532688 0.539330 -0.080365 0.9725 0.9611 0.9153
v 0.521523 0.550330 -0.103309 0.9725 0.9611 0.9153
v 0.520910 0.533619 -0.032335 0.9725 0.9611 0.9153
v 0.521892 0.509950 -0.069796 0.9725 0.9611 0.9153
v 0.512657 0.489141 -0.065940 0.9725 0.9611 0.9153
v 0.465255 0.537504 -0.134209 0.9725 0.9611 0.9153
v 0.512865 0.497928 -0.058032 0.9725 0.9611 0.9153
v 0.506406 0.494965 -0.061177 0.9725 0.9611 0.9153
v 0.495722 0.507037 -0.058250 0.9725 0.9611 0.9153
v 0.501826 0.474231 -0.073721 0.9725 0.9611 0.9153
v 0.489699 0.527303 -0.043198 0.9725 0.9611 0.9153
v 0.502732 0.533159 -0.031297 0.9725 0.9611 0.9153
v 0.479187 0.542318 -0.030573 0.9725 0.9611 0.9153
v 0.424089 0.558020 -0.078370 0.9725 0.9611 0.9153
v 0.479748 0.547571 -0.022358 0.9725 0.9611 0.9153
v 0.461362 0.553092 -0.023698 0.9725 0.9611 0.9153
v 0.420114 0.563286 -0.062890 0.9725 0.9611 0.9153
v 0.488652 0.551946 -0.015617 0.9725 0.9611 0.9153
v 0.501745 0.552310 -0.016076 0.9725 0.9611 0.9153
v 0.475588 0.558487 -0.009361 0.9725 0.9611 0.9153
v 0.514141 0.572352 -0.017696 0.9725 0.9611 0.9153
v 0.507022 0.558936 -0.015406 0.9725 0.9611 0.9153
v 0.485105 0.563301 -0.009461 0.9725 0.9611 0.9153
v 0.506838 0.579828 -0.016539 0.9725 0.9611 0.9153
v 0.493248 0.575280 -0.013701 0.9725 0.9611 0.9153
v 0.480717 0.568074 -0.010562 0.9725 0.9611 0.9153
v 0.471344 0.569795 -0.013642 0.9725 0.9611 0.9153
v 0.477127 0.578896 -0.019882 0.9725 0.9611 0.9153
v 0.492675 0.593274 -0.024468 0.9725 0.9611 0.9153
v 0.481196 0.607646 -0.042288 0.9725 0.9611 0.9153
v 0.457755 0.564861 -0.010744 0.9725 0.9611 0.9153
v 0.421990 0.585785 -0.085881 0.9725 0.9611 0.9153
v 0.417763 0.570492 -0.066807 0.9725 0.9611 0.9153
v 0.441005 0.608328 -0.087233 0.9725 0.9611 0.9153
v 0.503377 0.597144 -0.024332 0.9725 0.9611 0.9153
v 0.499225 0.645779 -0.046008 0.9725 0.9611 0.9153
v 0.470185 0.649077 -0.077728 0.9725 0.9611 0.9153
v 0.456001 0.629538 -0.086031 0.9725 0.9611 0.9153
v 0.493942 0.614190 -0.036069 0.9725 0.9611 0.9153
v 0.517965 0.609854 -0.028761 0.9725 0.9611 0.9153
v 0.528601 0.598347 -0.030588 0.9725 0.9611 0.9153
v 0.506766 0.644989 -0.044590 0.9725 0.9611 0.9153
v 0.524436 0.614640 -0.034497 0.9725 0.9611 0.9153
v 0.511029 0.641996 -0.049718 0.9725 0.9611 0.9153
v 0.511170 0.641130 -0.045714 0.9725 0.9611 0.9153
v 0.496865 0.669677 -0.052538 0.9725 0.9611 0.9153
v 0.498372 0.668447 -0.054997 0.9725 0.9611 0.9153
v 0.494867 0.679614 -0.055079 0.9725 0.9611 0.9153
v 0.489199 0.697530 -0.057776 0.9725 0.9611 0.9153
v 0.480217 0.666731 -0.069929 0.9725 0.9611 0.9153
v 0.495992 0.676424 -0.053519 0.9725 0.9611 0.9153
v 0.470965 0.652506 -0.082024 0.9725 0.9611 0.9153
v 0.463141 0.640855 -0.096772 0.9725 0.9611 0.9153
v 0.441845 0.617774 -0.111302 0.9725 0.9611 0.9153
v 0.432739 0.605972 -0.105786 0.9725 0.9611 0.9153
v 0.420305 0.587279 -0.107367 0.9725 0.9611 0.9153
v 0.426123 0.593846 -0.089811 0.9725 0.9611 0.9153
v 0.417377 0.583257 -0.098871 0.9725 0.9611 0.9153
v 0.417012 0.566788 -0.076414 0.9725 0.9611 0.9153
v 0.417595 0.563679 -0.047127 0.9725 0.9611 0.9153
v 0.446397 0.558832 -0.012772 0.9725 0.9611 0.9153
v 0.418070 0.565440 -0.057635 0.9725 0.9611 0.9153
v 0.417485 0.567273 -0.059751 0.9725 0.9611 0.9153
v 0.417717 0.565482 -0.044576 0.9725 0.9611 0.9153
v 0.436484 0.561613 -0.014711 0.9725 0.9611 0.9153
v 0.415795 0.563639 -0.039512 0.9725 0.9611 0.9153
v 0.427234 0.561709 -0.022986 0.9725 0.9611 0.9153
v 0.431864 0.561245 -0.017890 0.9725 0.9611 0.9153
v 0.464379 0.556566 -0.011239 0.9725 0.9611 0.9153
v 0.456931 0.557953 -0.008535 0.9725 0.9611 0.9153
v 0.452135 0.559597 -0.009495 0.9725 0.9611 0.9153
v 0.446864 0.560810 -0.010451 0.9725 0.9611 0.9153
v 0.438213 0.559502 -0.015006 0.9725 0.9611 0.9153
v 0.441956 0.560545 -0.011380 0.9725 0.9611 0.9153
v 0.461818 0.562580 -0.007238 0.9725 0.9611 0.9153
v 0.473456 0.554009 -0.013102 0.9725 0.9611 0.9153
v 0.501822 0.460031 -0.080294 0.9725 0.9611 0.9153
v 0.483851 0.558487 -0.139481 0.9725 0.9611 0.9153
v 0.542830 0.564462 -0.098321 0.9725 0.9611 0.9153
v 0.537752 0.571126 -0.119309 0.9725 0.9611 0.9153
v 0.489411 0.576085 -0.156020 0.9725 0.9611 0.9153
v 0.470345 0.564775 -0.149849 0.9725 0.9611 0.9153
v 0.509635 0.579265 -0.157958 0.9725 0.9611 0.9153
v 0.496340 0.580011 -0.159170 0.9725 0.9611 0.9153
v 0.484472 0.576443 -0.155876 0.9725 0.9611 0.9153
v 0.491286 0.580398 -0.157463 0.9725 0.9611 0.9153
v 0.516875 0.580774 -0.158005 0.9725 0.9611 0.9153
v 0.542243 0.578592 -0.127843 0.9725 0.9611 0.9153
v 0.502887 0.581382 -0.158993 0.9725 0.9611 0.9153
v 0.533022 0.579051 -0.146648 0.9725 0.9611 0.9153
v 0.536501 0.579356 -0.143942 0.9725 0.9611 0.9153
v 0.541357 0.578830 -0.136716 0.9725 0.9611 0.9153
v 0.544139 0.577800 -0.130699 0.9725 0.9611 0.9153
v 0.543083 0.575965 -0.125727 0.9725 0.9611 0.9153
v 0.545211 0.578128 -0.120028 0.9725 0.9611 0.9153
v 0.545659 0.574706 -0.117618 0.9725 0.9611 0.9153
v 0.542455 0.569630 -0.107711 0.9725 0.9611 0.9153
v 0.546252 0.575784 -0.101320 0.9725 0.9611 0.9153
v 0.547618 0.570446 -0.094329 0.9725 0.9611 0.9153
v 0.544379 0.579653 -0.100269 0.9725 0.9611 0.9153
v -0.016351 0.714471 -0.020478 0.9725 0.9611 0.9153
v -0.213875 0.903728 0.121386 0.9725 0.9611 0.9153
v -0.200313 0.938881 0.089468 0.9725 0.9611 0.9153
v -0.108706 0.824356 0.268175 0.9725 0.9611 0.9153
v -0.069986 0.796730 0.331320 0.9725 0.9611 0.9153
v -0.025171 0.733799 -0.016269 0.9725 0.9611 0.9153
v -0.149438 0.869568 0.021000 0.9725 0.9611 0.9153
v -0.222022 0.921212 0.100687 0.9725 0.9611 0.9153
v -0.364785 0.925522 0.160527 0.9725 0.9611 0.9153
v -0.313458 0.937970 0.140510 0.9725 0.9611 0.9153
v -0.329744 0.937094 0.128275 0.9725 0.9611 0.9153
v -0.389550 0.892656 0.332622 0.9725 0.9611 0.9153
v -0.081894 0.815526 0.312937 0.9725 0.9611 0.9153
v -0.227871 0.856514 0.261426 0.9725 0.9611 0.9153
v -0.390451 0.874653 0.338840 0.9725 0.9611 0.9153
v -0.003147 0.662941 0.231027 0.9725 0.9611 0.9153
v 0.018523 0.669307 0.247541 0.9725 0.9611 0.9153
v 0.023312 0.692939 0.230860 0.9725 0.9611 0.9153
v -0.463193 0.927018 0.195209 0.9725 0.9611 0.9153
v -0.478389 0.930718 0.233363 0.9725 0.9611 0.9153
v 0.172617 0.719585 0.075600 0.9725 0.9611 0.9153
v 0.174634 0.694158 0.125134 0.9725 0.9611 0.9153
v -0.040862 0.722766 0.157537 0.9725 0.9611 0.9153
v -0.125276 0.821332 0.062584 0.9725 0.9611 0.9153
v -0.057146 0.675576 0.194333 0.9725 0.9611 0.9153
v -0.119261 0.804169 0.002933 0.9725 0.9611 0.9153
v -0.144437 0.870470 0.031142 0.9725 0.9611 0.9153
v -0.161243 0.896201 0.034048 0.9725 0.9611 0.9153
v -0.208385 0.939891 0.074627 0.9725 0.9611 0.9153
v -0.153412 0.892088 0.039865 0.9725 0.9611 0.9153
v -0.028456 0.713375 -0.007320 0.9725 0.9611 0.9153
v -0.223388 0.932723 0.074037 0.9725 0.9611 0.9153
v -0.169740 0.901978 0.040096 0.9725 0.9611 0.9153
v -0.332516 0.925683 0.127130 0.9725 0.9611 0.9153
v -0.288489 0.938391 0.095781 0.9725 0.9611 0.9153
v -0.331998 0.911419 0.149283 0.9725 0.9611 0.9153
v -0.264606 0.924246 0.113402 0.9725 0.9611 0.9153
v -0.367459 0.890541 0.191245 0.9725 0.9611 0.9153
v -0.286823 0.945468 0.104539 0.9725 0.9611 0.9153
v -0.261499 0.945645 0.118361 0.9725 0.9611 0.9153
v -0.258363 0.948407 0.103662 0.9725 0.9611 0.9153
v -0.339692 0.931614 0.128030 0.9725 0.9611 0.9153
v -0.282659 0.942785 0.094583 0.9725 0.9611 0.9153
v -0.374530 0.922754 0.160468 0.9725 0.9611 0.9153
v -0.359641 0.882773 0.291677 0.9725 0.9611 0.9153
v -0.236006 0.857150 0.282816 0.9725 0.9611 0.9153
v -0.330142 0.876460 0.281927 0.9725 0.9611 0.9153
v -0.076972 0.808327 0.327882 0.9725 0.9611 0.9153
v -0.096888 0.823805 0.291336 0.9725 0.9611 0.9153
v -0.393449 0.884694 0.351943 0.9725 0.9611 0.9153
v -0.202297 0.825120 0.329352 0.9725 0.9611 0.9153
v -0.194161 0.832365 0.347756 0.9725 0.9611 0.9153
v -0.083131 0.799819 0.337628 0.9725 0.9611 0.9153
v 0.038258 0.667781 0.245493 0.9725 0.9611 0.9153
v -0.018545 0.735909 0.296933 0.9725 0.9611 0.9153
v 0.140583 0.625059 0.161907 0.9725 0.9611 0.9153
v -0.019415 0.755131 0.282675 0.9725 0.9611 0.9153
v -0.056600 0.778492 0.245426 0.9725 0.9611 0.9153
v -0.027690 0.758002 0.262031 0.9725 0.9611 0.9153
v 0.037453 0.679818 0.239545 0.9725 0.9611 0.9153
v -0.013641 0.747050 0.291370 0.9725 0.9611 0.9153
v 0.100356 0.649025 0.157073 0.9725 0.9611 0.9153
v -0.431049 0.925085 0.194836 0.9725 0.9611 0.9153
v -0.489461 0.932297 0.229098 0.9725 0.9611 0.9153
v -0.485193 0.932954 0.225809 0.9725 0.9611 0.9153
v -0.454043 0.916030 0.200342 0.9725 0.9611 0.9153
v -0.462051 0.915433 0.333728 0.9725 0.9611 0.9153
v -0.448360 0.919133 0.306541 0.9725 0.9611 0.9153
v -0.375763 0.897953 0.250524 0.9725 0.9611 0.9153
v 0.171124 0.649915 0.150394 0.9725 0.9611 0.9153
v 0.185136 0.682988 0.131091 0.9725 0.9611 0.9153
v 0.165335 0.656075 0.150848 0.9725 0.9611 0.9153
v 0.186534 0.708715 0.080636 0.9725 0.9611 0.9153
v 0.178302 0.708888 0.105302 0.9725 0.9611 0.9153
v 0.142644 0.627671 0.146274 0.9725 0.9611 0.9153
v 0.175717 0.652537 0.139206 0.9725 0.9611 0.9153
v 0.166440 0.642222 0.149269 0.9725 0.9611 0.9153
v 0.125725 0.633000 0.129829 0.9725 0.9611 0.9153
v 0.115183 0.665618 0.095156 0.9725 0.9611 0.9153
v 0.099012 0.680512 0.067274 0.9725 0.9611 0.9153
v 0.067030 0.706216 -0.006375 0.9725 0.9611 0.9153
v 0.056927 0.698156 0.001764 0.9725 0.9611 0.9153
v 0.149230 0.726098 0.057155 0.9725 0.9611 0.9153
v 0.068090 0.720734 0.029673 0.9725 0.9611 0.9153
v 0.058942 0.712142 0.055532 0.9725 0.9611 0.9153
v 0.164008 0.720874 0.055497 0.9725 0.9611 0.9153
v 0.027428 0.722779 0.004414 0.9725 0.9611 0.9153
v -0.339265 0.897265 0.232957 0.9725 0.9611 0.9153
v -0.186031 0.851426 0.200843 0.9725 0.9611 0.9153
v -0.150304 0.839663 0.145549 0.9725 0.9611 0.9153
v -0.083635 0.785406 0.213039 0.9725 0.9611 0.9153
v 0.025878 0.684294 0.131202 0.9725 0.9611 0.9153
v 0.044290 0.667924 0.161284 0.9725 0.9611 0.9153
v -0.002098 0.716029 0.070458 0.9725 0.9611 0.9153
v -0.057055 0.736108 0.132578 0.9725 0.9611 0.9153
v -0.118929 0.792794 0.106330 0.9725 0.9611 0.9153
v -0.161390 0.886470 0.113892 0.9725 0.9611 0.9153
v -0.150768 0.893662 0.068117 0.9725 0.9611 0.9153
v -0.320021 0.910379 0.196540 0.9725 0.9611 0.9153
v -0.354113 0.876501 0.204941 0.9725 0.9611 0.9153
v -0.241130 0.892239 0.151193 0.9725 0.9611 0.9153
v -0.272195 0.908048 0.141092 0.9725 0.9611 0.9153
v -0.247861 0.848486 0.201408 0.9725 0.9611 0.9153
v -0.369050 0.867701 0.224012 0.9725 0.9611 0.9153
v -0.117273 0.750649 0.070296 0.9725 0.9611 0.9153
v -0.064871 0.696394 0.103219 0.9725 0.9611 0.9153
v -0.162129 0.776895 0.180767 0.9725 0.9611 0.9153
v -0.183238 0.787465 0.214869 0.9725 0.9611 0.9153
v -0.135557 0.748151 0.190291 0.9725 0.9611 0.9153
v 0.029117 0.620067 0.151953 0.9725 0.9611 0.9153
v -0.153286 0.780068 0.254078 0.9725 0.9611 0.9153
v -0.184417 0.789117 0.243702 0.9725 0.9611 0.9153
v -0.094278 0.779334 0.002369 0.9725 0.9611 0.9153
v -0.046600 0.749357 -0.006665 0.9725 0.9611 0.9153
v -0.103368 0.781151 -0.008094 0.9725 0.9611 0.9153
v -0.132480 0.823919 0.005524 0.9725 0.9611 0.9153
v -0.127500 0.823901 0.017371 0.9725 0.9611 0.9153
v -0.130430 0.802309 -0.008477 0.9725 0.9611 0.9153
v -0.101621 0.771344 -0.017562 0.9725 0.9611 0.9153
v -0.028414 0.727747 -0.023493 0.9725 0.9611 0.9153
v -0.055211 0.734752 -0.021384 0.9725 0.9611 0.9153
v -0.099224 0.764198 -0.019546 0.9725 0.9611 0.9153
v -0.140415 0.826773 0.000455 0.9725 0.9611 0.9153
v -0.149823 0.859863 0.014936 0.9725 0.9611 0.9153
v -0.169609 0.907129 0.041047 0.9725 0.9611 0.9153
v -0.188365 0.920640 0.057235 0.9725 0.9611 0.9153
v -0.209003 0.935535 0.067789 0.9725 0.9611 0.9153
v -0.173836 0.918597 0.053492 0.9725 0.9611 0.9153
v -0.165594 0.914865 0.067236 0.9725 0.9611 0.9153
v -0.121955 0.781837 -0.012409 0.9725 0.9611 0.9153
v -0.074401 0.740849 -0.011956 0.9725 0.9611 0.9153
v -0.103834 0.754799 0.013374 0.9725 0.9611 0.9153
v -0.127284 0.785263 0.009678 0.9725 0.9611 0.9153
v -0.152078 0.860928 0.019750 0.9725 0.9611 0.9153
v -0.056920 0.722116 0.018371 0.9725 0.9611 0.9153
v -0.115402 0.762030 0.035826 0.9725 0.9611 0.9153
v -0.132716 0.793216 0.041110 0.9725 0.9611 0.9153
v -0.099437 0.745622 0.036885 0.9725 0.9611 0.9153
v -0.111332 0.750311 0.053964 0.9725 0.9611 0.9153
v -0.139254 0.813879 0.041378 0.9725 0.9611 0.9153
v -0.149209 0.849730 0.067468 0.9725 0.9611 0.9153
v -0.158130 0.876702 0.070425 0.9725 0.9611 0.9153
v -0.170267 0.884310 0.096742 0.9725 0.9611 0.9153
v -0.185477 0.908497 0.086670 0.9725 0.9611 0.9153
v -0.156603 0.876830 0.060956 0.9725 0.9611 0.9153
v -0.160201 0.884624 0.030939 0.9725 0.9611 0.9153
v -0.170881 0.898783 0.072622 0.9725 0.9611 0.9153
v -0.297266 0.933137 0.103910 0.9725 0.9611 0.9153
v -0.248767 0.935574 0.083212 0.9725 0.9611 0.9153
v -0.334294 0.928615 0.124197 0.9725 0.9611 0.9153
v -0.364750 0.921246 0.153139 0.9725 0.9611 0.9153
v -0.369630 0.913590 0.163118 0.9725 0.9611 0.9153
v -0.238226 0.947824 0.092098 0.9725 0.9611 0.9153
v -0.292212 0.944795 0.117937 0.9725 0.9611 0.9153
v -0.246729 0.941159 0.079504 0.9725 0.9611 0.9153
v -0.315661 0.938115 0.112072 0.9725 0.9611 0.9153
v -0.331758 0.935752 0.139652 0.9725 0.9611 0.9153
v -0.366416 0.924329 0.155613 0.9725 0.9611 0.9153
v -0.389103 0.893021 0.293711 0.9725 0.9611 0.9153
v -0.320195 0.871715 0.316916 0.9725 0.9611 0.9153
v -0.359348 0.881222 0.333825 0.9725 0.9611 0.9153
v -0.365718 0.879371 0.348246 0.9725 0.9611 0.9153
v -0.327334 0.870947 0.342177 0.9725 0.9611 0.9153
v -0.217659 0.854541 0.351623 0.9725 0.9611 0.9153
v -0.284276 0.863216 0.345301 0.9725 0.9611 0.9153
v -0.192277 0.853964 0.334842 0.9725 0.9611 0.9153
v -0.278223 0.864632 0.324668 0.9725 0.9611 0.9153
v -0.158912 0.845653 0.347165 0.9725 0.9611 0.9153
v -0.161981 0.848566 0.325855 0.9725 0.9611 0.9153
v -0.122977 0.830954 0.347648 0.9725 0.9611 0.9153
v -0.174693 0.847267 0.354001 0.9725 0.9611 0.9153
v -0.099551 0.816287 0.343819 0.9725 0.9611 0.9153
v -0.099252 0.822595 0.334601 0.9725 0.9611 0.9153
v -0.114899 0.833307 0.326219 0.9725 0.9611 0.9153
v -0.186772 0.852360 0.306559 0.9725 0.9611 0.9153
v -0.133977 0.837043 0.281434 0.9725 0.9611 0.9153
v -0.125540 0.837433 0.308940 0.9725 0.9611 0.9153
v -0.302092 0.861449 0.351416 0.9725 0.9611 0.9153
v -0.326369 0.858572 0.345013 0.9725 0.9611 0.9153
v -0.216688 0.849148 0.358794 0.9725 0.9611 0.9153
v -0.358935 0.860504 0.330818 0.9725 0.9611 0.9153
v -0.348517 0.849227 0.305599 0.9725 0.9611 0.9153
v -0.263055 0.826359 0.299848 0.9725 0.9611 0.9153
v -0.304016 0.848267 0.334294 0.9725 0.9611 0.9153
v -0.185328 0.811165 0.306355 0.9725 0.9611 0.9153
v -0.113384 0.791127 0.313368 0.9725 0.9611 0.9153
v -0.181663 0.837667 0.358567 0.9725 0.9611 0.9153
v -0.133191 0.828041 0.355332 0.9725 0.9611 0.9153
v -0.173887 0.842166 0.359434 0.9725 0.9611 0.9153
v -0.151640 0.826452 0.354581 0.9725 0.9611 0.9153
v -0.096869 0.797470 0.334410 0.9725 0.9611 0.9153
v -0.124477 0.819796 0.351884 0.9725 0.9611 0.9153
v -0.033314 0.759682 0.310341 0.9725 0.9611 0.9153
v -0.048937 0.758342 0.309302 0.9725 0.9611 0.9153
v 0.005666 0.696821 0.270098 0.9725 0.9611 0.9153
v 0.004983 0.714089 0.280165 0.9725 0.9611 0.9153
v -0.064733 0.755315 0.296229 0.9725 0.9611 0.9153
v -0.025428 0.660860 0.210190 0.9725 0.9611 0.9153
v -0.007612 0.694981 0.263992 0.9725 0.9611 0.9153
v 0.069711 0.613479 0.185359 0.9725 0.9611 0.9153
v 0.047661 0.640280 0.221580 0.9725 0.9611 0.9153
v 0.030997 0.631170 0.205693 0.9725 0.9611 0.9153
v 0.051278 0.620068 0.194749 0.9725 0.9611 0.9153
v 0.021407 0.640443 0.215610 0.9725 0.9611 0.9153
v 0.048730 0.612224 0.172036 0.9725 0.9611 0.9153
v 0.086539 0.607592 0.168880 0.9725 0.9611 0.9153
v 0.090042 0.625533 0.193843 0.9725 0.9611 0.9153
v 0.084006 0.620159 0.193812 0.9725 0.9611 0.9153
v 0.117985 0.613153 0.164698 0.9725 0.9611 0.9153
v 0.097611 0.611533 0.176750 0.9725 0.9611 0.9153
v 0.112656 0.618571 0.176345 0.9725 0.9611 0.9153
v -0.081355 0.808020 0.266854 0.9725 0.9611 0.9153
v -0.061160 0.797331 0.284244 0.9725 0.9611 0.9153
v -0.051286 0.789775 0.305491 0.9725 0.9611 0.9153
v -0.008760 0.737806 0.291401 0.9725 0.9611 0.9153
v -0.044641 0.779094 0.314505 0.9725 0.9611 0.9153
v 0.048080 0.664795 0.235365 0.9725 0.9611 0.9153
v 0.078703 0.644228 0.184837 0.9725 0.9611 0.9153
v 0.096413 0.628894 0.187827 0.9725 0.9611 0.9153
v 0.069849 0.644067 0.213411 0.9725 0.9611 0.9153
v 0.135106 0.630413 0.165339 0.9725 0.9611 0.9153
v 0.112683 0.627501 0.175550 0.9725 0.9611 0.9153
v 0.126713 0.638416 0.163128 0.9725 0.9611 0.9153
v 0.109099 0.637069 0.169022 0.9725 0.9611 0.9153
v 0.009490 0.689946 0.192172 0.9725 0.9611 0.9153
v 0.060215 0.656010 0.208454 0.9725 0.9611 0.9153
v 0.129566 0.646600 0.156720 0.9725 0.9611 0.9153
v -0.369855 0.923087 0.173738 0.9725 0.9611 0.9153
v -0.375985 0.917309 0.193566 0.9725 0.9611 0.9153
v -0.389046 0.921760 0.167282 0.9725 0.9611 0.9153
v -0.451008 0.927947 0.189150 0.9725 0.9611 0.9153
v -0.438565 0.925292 0.182291 0.9725 0.9611 0.9153
v -0.400937 0.924895 0.176751 0.9725 0.9611 0.9153
v -0.480031 0.929797 0.210913 0.9725 0.9611 0.9153
v -0.492460 0.938879 0.270347 0.9725 0.9611 0.9153
v -0.492694 0.936808 0.251122 0.9725 0.9611 0.9153
v -0.460106 0.927323 0.212056 0.9725 0.9611 0.9153
v -0.416733 0.915849 0.219920 0.9725 0.9611 0.9153
v -0.382678 0.917846 0.166622 0.9725 0.9611 0.9153
v -0.388880 0.909289 0.177845 0.9725 0.9611 0.9153
v -0.437044 0.913258 0.194046 0.9725 0.9611 0.9153
v -0.438606 0.920965 0.184888 0.9725 0.9611 0.9153
v -0.404389 0.885408 0.219405 0.9725 0.9611 0.9153
v -0.472111 0.924166 0.205661 0.9725 0.9611 0.9153
v -0.490078 0.928678 0.255161 0.9725 0.9611 0.9153
v -0.483925 0.933005 0.311403 0.9725 0.9611 0.9153
v -0.490216 0.933397 0.285114 0.9725 0.9611 0.9153
v -0.475586 0.918398 0.301238 0.9725 0.9611 0.9153
v -0.473938 0.929026 0.328175 0.9725 0.9611 0.9153
v -0.450283 0.896489 0.303259 0.9725 0.9611 0.9153
v -0.465839 0.903807 0.263604 0.9725 0.9611 0.9153
v -0.405580 0.865972 0.273899 0.9725 0.9611 0.9153
v -0.398621 0.864535 0.296133 0.9725 0.9611 0.9153
v -0.438226 0.884487 0.280768 0.9725 0.9611 0.9153
v -0.412639 0.878677 0.321588 0.9725 0.9611 0.9153
v -0.445229 0.901549 0.333056 0.9725 0.9611 0.9153
v -0.442594 0.907953 0.347118 0.9725 0.9611 0.9153
v -0.429309 0.903044 0.351178 0.9725 0.9611 0.9153
v -0.457216 0.918554 0.342295 0.9725 0.9611 0.9153
v -0.412929 0.887969 0.344588 0.9725 0.9611 0.9153
v -0.415032 0.898451 0.352431 0.9725 0.9611 0.9153
v -0.408623 0.905157 0.254762 0.9725 0.9611 0.9153
v -0.421982 0.907256 0.265413 0.9725 0.9611 0.9153
v -0.487553 0.937324 0.298916 0.9725 0.9611 0.9153
v -0.486983 0.938425 0.290089 0.9725 0.9611 0.9153
v -0.470892 0.929893 0.325256 0.9725 0.9611 0.9153
v -0.445490 0.915053 0.344780 0.9725 0.9611 0.9153
v 0.164466 0.672935 0.141944 0.9725 0.9611 0.9153
v 0.154846 0.684765 0.132117 0.9725 0.9611 0.9153
v 0.098074 0.668149 0.134479 0.9725 0.9611 0.9153
v 0.128277 0.662755 0.143354 0.9725 0.9611 0.9153
v 0.190043 0.671297 0.133988 0.9725 0.9611 0.9153
v 0.178045 0.667703 0.142950 0.9725 0.9611 0.9153
v 0.191271 0.699404 0.108377 0.9725 0.9611 0.9153
v 0.188201 0.694700 0.119050 0.9725 0.9611 0.9153
v 0.197637 0.687923 0.107959 0.9725 0.9611 0.9153
v 0.196116 0.680654 0.120865 0.9725 0.9611 0.9153
v 0.194916 0.697579 0.094284 0.9725 0.9611 0.9153
v 0.183052 0.712110 0.092843 0.9725 0.9611 0.9153
v 0.156728 0.703012 0.114689 0.9725 0.9611 0.9153
v 0.090593 0.685685 0.112268 0.9725 0.9611 0.9153
v 0.158673 0.722639 0.076910 0.9725 0.9611 0.9153
v 0.143706 0.714424 0.093026 0.9725 0.9611 0.9153
v 0.161714 0.717886 0.091846 0.9725 0.9611 0.9153
v 0.100113 0.704519 0.087507 0.9725 0.9611 0.9153
v 0.147568 0.627860 0.155776 0.9725 0.9611 0.9153
v 0.184970 0.660314 0.138114 0.9725 0.9611 0.9153
v 0.127029 0.616346 0.155100 0.9725 0.9611 0.9153
v 0.067278 0.608218 0.159419 0.9725 0.9611 0.9153
v 0.074604 0.612248 0.143117 0.9725 0.9611 0.9153
v 0.116981 0.617704 0.143103 0.9725 0.9611 0.9153
v 0.164507 0.651939 0.133020 0.9725 0.9611 0.9153
v 0.081873 0.622505 0.129221 0.9725 0.9611 0.9153
v 0.105815 0.622023 0.133133 0.9725 0.9611 0.9153
v 0.061893 0.650654 0.098510 0.9725 0.9611 0.9153
v 0.088748 0.653374 0.098828 0.9725 0.9611 0.9153
v 0.155326 0.677296 0.102616 0.9725 0.9611 0.9153
v 0.195706 0.686442 0.101426 0.9725 0.9611 0.9153
v 0.193459 0.673186 0.121950 0.9725 0.9611 0.9153
v 0.164146 0.685657 0.094505 0.9725 0.9611 0.9153
v 0.188467 0.672401 0.118431 0.9725 0.9611 0.9153
v 0.187294 0.693468 0.084042 0.9725 0.9611 0.9153
v 0.187226 0.701027 0.076316 0.9725 0.9611 0.9153
v 0.160892 0.707039 0.049364 0.9725 0.9611 0.9153
v 0.152438 0.691326 0.081242 0.9725 0.9611 0.9153
v 0.130081 0.696650 0.056616 0.9725 0.9611 0.9153
v 0.140412 0.706775 0.037643 0.9725 0.9611 0.9153
v 0.023629 0.668608 0.068758 0.9725 0.9611 0.9153
v 0.065978 0.670770 0.069485 0.9725 0.9611 0.9153
v 0.020262 0.690086 0.020308 0.9725 0.9611 0.9153
v -0.005435 0.699822 0.008452 0.9725 0.9611 0.9153
v 0.096056 0.705450 0.008951 0.9725 0.9611 0.9153
v 0.043751 0.687969 0.025579 0.9725 0.9611 0.9153
v 0.010566 0.704533 -0.015411 0.9725 0.9611 0.9153
v 0.131981 0.723776 0.064434 0.9725 0.9611 0.9153
v 0.124132 0.725873 0.033180 0.9725 0.9611 0.9153
v 0.125036 0.726025 0.047715 0.9725 0.9611 0.9153
v 0.178112 0.712298 0.065399 0.9725 0.9611 0.9153
v 0.163445 0.713341 0.047955 0.9725 0.9611 0.9153
v 0.141287 0.716099 0.029567 0.9725 0.9611 0.9153
v 0.120402 0.722807 0.022418 0.9725 0.9611 0.9153
v 0.148696 0.722636 0.041051 0.9725 0.9611 0.9153
v 0.057887 0.715609 -0.006393 0.9725 0.9611 0.9153
v 0.100443 0.718710 0.008734 0.9725 0.9611 0.9153
v 0.090604 0.712601 0.001330 0.9725 0.9611 0.9153
v 0.025380 0.710987 -0.019029 0.9725 0.9611 0.9153
v 0.017597 0.718568 -0.015364 0.9725 0.9611 0.9153
v 0.047606 0.721078 0.019980 0.9725 0.9611 0.9153
v 0.006668 0.727504 0.012200 0.9725 0.9611 0.9153
v 0.054279 0.719155 0.000728 0.9725 0.9611 0.9153
v 0.069878 0.721443 0.013832 0.9725 0.9611 0.9153
v 0.008492 0.724786 -0.007244 0.9725 0.9611 0.9153
v -0.020440 0.737246 -0.000852 0.9725 0.9611 0.9153
v -0.243779 0.865769 0.241378 0.9725 0.9611 0.9153
v -0.264082 0.885761 0.217398 0.9725 0.9611 0.9153
v -0.156331 0.830375 0.193560 0.9725 0.9611 0.9153
v -0.200188 0.850032 0.228856 0.9725 0.9611 0.9153
v -0.171069 0.838304 0.212523 0.9725 0.9611 0.9153
v -0.225017 0.879556 0.198946 0.9725 0.9611 0.9153
v -0.217877 0.864931 0.215706 0.9725 0.9611 0.9153
v -0.213055 0.888357 0.177849 0.9725 0.9611 0.9153
v -0.238207 0.899402 0.181706 0.9725 0.9611 0.9153
v -0.167875 0.848293 0.174060 0.9725 0.9611 0.9153
v -0.185429 0.899851 0.137128 0.9725 0.9611 0.9153
v -0.122673 0.809657 0.205534 0.9725 0.9611 0.9153
v -0.036596 0.729018 0.191571 0.9725 0.9611 0.9153
v -0.124302 0.805432 0.187168 0.9725 0.9611 0.9153
v -0.003396 0.695136 0.166609 0.9725 0.9611 0.9153
v 0.076919 0.655925 0.156213 0.9725 0.9611 0.9153
v 0.074160 0.669944 0.135282 0.9725 0.9611 0.9153
v -0.010613 0.700208 0.143839 0.9725 0.9611 0.9153
v -0.034148 0.720959 0.116294 0.9725 0.9611 0.9153
v 0.046851 0.703583 0.075905 0.9725 0.9611 0.9153
v -0.144791 0.822515 0.172521 0.9725 0.9611 0.9153
v -0.110560 0.778803 0.133067 0.9725 0.9611 0.9153
v -0.137942 0.830766 0.118686 0.9725 0.9611 0.9153
v -0.101917 0.773502 0.100055 0.9725 0.9611 0.9153
v -0.120730 0.807361 0.069981 0.9725 0.9611 0.9153
v -0.141533 0.865762 0.080080 0.9725 0.9611 0.9153
v -0.153905 0.891250 0.089649 0.9725 0.9611 0.9153
v 0.016389 0.716200 0.051483 0.9725 0.9611 0.9153
v -0.003974 0.727031 0.037199 0.9725 0.9611 0.9153
v -0.105990 0.789751 0.050201 0.9725 0.9611 0.9153
v -0.089074 0.771236 0.062619 0.9725 0.9611 0.9153
v -0.090431 0.778065 0.036302 0.9725 0.9611 0.9153
v -0.120198 0.814459 0.040361 0.9725 0.9611 0.9153
v -0.107347 0.794396 0.034975 0.9725 0.9611 0.9153
v -0.031663 0.743329 0.016828 0.9725 0.9611 0.9153
v -0.112684 0.801511 0.021556 0.9725 0.9611 0.9153
v -0.127073 0.828926 0.032684 0.9725 0.9611 0.9153
v -0.172780 0.914520 0.097714 0.9725 0.9611 0.9153
v -0.142275 0.875328 0.055660 0.9725 0.9611 0.9153
v -0.186745 0.930514 0.089429 0.9725 0.9611 0.9153
v -0.357129 0.907953 0.208931 0.9725 0.9611 0.9153
v -0.324977 0.928527 0.162443 0.9725 0.9611 0.9153
v -0.356038 0.921634 0.176588 0.9725 0.9611 0.9153
v -0.219900 0.920751 0.142650 0.9725 0.9611 0.9153
v -0.230728 0.935885 0.126803 0.9725 0.9611 0.9153
v -0.254050 0.935870 0.136658 0.9725 0.9611 0.9153
v -0.208832 0.934068 0.113898 0.9725 0.9611 0.9153
v -0.227409 0.943874 0.107956 0.9725 0.9611 0.9153
v -0.237690 0.914548 0.119894 0.9725 0.9611 0.9153
v -0.282482 0.871750 0.191371 0.9725 0.9611 0.9153
v -0.211594 0.880863 0.146086 0.9725 0.9611 0.9153
v -0.200714 0.825973 0.183428 0.9725 0.9611 0.9153
v -0.377470 0.862280 0.241121 0.9725 0.9611 0.9153
v -0.154172 0.806117 0.122993 0.9725 0.9611 0.9153
v -0.165779 0.856602 0.116556 0.9725 0.9611 0.9153
v -0.061035 0.714866 0.050063 0.9725 0.9611 0.9153
v -0.111536 0.734759 0.098614 0.9725 0.9611 0.9153
v -0.124767 0.746957 0.103169 0.9725 0.9611 0.9153
v 0.003630 0.660298 0.092172 0.9725 0.9611 0.9153
v -0.035981 0.681502 0.089733 0.9725 0.9611 0.9153
v -0.040585 0.657189 0.148446 0.9725 0.9611 0.9153
v -0.125537 0.735125 0.138677 0.9725 0.9611 0.9153
v -0.167503 0.808682 0.153304 0.9725 0.9611 0.9153
v -0.165595 0.790604 0.167403 0.9725 0.9611 0.9153
v -0.187233 0.797609 0.198119 0.9725 0.9611 0.9153
v -0.157427 0.768816 0.194155 0.9725 0.9611 0.9153
v -0.097493 0.705267 0.164677 0.9725 0.9611 0.9153
v -0.075523 0.685386 0.179119 0.9725 0.9611 0.9153
v -0.111242 0.735667 0.212007 0.9725 0.9611 0.9153
v -0.156481 0.769543 0.215409 0.9725 0.9611 0.9153
v -0.010947 0.644828 0.133232 0.9725 0.9611 0.9153
v 0.047092 0.623595 0.133248 0.9725 0.9611 0.9153
v -0.040473 0.654191 0.166932 0.9725 0.9611 0.9153
v 0.007398 0.627568 0.165028 0.9725 0.9611 0.9153
v -0.004509 0.634407 0.179575 0.9725 0.9611 0.9153
v 0.050409 0.613041 0.151906 0.9725 0.9611 0.9153
v 0.032709 0.618634 0.178208 0.9725 0.9611 0.9153
v 0.003102 0.635212 0.193871 0.9725 0.9611 0.9153
v -0.097274 0.739798 0.238857 0.9725 0.9611 0.9153
v -0.127060 0.765697 0.249682 0.9725 0.9611 0.9153
v -0.057989 0.734233 0.273914 0.9725 0.9611 0.9153
v -0.309085 0.853067 0.227123 0.9725 0.9611 0.9153
v -0.302532 0.842064 0.245101 0.9725 0.9611 0.9153
v -0.257582 0.831218 0.230395 0.9725 0.9611 0.9153
v -0.215681 0.810542 0.218566 0.9725 0.9611 0.9153
v -0.200100 0.796053 0.233034 0.9725 0.9611 0.9153
v -0.269274 0.826638 0.254347 0.9725 0.9611 0.9153
v -0.365291 0.852109 0.268695 0.9725 0.9611 0.9153
v -0.361501 0.850473 0.288797 0.9725 0.9611 0.9153
v -0.290150 0.830830 0.271116 0.9725 0.9611 0.9153
v -0.276605 0.827445 0.288812 0.9725 0.9611 0.9153
v -0.088584 0.777802 0.015706 0.9725 0.9611 0.9153
v -0.104362 0.789846 0.010431 0.9725 0.9611 0.9153
v -0.142757 0.823731 0.004282 0.9725 0.9611 0.9153
v -0.193027 0.929725 0.061482 0.9725 0.9611 0.9153
v -0.185076 0.930451 0.070827 0.9725 0.9611 0.9153
v -0.160549 0.905499 0.049811 0.9725 0.9611 0.9153
v -0.103989 0.759277 -0.008265 0.9725 0.9611 0.9153
v -0.116808 0.768951 0.011033 0.9725 0.9611 0.9153
v -0.135698 0.803601 -0.002188 0.9725 0.9611 0.9153
v -0.124413 0.773154 0.042834 0.9725 0.9611 0.9153
v -0.200712 0.916362 0.091067 0.9725 0.9611 0.9153
v -0.177589 0.911005 0.049364 0.9725 0.9611 0.9153
v -0.204018 0.927804 0.066366 0.9725 0.9611 0.9153
v -0.217383 0.944299 0.088053 0.9725 0.9611 0.9153
v -0.231199 0.944190 0.079623 0.9725 0.9611 0.9153
v -0.260757 0.945989 0.089028 0.9725 0.9611 0.9153
v -0.346163 0.871347 0.349320 0.9725 0.9611 0.9153
v -0.149566 0.837360 0.356381 0.9725 0.9611 0.9153
v -0.194491 0.847068 0.266328 0.9725 0.9611 0.9153
v -0.336365 0.865717 0.349266 0.9725 0.9611 0.9153
v 0.069262 0.631647 0.210358 0.9725 0.9611 0.9153
v 0.048113 0.667270 0.222502 0.9725 0.9611 0.9153
v 0.059345 0.655767 0.193842 0.9725 0.9611 0.9153
v 0.082734 0.637389 0.197930 0.9725 0.9611 0.9153
v 0.093828 0.639414 0.175365 0.9725 0.9611 0.9153
v -0.392161 0.923931 0.169592 0.9725 0.9611 0.9153
v -0.455632 0.904619 0.224995 0.9725 0.9611 0.9153
v -0.483709 0.920769 0.240332 0.9725 0.9611 0.9153
v -0.478849 0.919258 0.225639 0.9725 0.9611 0.9153
v -0.447782 0.890795 0.257183 0.9725 0.9611 0.9153
v -0.451960 0.918642 0.261722 0.9725 0.9611 0.9153
v 0.113841 0.687173 0.115775 0.9725 0.9611 0.9153
v 0.095445 0.607702 0.156565 0.9725 0.9611 0.9153
v 0.096834 0.611662 0.145495 0.9725 0.9611 0.9153
v 0.038765 0.663458 0.077251 0.9725 0.9611 0.9153
v -0.000753 0.688460 0.036607 0.9725 0.9611 0.9153
v -0.029840 0.706079 0.021381 0.9725 0.9611 0.9153
v 0.087371 0.690840 0.040067 0.9725 0.9611 0.9153
v 0.025434 0.698065 -0.003680 0.9725 0.9611 0.9153
v 0.036788 0.704224 -0.013668 0.9725 0.9611 0.9153
v 0.028062 0.721041 0.026620 0.9725 0.9611 0.9153
v 0.119792 0.714190 0.015653 0.9725 0.9611 0.9153
v -0.002933 0.715727 -0.022697 0.9725 0.9611 0.9153
v -0.276270 0.868958 0.264202 0.9725 0.9611 0.9153
v -0.290800 0.883299 0.238355 0.9725 0.9611 0.9153
v -0.147479 0.829871 0.236370 0.9725 0.9611 0.9153
v -0.158403 0.831949 0.224524 0.9725 0.9611 0.9153
v -0.190791 0.867837 0.180202 0.9725 0.9611 0.9153
v -0.165407 0.859211 0.153071 0.9725 0.9611 0.9153
v -0.105216 0.784173 0.170301 0.9725 0.9611 0.9153
v -0.024493 0.713135 0.178988 0.9725 0.9611 0.9153
v 0.058836 0.663310 0.155171 0.9725 0.9611 0.9153
v 0.042548 0.684975 0.118264 0.9725 0.9611 0.9153
v -0.003672 0.699873 0.124042 0.9725 0.9611 0.9153
v 0.065326 0.694559 0.095294 0.9725 0.9611 0.9153
v -0.035968 0.741719 0.044837 0.9725 0.9611 0.9153
v -0.058821 0.741106 0.169567 0.9725 0.9611 0.9153
v -0.130209 0.806457 0.158108 0.9725 0.9611 0.9153
v -0.135415 0.817069 0.138947 0.9725 0.9611 0.9153
v -0.098073 0.774952 0.075547 0.9725 0.9611 0.9153
v -0.022203 0.736230 0.034809 0.9725 0.9611 0.9153
v -0.171008 0.918952 0.080702 0.9725 0.9611 0.9153
v -0.321303 0.903277 0.211820 0.9725 0.9611 0.9153
v -0.266594 0.904980 0.187877 0.9725 0.9611 0.9153
v -0.203067 0.904838 0.149766 0.9725 0.9611 0.9153
v -0.176905 0.905142 0.118902 0.9725 0.9611 0.9153
v -0.274065 0.939864 0.134737 0.9725 0.9611 0.9153
v -0.194339 0.926554 0.112011 0.9725 0.9611 0.9153
v -0.200480 0.861205 0.154596 0.9725 0.9611 0.9153
v -0.227339 0.841534 0.194234 0.9725 0.9611 0.9153
v -0.263770 0.852355 0.206039 0.9725 0.9611 0.9153
v -0.193189 0.896167 0.113533 0.9725 0.9611 0.9153
v -0.156757 0.854342 0.097660 0.9725 0.9611 0.9153
v -0.136340 0.781885 0.081086 0.9725 0.9611 0.9153
v -0.140760 0.801935 0.075152 0.9725 0.9611 0.9153
v -0.101798 0.736945 0.068140 0.9725 0.9611 0.9153
v -0.030621 0.692622 0.058872 0.9725 0.9611 0.9153
v -0.003463 0.676102 0.067249 0.9725 0.9611 0.9153
v 0.022993 0.658363 0.087946 0.9725 0.9611 0.9153
v -0.180531 0.872896 0.124787 0.9725 0.9611 0.9153
v -0.133053 0.765830 0.091874 0.9725 0.9611 0.9153
v -0.140821 0.759672 0.128870 0.9725 0.9611 0.9153
v -0.178856 0.813156 0.168218 0.9725 0.9611 0.9153
v -0.136809 0.743724 0.156232 0.9725 0.9611 0.9153
v -0.140099 0.762983 0.225636 0.9725 0.9611 0.9153
v -0.085047 0.696084 0.148632 0.9725 0.9611 0.9153
v 0.005853 0.642801 0.122527 0.9725 0.9611 0.9153
v 0.052587 0.639433 0.111792 0.9725 0.9611 0.9153
v -0.018312 0.642969 0.149718 0.9725 0.9611 0.9153
v -0.034958 0.654953 0.186309 0.9725 0.9611 0.9153
v -0.082188 0.776124 0.312981 0.9725 0.9611 0.9153
v -0.397122 0.865286 0.255705 0.9725 0.9611 0.9153
v -0.250340 0.817291 0.272540 0.9725 0.9611 0.9153
v -0.183195 0.794825 0.264716 0.9725 0.9611 0.9153
v 0.086769 0.775181 -0.156252 0.9725 0.9611 0.9153
v -0.078771 0.986104 -0.302845 0.9725 0.9611 0.9153
v -0.357855 1.003214 -0.193208 0.9725 0.9611 0.9153
v -0.236446 0.822271 -0.069745 0.9725 0.9611 0.9153
v -0.324643 1.044157 -0.299573 0.9725 0.9611 0.9153
v 0.074281 0.733902 -0.007560 0.9725 0.9611 0.9153
v -0.001243 0.886945 -0.272422 0.9725 0.9611 0.9153
v -0.002049 0.890176 -0.243639 0.9725 0.9611 0.9153
v -0.171672 1.008827 -0.269927 0.9725 0.9611 0.9153
v -0.134624 1.011730 -0.297501 0.9725 0.9611 0.9153
v -0.301089 0.925161 -0.094646 0.9725 0.9611 0.9153
v -0.191697 0.956100 -0.118077 0.9725 0.9611 0.9153
v -0.242162 0.953097 -0.108504 0.9725 0.9611 0.9153
v -0.272683 0.914654 -0.106179 0.9725 0.9611 0.9153
v -0.131473 0.744466 -0.042136 0.9725 0.9611 0.9153
v -0.119766 0.723874 -0.000172 0.9725 0.9611 0.9153
v -0.219742 1.034348 -0.302858 0.9725 0.9611 0.9153
v 0.009204 0.676878 -0.011510 0.9725 0.9611 0.9153
v 0.093684 0.683988 0.035947 0.9725 0.9611 0.9153
v -0.160256 0.991169 -0.156390 0.9725 0.9611 0.9153
v -0.122740 1.015990 -0.259883 0.9725 0.9611 0.9153
v -0.193162 0.957083 -0.149254 0.9725 0.9611 0.9153
v 0.078148 0.785146 -0.123849 0.9725 0.9611 0.9153
v 0.004769 0.872938 -0.229673 0.9725 0.9611 0.9153
v 0.028307 0.838885 -0.240981 0.9725 0.9611 0.9153
v -0.004832 0.904314 -0.273309 0.9725 0.9611 0.9153
v -0.033066 0.940896 -0.278161 0.9725 0.9611 0.9153
v -0.021777 0.937219 -0.274168 0.9725 0.9611 0.9153
v -0.024451 0.932303 -0.243157 0.9725 0.9611 0.9153
v -0.019526 0.934694 -0.259997 0.9725 0.9611 0.9153
v -0.023694 0.855757 -0.226968 0.9725 0.9611 0.9153
v -0.042965 0.937887 -0.267294 0.9725 0.9611 0.9153
v -0.135764 1.006411 -0.293918 0.9725 0.9611 0.9153
v -0.101675 1.002848 -0.308179 0.9725 0.9611 0.9153
v -0.103747 0.998233 -0.303901 0.9725 0.9611 0.9153
v -0.163603 1.013404 -0.279230 0.9725 0.9611 0.9153
v -0.154121 1.010902 -0.281906 0.9725 0.9611 0.9153
v -0.103636 1.010751 -0.299153 0.9725 0.9611 0.9153
v -0.129038 1.018012 -0.278749 0.9725 0.9611 0.9153
v -0.091514 1.005667 -0.261857 0.9725 0.9611 0.9153
v -0.092730 1.008423 -0.284253 0.9725 0.9611 0.9153
v -0.130485 1.015162 -0.295464 0.9725 0.9611 0.9153
v -0.098395 1.005677 -0.305614 0.9725 0.9611 0.9153
v -0.252415 1.011605 -0.174099 0.9725 0.9611 0.9153
v -0.222335 0.941283 -0.103353 0.9725 0.9611 0.9153
v -0.231757 0.878415 -0.068050 0.9725 0.9611 0.9153
v -0.302531 0.963215 -0.138801 0.9725 0.9611 0.9153
v -0.321474 0.965069 -0.133552 0.9725 0.9611 0.9153
v -0.203292 0.824676 -0.090273 0.9725 0.9611 0.9153
v -0.239348 0.835885 -0.078468 0.9725 0.9611 0.9153
v -0.176083 0.767938 0.003480 0.9725 0.9611 0.9153
v -0.166676 0.756662 0.005029 0.9725 0.9611 0.9153
v -0.136473 0.739365 -0.020605 0.9725 0.9611 0.9153
v -0.019405 0.663962 0.000676 0.9725 0.9611 0.9153
v -0.169697 0.788065 -0.007698 0.9725 0.9611 0.9153
v -0.169598 0.772986 0.003389 0.9725 0.9611 0.9153
v -0.059191 0.753389 -0.022726 0.9725 0.9611 0.9153
v -0.244766 1.038499 -0.299031 0.9725 0.9611 0.9153
v -0.216298 1.027115 -0.297495 0.9725 0.9611 0.9153
v -0.196446 1.001973 -0.243670 0.9725 0.9611 0.9153
v -0.301202 1.028555 -0.291832 0.9725 0.9611 0.9153
v -0.254272 1.034129 -0.305381 0.9725 0.9611 0.9153
v -0.373487 1.024530 -0.259020 0.9725 0.9611 0.9153
v -0.352836 1.041318 -0.287759 0.9725 0.9611 0.9153
v -0.288082 1.008202 -0.253497 0.9725 0.9611 0.9153
v -0.338846 1.006507 -0.235216 0.9725 0.9611 0.9153
v -0.378393 1.018624 -0.233183 0.9725 0.9611 0.9153
v -0.238353 1.028417 -0.263906 0.9725 0.9611 0.9153
v -0.342846 1.043424 -0.290382 0.9725 0.9611 0.9153
v 0.074254 0.702744 0.047803 0.9725 0.9611 0.9153
v 0.003639 0.700310 0.015173 0.9725 0.9611 0.9153
v 0.044172 0.657187 0.064725 0.9725 0.9611 0.9153
v 0.048868 0.664880 0.066705 0.9725 0.9611 0.9153
v 0.099565 0.688287 0.066713 0.9725 0.9611 0.9153
v 0.113354 0.680968 0.066537 0.9725 0.9611 0.9153
v 0.044993 0.725153 0.002732 0.9725 0.9611 0.9153
v 0.053827 0.653900 0.062675 0.9725 0.9611 0.9153
v -0.007089 0.669194 -0.009373 0.9725 0.9611 0.9153
v 0.029469 0.660684 0.021891 0.9725 0.9611 0.9153
v 0.052337 0.681784 0.011806 0.9725 0.9611 0.9153
v 0.130970 0.732491 -0.076202 0.9725 0.9611 0.9153
v 0.136676 0.714585 0.010830 0.9725 0.9611 0.9153
v 0.145421 0.705622 0.011436 0.9725 0.9611 0.9153
v -0.140514 0.878275 -0.100717 0.9725 0.9611 0.9153
v -0.142724 0.955817 -0.137449 0.9725 0.9611 0.9153
v -0.162248 1.007173 -0.178901 0.9725 0.9611 0.9153
v -0.031420 0.734691 -0.012753 0.9725 0.9611 0.9153
v -0.074435 0.815965 -0.088982 0.9725 0.9611 0.9153
v 0.003336 0.845014 -0.174338 0.9725 0.9611 0.9153
v -0.015337 0.886159 -0.218471 0.9725 0.9611 0.9153
v -0.173709 0.985479 -0.195970 0.9725 0.9611 0.9153
v -0.085575 0.825300 -0.157457 0.9725 0.9611 0.9153
v -0.105874 0.778241 -0.111194 0.9725 0.9611 0.9153
v -0.037440 0.709785 -0.049231 0.9725 0.9611 0.9153
v -0.142754 0.936431 -0.160487 0.9725 0.9611 0.9153
v -0.217583 0.941873 -0.133613 0.9725 0.9611 0.9153
v -0.217456 0.864333 -0.101750 0.9725 0.9611 0.9153
v 0.022893 0.853062 -0.218979 0.9725 0.9611 0.9153
v 0.085362 0.786379 -0.149135 0.9725 0.9611 0.9153
v 0.026085 0.855514 -0.240514 0.9725 0.9611 0.9153
v 0.006986 0.882360 -0.256445 0.9725 0.9611 0.9153
v 0.071012 0.802671 -0.180351 0.9725 0.9611 0.9153
v 0.100542 0.767291 -0.139428 0.9725 0.9611 0.9153
v 0.038827 0.837469 -0.234280 0.9725 0.9611 0.9153
v 0.008338 0.872784 -0.268627 0.9725 0.9611 0.9153
v 0.007271 0.881976 -0.268685 0.9725 0.9611 0.9153
v -0.013635 0.925654 -0.268698 0.9725 0.9611 0.9153
v -0.018894 0.925960 -0.275465 0.9725 0.9611 0.9153
v -0.071436 0.985881 -0.300070 0.9725 0.9611 0.9153
v -0.043829 0.959661 -0.283245 0.9725 0.9611 0.9153
v -0.066083 0.988098 -0.288096 0.9725 0.9611 0.9153
v -0.032127 0.952073 -0.272073 0.9725 0.9611 0.9153
v -0.041741 0.962472 -0.261552 0.9725 0.9611 0.9153
v 0.071613 0.776618 -0.154770 0.9725 0.9611 0.9153
v -0.015884 0.821602 -0.181350 0.9725 0.9611 0.9153
v -0.013890 0.834950 -0.206113 0.9725 0.9611 0.9153
v -0.027875 0.878812 -0.243270 0.9725 0.9611 0.9153
v -0.056581 0.953447 -0.273887 0.9725 0.9611 0.9153
v -0.025392 0.924161 -0.272099 0.9725 0.9611 0.9153
v -0.032556 0.918374 -0.261193 0.9725 0.9611 0.9153
v -0.048475 0.957212 -0.283358 0.9725 0.9611 0.9153
v -0.120485 1.008789 -0.304507 0.9725 0.9611 0.9153
v -0.102856 0.986052 -0.278960 0.9725 0.9611 0.9153
v -0.088077 0.976025 -0.277381 0.9725 0.9611 0.9153
v -0.120239 0.993565 -0.276885 0.9725 0.9611 0.9153
v -0.158298 0.997773 -0.255261 0.9725 0.9611 0.9153
v -0.153863 1.014652 -0.282160 0.9725 0.9611 0.9153
v -0.075823 0.997439 -0.275808 0.9725 0.9611 0.9153
v -0.086521 1.003132 -0.296043 0.9725 0.9611 0.9153
v -0.113582 1.015307 -0.289399 0.9725 0.9611 0.9153
v -0.106618 1.013613 -0.273124 0.9725 0.9611 0.9153
v -0.085403 0.996610 -0.305445 0.9725 0.9611 0.9153
v -0.120337 1.011757 -0.303163 0.9725 0.9611 0.9153
v -0.162099 1.017146 -0.280412 0.9725 0.9611 0.9153
v -0.151273 1.016422 -0.280417 0.9725 0.9611 0.9153
v -0.151187 1.017702 -0.274375 0.9725 0.9611 0.9153
v -0.156629 1.018105 -0.255759 0.9725 0.9611 0.9153
v -0.255488 1.003836 -0.159288 0.9725 0.9611 0.9153
v -0.237142 0.996786 -0.147783 0.9725 0.9611 0.9153
v -0.264660 0.964896 -0.117882 0.9725 0.9611 0.9153
v -0.221233 0.986183 -0.136231 0.9725 0.9611 0.9153
v -0.318542 0.997702 -0.164708 0.9725 0.9611 0.9153
v -0.335066 0.989724 -0.160634 0.9725 0.9611 0.9153
v -0.307941 0.981907 -0.139723 0.9725 0.9611 0.9153
v -0.312034 0.944953 -0.110998 0.9725 0.9611 0.9153
v -0.292535 0.947200 -0.106586 0.9725 0.9611 0.9153
v -0.272643 0.893540 -0.071912 0.9725 0.9611 0.9153
v -0.283407 0.872717 -0.065150 0.9725 0.9611 0.9153
v -0.276264 0.874780 -0.063013 0.9725 0.9611 0.9153
v -0.256682 0.832387 -0.042547 0.9725 0.9611 0.9153
v -0.240507 0.825880 -0.035246 0.9725 0.9611 0.9153
v -0.211306 0.818932 -0.030064 0.9725 0.9611 0.9153
v -0.164509 0.961715 -0.130250 0.9725 0.9611 0.9153
v -0.209061 0.844242 -0.050751 0.9725 0.9611 0.9153
v -0.192972 0.874401 -0.075246 0.9725 0.9611 0.9153
v -0.321979 0.967977 -0.132004 0.9725 0.9611 0.9153
v -0.336900 0.986791 -0.161159 0.9725 0.9611 0.9153
v -0.339692 0.991234 -0.179012 0.9725 0.9611 0.9153
v -0.329868 0.980754 -0.155592 0.9725 0.9611 0.9153
v -0.295452 0.912519 -0.096064 0.9725 0.9611 0.9153
v -0.304248 0.924723 -0.098777 0.9725 0.9611 0.9153
v -0.307377 0.945609 -0.119228 0.9725 0.9611 0.9153
v -0.310075 0.976790 -0.154524 0.9725 0.9611 0.9153
v -0.272503 0.976870 -0.158065 0.9725 0.9611 0.9153
v -0.275093 0.892530 -0.092411 0.9725 0.9611 0.9153
v -0.279953 0.937322 -0.119517 0.9725 0.9611 0.9153
v -0.270203 0.856564 -0.072393 0.9725 0.9611 0.9153
v -0.243282 0.814050 -0.051952 0.9725 0.9611 0.9153
v -0.285232 0.873760 -0.070841 0.9725 0.9611 0.9153
v -0.275906 0.855432 -0.059308 0.9725 0.9611 0.9153
v -0.264153 0.837771 -0.058849 0.9725 0.9611 0.9153
v -0.230671 0.799693 -0.033251 0.9725 0.9611 0.9153
v -0.255860 0.825485 -0.045960 0.9725 0.9611 0.9153
v -0.236185 0.808009 -0.030016 0.9725 0.9611 0.9153
v -0.204242 0.782316 -0.012597 0.9725 0.9611 0.9153
v -0.204554 0.789120 -0.010331 0.9725 0.9611 0.9153
v -0.215678 0.789885 -0.043084 0.9725 0.9611 0.9153
v -0.140288 0.737768 0.008932 0.9725 0.9611 0.9153
v -0.125574 0.731804 0.016065 0.9725 0.9611 0.9153
v -0.183693 0.780397 -0.060689 0.9725 0.9611 0.9153
v -0.046748 0.674824 0.004267 0.9725 0.9611 0.9153
v -0.073702 0.696266 -0.013253 0.9725 0.9611 0.9153
v -0.045166 0.682679 -0.018120 0.9725 0.9611 0.9153
v 0.000337 0.656053 0.014802 0.9725 0.9611 0.9153
v -0.029720 0.667001 0.019444 0.9725 0.9611 0.9153
v -0.043065 0.672675 0.012292 0.9725 0.9611 0.9153
v 0.010278 0.651974 0.035424 0.9725 0.9611 0.9153
v -0.014926 0.658759 0.016039 0.9725 0.9611 0.9153
v -0.006770 0.658718 0.030240 0.9725 0.9611 0.9153
v -0.169197 0.815963 -0.037818 0.9725 0.9611 0.9153
v -0.170278 0.836725 -0.056838 0.9725 0.9611 0.9153
v -0.126667 0.764491 0.001084 0.9725 0.9611 0.9153
v -0.124059 0.781237 -0.017777 0.9725 0.9611 0.9153
v -0.196920 0.792547 -0.009582 0.9725 0.9611 0.9153
v -0.110523 0.727559 0.018350 0.9725 0.9611 0.9153
v -0.141315 0.749260 0.013899 0.9725 0.9611 0.9153
v -0.113089 0.739074 0.014683 0.9725 0.9611 0.9153
v -0.139732 0.760788 0.007956 0.9725 0.9611 0.9153
v -0.040017 0.692465 0.017894 0.9725 0.9611 0.9153
v -0.077073 0.717250 0.014732 0.9725 0.9611 0.9153
v -0.043617 0.682651 0.020791 0.9725 0.9611 0.9153
v 0.007678 0.663715 0.040045 0.9725 0.9611 0.9153
v -0.014709 0.668806 0.028463 0.9725 0.9611 0.9153
v -0.005054 0.679274 0.027303 0.9725 0.9611 0.9153
v -0.080796 0.740237 -0.001188 0.9725 0.9611 0.9153
v -0.048544 0.723021 -0.000085 0.9725 0.9611 0.9153
v -0.083987 0.767837 -0.027259 0.9725 0.9611 0.9153
v -0.022751 0.689997 0.018969 0.9725 0.9611 0.9153
v -0.162304 1.019833 -0.274867 0.9725 0.9611 0.9153
v -0.200584 1.031377 -0.291452 0.9725 0.9611 0.9153
v -0.201461 1.028304 -0.296097 0.9725 0.9611 0.9153
v -0.186125 1.026836 -0.287136 0.9725 0.9611 0.9153
v -0.244857 1.038986 -0.307295 0.9725 0.9611 0.9153
v -0.284638 1.043125 -0.307731 0.9725 0.9611 0.9153
v -0.185631 1.020869 -0.228361 0.9725 0.9611 0.9153
v -0.198021 1.026145 -0.262025 0.9725 0.9611 0.9153
v -0.173519 1.019381 -0.282789 0.9725 0.9611 0.9153
v -0.178372 1.014280 -0.277628 0.9725 0.9611 0.9153
v -0.168720 1.001631 -0.256851 0.9725 0.9611 0.9153
v -0.238327 1.021580 -0.289237 0.9725 0.9611 0.9153
v -0.202529 1.006080 -0.255039 0.9725 0.9611 0.9153
v -0.288969 1.014948 -0.270368 0.9725 0.9611 0.9153
v -0.285611 1.040618 -0.307459 0.9725 0.9611 0.9153
v -0.335909 1.038074 -0.293141 0.9725 0.9611 0.9153
v -0.346923 1.026806 -0.276006 0.9725 0.9611 0.9153
v -0.353342 1.014313 -0.251346 0.9725 0.9611 0.9153
v -0.379519 1.030420 -0.260493 0.9725 0.9611 0.9153
v -0.370860 1.036504 -0.273199 0.9725 0.9611 0.9153
v -0.372053 1.032561 -0.270659 0.9725 0.9611 0.9153
v -0.232055 0.999225 -0.223957 0.9725 0.9611 0.9153
v -0.314053 0.999886 -0.217976 0.9725 0.9611 0.9153
v -0.310105 0.991732 -0.187722 0.9725 0.9611 0.9153
v -0.379078 1.016381 -0.236033 0.9725 0.9611 0.9153
v -0.381836 1.025620 -0.249562 0.9725 0.9611 0.9153
v -0.364002 1.004347 -0.212633 0.9725 0.9611 0.9153
v -0.367646 1.005960 -0.206346 0.9725 0.9611 0.9153
v -0.192932 1.020093 -0.201184 0.9725 0.9611 0.9153
v -0.368335 1.038142 -0.273308 0.9725 0.9611 0.9153
v -0.309180 1.024227 -0.242422 0.9725 0.9611 0.9153
v -0.339557 1.021675 -0.233060 0.9725 0.9611 0.9153
v -0.365631 1.015921 -0.221818 0.9725 0.9611 0.9153
v -0.223837 1.020015 -0.193689 0.9725 0.9611 0.9153
v -0.290553 1.018625 -0.213496 0.9725 0.9611 0.9153
v -0.318621 1.013874 -0.203938 0.9725 0.9611 0.9153
v 0.033111 0.700091 0.026993 0.9725 0.9611 0.9153
v 0.014321 0.677695 0.036749 0.9725 0.9611 0.9153
v 0.016258 0.719912 0.001639 0.9725 0.9611 0.9153
v 0.052019 0.681056 0.059830 0.9725 0.9611 0.9153
v 0.068651 0.663541 0.074877 0.9725 0.9611 0.9153
v 0.070563 0.677510 0.070858 0.9725 0.9611 0.9153
v 0.090063 0.672719 0.075652 0.9725 0.9611 0.9153
v 0.085116 0.683904 0.069919 0.9725 0.9611 0.9153
v 0.104103 0.668110 0.072125 0.9725 0.9611 0.9153
v 0.090617 0.664671 0.075786 0.9725 0.9611 0.9153
v 0.116200 0.671849 0.064682 0.9725 0.9611 0.9153
v 0.127451 0.679602 0.055132 0.9725 0.9611 0.9153
v 0.125449 0.690595 0.054071 0.9725 0.9611 0.9153
v 0.113485 0.703505 0.048648 0.9725 0.9611 0.9153
v 0.058531 0.718840 0.014834 0.9725 0.9611 0.9153
v 0.078352 0.694053 0.059859 0.9725 0.9611 0.9153
v 0.096403 0.712717 0.036237 0.9725 0.9611 0.9153
v 0.033821 0.652903 0.055810 0.9725 0.9611 0.9153
v 0.019565 0.651883 0.033498 0.9725 0.9611 0.9153
v 0.080271 0.659268 0.074771 0.9725 0.9611 0.9153
v 0.063382 0.656500 0.071466 0.9725 0.9611 0.9153
v -0.025884 0.672985 -0.012729 0.9725 0.9611 0.9153
v 0.016203 0.662535 0.008140 0.9725 0.9611 0.9153
v 0.016943 0.705093 -0.032751 0.9725 0.9611 0.9153
v 0.041821 0.694360 -0.010899 0.9725 0.9611 0.9153
v 0.078342 0.678261 0.038551 0.9725 0.9611 0.9153
v 0.103397 0.664963 0.068215 0.9725 0.9611 0.9153
v 0.129652 0.686806 0.030491 0.9725 0.9611 0.9153
v 0.136155 0.684854 0.040540 0.9725 0.9611 0.9153
v 0.123374 0.674702 0.053030 0.9725 0.9611 0.9153
v 0.105659 0.688963 0.028652 0.9725 0.9611 0.9153
v 0.135599 0.701923 -0.004526 0.9725 0.9611 0.9153
v 0.108172 0.704854 -0.007004 0.9725 0.9611 0.9153
v 0.144855 0.701385 -0.001102 0.9725 0.9611 0.9153
v 0.064939 0.700598 -0.008518 0.9725 0.9611 0.9153
v 0.034811 0.715098 -0.037437 0.9725 0.9611 0.9153
v 0.050658 0.724278 -0.048093 0.9725 0.9611 0.9153
v 0.089423 0.709367 -0.018161 0.9725 0.9611 0.9153
v 0.076513 0.727953 -0.055749 0.9725 0.9611 0.9153
v 0.121940 0.728310 -0.071779 0.9725 0.9611 0.9153
v 0.141137 0.719781 -0.046452 0.9725 0.9611 0.9153
v 0.098821 0.751216 -0.117946 0.9725 0.9611 0.9153
v 0.110692 0.751565 -0.118200 0.9725 0.9611 0.9153
v 0.111647 0.724268 0.008495 0.9725 0.9611 0.9153
v 0.123794 0.705285 0.040169 0.9725 0.9611 0.9153
v 0.127875 0.721431 0.005360 0.9725 0.9611 0.9153
v 0.099914 0.755229 -0.065335 0.9725 0.9611 0.9153
v 0.076577 0.755873 -0.051586 0.9725 0.9611 0.9153
v 0.138054 0.690672 0.038981 0.9725 0.9611 0.9153
v 0.137185 0.702990 0.030120 0.9725 0.9611 0.9153
v 0.143609 0.694010 0.022080 0.9725 0.9611 0.9153
v 0.146273 0.715488 -0.027793 0.9725 0.9611 0.9153
v 0.147925 0.706961 -0.004644 0.9725 0.9611 0.9153
v 0.142373 0.720950 -0.018764 0.9725 0.9611 0.9153
v 0.134068 0.735412 -0.069248 0.9725 0.9611 0.9153
v 0.130870 0.734034 -0.039219 0.9725 0.9611 0.9153
v 0.139342 0.729053 -0.045588 0.9725 0.9611 0.9153
v 0.070159 0.784085 -0.110901 0.9725 0.9611 0.9153
v 0.095002 0.773258 -0.118878 0.9725 0.9611 0.9153
v -0.209054 1.004914 -0.159024 0.9725 0.9611 0.9153
v -0.205512 1.015427 -0.178308 0.9725 0.9611 0.9153
v -0.190164 0.977468 -0.133353 0.9725 0.9611 0.9153
v -0.187939 1.013567 -0.178342 0.9725 0.9611 0.9153
v -0.182042 0.999800 -0.157498 0.9725 0.9611 0.9153
v -0.170032 0.885029 -0.089430 0.9725 0.9611 0.9153
v -0.119578 0.939962 -0.143914 0.9725 0.9611 0.9153
v -0.140728 0.996458 -0.177475 0.9725 0.9611 0.9153
v -0.108441 0.962399 -0.168548 0.9725 0.9611 0.9153
v -0.163072 1.013887 -0.196199 0.9725 0.9611 0.9153
v -0.163257 0.854321 -0.073406 0.9725 0.9611 0.9153
v -0.130014 0.848094 -0.086955 0.9725 0.9611 0.9153
v -0.112907 0.829622 -0.081497 0.9725 0.9611 0.9153
v -0.119189 0.884751 -0.117886 0.9725 0.9611 0.9153
v -0.008221 0.724352 -0.005292 0.9725 0.9611 0.9153
v -0.018145 0.749202 -0.027210 0.9725 0.9611 0.9153
v -0.063535 0.777874 -0.046699 0.9725 0.9611 0.9153
v -0.008048 0.771417 -0.052894 0.9725 0.9611 0.9153
v 0.017082 0.741945 -0.021393 0.9725 0.9611 0.9153
v 0.037937 0.755350 -0.040551 0.9725 0.9611 0.9153
v -0.053289 0.840602 -0.130293 0.9725 0.9611 0.9153
v -0.077991 0.907181 -0.161868 0.9725 0.9611 0.9153
v -0.027762 0.869996 -0.187859 0.9725 0.9611 0.9153
v -0.029139 0.901150 -0.212724 0.9725 0.9611 0.9153
v -0.060067 0.924680 -0.190301 0.9725 0.9611 0.9153
v -0.022527 0.852537 -0.167007 0.9725 0.9611 0.9153
v 0.036183 0.778523 -0.076919 0.9725 0.9611 0.9153
v 0.049423 0.788536 -0.101462 0.9725 0.9611 0.9153
v 0.010351 0.853534 -0.200264 0.9725 0.9611 0.9153
v -0.008364 0.875776 -0.214513 0.9725 0.9611 0.9153
v -0.049452 0.943104 -0.218280 0.9725 0.9611 0.9153
v -0.042514 0.948191 -0.232757 0.9725 0.9611 0.9153
v -0.110853 0.985738 -0.193240 0.9725 0.9611 0.9153
v -0.121871 1.001762 -0.209905 0.9725 0.9611 0.9153
v -0.091351 0.993884 -0.233786 0.9725 0.9611 0.9153
v -0.108259 1.010281 -0.251620 0.9725 0.9611 0.9153
v -0.074606 0.991067 -0.255003 0.9725 0.9611 0.9153
v -0.136480 0.993707 -0.260404 0.9725 0.9611 0.9153
v -0.084240 0.962553 -0.257082 0.9725 0.9611 0.9153
v -0.132853 0.973632 -0.206392 0.9725 0.9611 0.9153
v -0.147213 0.982574 -0.211745 0.9725 0.9611 0.9153
v -0.131075 0.954887 -0.182222 0.9725 0.9611 0.9153
v -0.162106 0.977363 -0.185750 0.9725 0.9611 0.9153
v -0.206093 0.995154 -0.217329 0.9725 0.9611 0.9153
v -0.054785 0.869906 -0.208774 0.9725 0.9611 0.9153
v -0.077095 0.913789 -0.204768 0.9725 0.9611 0.9153
v -0.041625 0.862377 -0.216827 0.9725 0.9611 0.9153
v -0.066713 0.843951 -0.182699 0.9725 0.9611 0.9153
v -0.080448 0.805116 -0.138595 0.9725 0.9611 0.9153
v -0.063440 0.825712 -0.166002 0.9725 0.9611 0.9153
v -0.023823 0.781412 -0.115949 0.9725 0.9611 0.9153
v 0.005622 0.733611 -0.064366 0.9725 0.9611 0.9153
v -0.086189 0.850575 -0.174146 0.9725 0.9611 0.9153
v -0.104446 0.885113 -0.168119 0.9725 0.9611 0.9153
v -0.116075 0.830013 -0.143617 0.9725 0.9611 0.9153
v -0.117631 0.770742 -0.098963 0.9725 0.9611 0.9153
v -0.069872 0.746153 -0.081266 0.9725 0.9611 0.9153
v -0.017374 0.719099 -0.054542 0.9725 0.9611 0.9153
v -0.013097 0.686801 -0.028265 0.9725 0.9611 0.9153
v -0.092824 0.733270 -0.061127 0.9725 0.9611 0.9153
v -0.035272 0.687978 -0.029750 0.9725 0.9611 0.9153
v -0.086385 0.715255 -0.037945 0.9725 0.9611 0.9153
v -0.213843 0.989656 -0.189269 0.9725 0.9611 0.9153
v -0.158501 0.965573 -0.171929 0.9725 0.9611 0.9153
v -0.144223 0.912070 -0.150410 0.9725 0.9611 0.9153
v -0.184869 0.936487 -0.140230 0.9725 0.9611 0.9153
v -0.165136 0.920691 -0.142633 0.9725 0.9611 0.9153
v -0.176139 0.858464 -0.118360 0.9725 0.9611 0.9153
v -0.252690 0.887644 -0.098622 0.9725 0.9611 0.9153
v -0.245409 0.987298 -0.176775 0.9725 0.9611 0.9153
v -0.227197 0.970631 -0.153364 0.9725 0.9611 0.9153
v 0.018298 0.861158 -0.260501 0.9725 0.9611 0.9153
v -0.003993 0.874593 -0.264423 0.9725 0.9611 0.9153
v 0.009897 0.854957 -0.255059 0.9725 0.9611 0.9153
v 0.010621 0.831390 -0.219015 0.9725 0.9611 0.9153
v -0.016929 0.846332 -0.220647 0.9725 0.9611 0.9153
v -0.008663 0.863543 -0.249971 0.9725 0.9611 0.9153
v -0.063170 0.907996 -0.216065 0.9725 0.9611 0.9153
v -0.157474 1.007209 -0.275553 0.9725 0.9611 0.9153
v -0.292792 0.972598 -0.127151 0.9725 0.9611 0.9153
v -0.246645 0.848540 -0.048221 0.9725 0.9611 0.9153
v -0.311360 0.985058 -0.170564 0.9725 0.9611 0.9153
v -0.279920 0.952842 -0.131741 0.9725 0.9611 0.9153
v -0.185633 0.766739 -0.015859 0.9725 0.9611 0.9153
v -0.166033 1.017152 -0.225159 0.9725 0.9611 0.9153
v -0.241987 0.993311 -0.194021 0.9725 0.9611 0.9153
v -0.355427 1.028130 -0.251115 0.9725 0.9611 0.9153
v -0.247146 1.024059 -0.235870 0.9725 0.9611 0.9153
v 0.099735 0.699513 0.055992 0.9725 0.9611 0.9153
v 0.057378 0.658623 0.054370 0.9725 0.9611 0.9153
v 0.088733 0.662528 0.066144 0.9725 0.9611 0.9153
v 0.030765 0.747685 -0.082546 0.9725 0.9611 0.9153
v 0.071092 0.749541 -0.099582 0.9725 0.9611 0.9153
v 0.038597 0.769577 -0.119770 0.9725 0.9611 0.9153
v 0.122241 0.745148 -0.098429 0.9725 0.9611 0.9153
v -0.134579 0.979904 -0.161840 0.9725 0.9611 0.9153
v -0.141458 0.820410 -0.055475 0.9725 0.9611 0.9153
v -0.093538 0.817447 -0.081744 0.9725 0.9611 0.9153
v -0.104619 0.855657 -0.110406 0.9725 0.9611 0.9153
v -0.088234 0.873426 -0.136246 0.9725 0.9611 0.9153
v -0.053194 0.865217 -0.162108 0.9725 0.9611 0.9153
v -0.039461 0.886815 -0.192202 0.9725 0.9611 0.9153
v -0.036298 0.923258 -0.217333 0.9725 0.9611 0.9153
v -0.053779 0.965184 -0.241280 0.9725 0.9611 0.9153
v -0.146026 1.008581 -0.197331 0.9725 0.9611 0.9153
v -0.172293 0.995242 -0.237460 0.9725 0.9611 0.9153
v -0.080277 0.941165 -0.228897 0.9725 0.9611 0.9153
v -0.119806 0.961787 -0.203870 0.9725 0.9611 0.9153
v -0.074001 0.923996 -0.216447 0.9725 0.9611 0.9153
v -0.084767 0.898265 -0.188858 0.9725 0.9611 0.9153
v -0.041114 0.828960 -0.179651 0.9725 0.9611 0.9153
v -0.048920 0.841213 -0.191573 0.9725 0.9611 0.9153
v -0.015898 0.749451 -0.081779 0.9725 0.9611 0.9153
v -0.047572 0.773990 -0.105421 0.9725 0.9611 0.9153
v -0.075276 0.860085 -0.185839 0.9725 0.9611 0.9153
v -0.123521 0.855696 -0.147294 0.9725 0.9611 0.9153
v -0.110080 0.812553 -0.137913 0.9725 0.9611 0.9153
v -0.149730 0.811228 -0.111880 0.9725 0.9611 0.9153
v -0.145352 0.832873 -0.125688 0.9725 0.9611 0.9153
v -0.118174 0.783546 -0.112061 0.9725 0.9611 0.9153
v -0.217485 0.803495 -0.064138 0.9725 0.9611 0.9153
v -0.190981 0.972185 -0.163390 0.9725 0.9611 0.9153
v -0.204057 0.982070 -0.173285 0.9725 0.9611 0.9153
v -0.155067 0.950550 -0.161633 0.9725 0.9611 0.9153
v -0.201489 0.837302 -0.097803 0.9725 0.9611 0.9153
v 0.594339 0.785728 0.134915 0.9725 0.9611 0.9153
v 0.450252 0.752672 0.052976 0.9725 0.9611 0.9153
v 0.417133 0.722512 0.012960 0.9725 0.9611 0.9153
v 0.505498 0.742481 0.321934 0.9725 0.9611 0.9153
v 0.279333 0.617956 0.148479 0.9725 0.9611 0.9153
v 0.163241 0.653151 0.130685 0.9725 0.9611 0.9153
v 0.617793 0.812145 0.270986 0.9725 0.9611 0.9153
v 0.591119 0.794372 0.135570 0.9725 0.9611 0.9153
v 0.499355 0.761856 0.060566 0.9725 0.9611 0.9153
v 0.571715 0.785582 0.164504 0.9725 0.9611 0.9153
v 0.481400 0.748966 0.126045 0.9725 0.9611 0.9153
v 0.400413 0.711901 0.309202 0.9725 0.9611 0.9153
v 0.374838 0.670200 0.316944 0.9725 0.9611 0.9153
v 0.535218 0.729416 0.315862 0.9725 0.9611 0.9153
v 0.189353 0.659570 0.111976 0.9725 0.9611 0.9153
v 0.194783 0.642987 0.164127 0.9725 0.9611 0.9153
v 0.700779 0.824264 0.379724 0.9725 0.9611 0.9153
v 0.681007 0.820401 0.324156 0.9725 0.9611 0.9153
v 0.680551 0.799678 0.373197 0.9725 0.9611 0.9153
v 0.508769 0.781359 0.138951 0.9725 0.9611 0.9153
v 0.349571 0.696053 0.122339 0.9725 0.9611 0.9153
v 0.326481 0.637834 0.122310 0.9725 0.9611 0.9153
v 0.477126 0.700940 0.263877 0.9725 0.9611 0.9153
v 0.384090 0.660944 0.235770 0.9725 0.9611 0.9153
v 0.577119 0.799027 0.142098 0.9725 0.9611 0.9153
v 0.593086 0.787996 0.128923 0.9725 0.9611 0.9153
v 0.492175 0.766063 0.067605 0.9725 0.9611 0.9153
v 0.580857 0.783387 0.127315 0.9725 0.9611 0.9153
v 0.498929 0.750582 0.060908 0.9725 0.9611 0.9153
v 0.429815 0.719206 0.058187 0.9725 0.9611 0.9153
v 0.383067 0.729515 0.020706 0.9725 0.9611 0.9153
v 0.345418 0.703098 0.017069 0.9725 0.9611 0.9153
v 0.379536 0.720424 0.007948 0.9725 0.9611 0.9153
v 0.386627 0.705710 0.283792 0.9725 0.9611 0.9153
v 0.237386 0.614389 0.270835 0.9725 0.9611 0.9153
v 0.367356 0.672524 0.333079 0.9725 0.9611 0.9153
v 0.273017 0.607592 0.237977 0.9725 0.9611 0.9153
v 0.473590 0.695255 0.357126 0.9725 0.9611 0.9153
v 0.433767 0.692731 0.355471 0.9725 0.9611 0.9153
v 0.433518 0.691575 0.324553 0.9725 0.9611 0.9153
v 0.553258 0.707404 0.376205 0.9725 0.9611 0.9153
v 0.569044 0.715528 0.375736 0.9725 0.9611 0.9153
v 0.548516 0.706981 0.392578 0.9725 0.9611 0.9153
v 0.602680 0.753199 0.352736 0.9725 0.9611 0.9153
v 0.609669 0.755494 0.347096 0.9725 0.9611 0.9153
v 0.549299 0.723800 0.373235 0.9725 0.9611 0.9153
v 0.533949 0.748449 0.322999 0.9725 0.9611 0.9153
v 0.591563 0.758058 0.342353 0.9725 0.9611 0.9153
v 0.606744 0.761627 0.349708 0.9725 0.9611 0.9153
v 0.249819 0.674472 0.063750 0.9725 0.9611 0.9153
v 0.237327 0.662916 0.070602 0.9725 0.9611 0.9153
v 0.314564 0.654710 0.078228 0.9725 0.9611 0.9153
v 0.303753 0.658169 0.072633 0.9725 0.9611 0.9153
v 0.226728 0.649956 0.089934 0.9725 0.9611 0.9153
v 0.211402 0.657625 0.086568 0.9725 0.9611 0.9153
v 0.163270 0.623577 0.206608 0.9725 0.9611 0.9153
v 0.147876 0.640277 0.180027 0.9725 0.9611 0.9153
v 0.158420 0.631962 0.177643 0.9725 0.9611 0.9153
v 0.274111 0.607400 0.211748 0.9725 0.9611 0.9153
v 0.177580 0.624953 0.238167 0.9725 0.9611 0.9153
v 0.183632 0.619246 0.241949 0.9725 0.9611 0.9153
v 0.212786 0.649279 0.139581 0.9725 0.9611 0.9153
v 0.168127 0.632024 0.217465 0.9725 0.9611 0.9153
v 0.163105 0.654039 0.135719 0.9725 0.9611 0.9153
v 0.678244 0.799428 0.383192 0.9725 0.9611 0.9153
v 0.625464 0.810105 0.304889 0.9725 0.9611 0.9153
v 0.696856 0.815944 0.359845 0.9725 0.9611 0.9153
v 0.742819 0.812339 0.378630 0.9725 0.9611 0.9153
v 0.679066 0.815023 0.272292 0.9725 0.9611 0.9153
v 0.736167 0.816235 0.317934 0.9725 0.9611 0.9153
v 0.577859 0.787777 0.188028 0.9725 0.9611 0.9153
v 0.714623 0.824953 0.297921 0.9725 0.9611 0.9153
v 0.734721 0.820776 0.309995 0.9725 0.9611 0.9153
v 0.377011 0.699637 0.208496 0.9725 0.9611 0.9153
v 0.491987 0.748690 0.283599 0.9725 0.9611 0.9153
v 0.452062 0.742381 0.216792 0.9725 0.9611 0.9153
v 0.449185 0.738539 0.242488 0.9725 0.9611 0.9153
v 0.419296 0.728385 0.161566 0.9725 0.9611 0.9153
v 0.578034 0.781710 0.292382 0.9725 0.9611 0.9153
v 0.493978 0.761621 0.220062 0.9725 0.9611 0.9153
v 0.510582 0.778497 0.169449 0.9725 0.9611 0.9153
v 0.549265 0.796354 0.177752 0.9725 0.9611 0.9153
v 0.444562 0.753863 0.068846 0.9725 0.9611 0.9153
v 0.489694 0.772569 0.086112 0.9725 0.9611 0.9153
v 0.317011 0.642908 0.101417 0.9725 0.9611 0.9153
v 0.499601 0.748598 0.163070 0.9725 0.9611 0.9153
v 0.467612 0.734370 0.154317 0.9725 0.9611 0.9153
v 0.526646 0.741042 0.261105 0.9725 0.9611 0.9153
v 0.547504 0.743103 0.291226 0.9725 0.9611 0.9153
v 0.348577 0.635430 0.189073 0.9725 0.9611 0.9153
v 0.303413 0.614423 0.205088 0.9725 0.9611 0.9153
v 0.436949 0.687490 0.249774 0.9725 0.9611 0.9153
v 0.321898 0.621700 0.210408 0.9725 0.9611 0.9153
v 0.555389 0.796630 0.135929 0.9725 0.9611 0.9153
v 0.570935 0.791399 0.117317 0.9725 0.9611 0.9153
v 0.560090 0.793421 0.123168 0.9725 0.9611 0.9153
v 0.569584 0.784742 0.106945 0.9725 0.9611 0.9153
v 0.531560 0.772644 0.086206 0.9725 0.9611 0.9153
v 0.522530 0.778671 0.101144 0.9725 0.9611 0.9153
v 0.584209 0.786747 0.118169 0.9725 0.9611 0.9153
v 0.565393 0.775017 0.095379 0.9725 0.9611 0.9153
v 0.572285 0.778238 0.109408 0.9725 0.9611 0.9153
v 0.549347 0.762913 0.080146 0.9725 0.9611 0.9153
v 0.526708 0.758477 0.065928 0.9725 0.9611 0.9153
v 0.489993 0.753018 0.049942 0.9725 0.9611 0.9153
v 0.498509 0.751483 0.054917 0.9725 0.9611 0.9153
v 0.459989 0.739262 0.035683 0.9725 0.9611 0.9153
v 0.428023 0.732975 0.018172 0.9725 0.9611 0.9153
v 0.456352 0.743079 0.035352 0.9725 0.9611 0.9153
v 0.453041 0.748168 0.041483 0.9725 0.9611 0.9153
v 0.526838 0.761987 0.101799 0.9725 0.9611 0.9153
v 0.505504 0.756816 0.100835 0.9725 0.9611 0.9153
v 0.534346 0.755609 0.075469 0.9725 0.9611 0.9153
v 0.514266 0.760790 0.117424 0.9725 0.9611 0.9153
v 0.547629 0.776843 0.131844 0.9725 0.9611 0.9153
v 0.535507 0.772836 0.152076 0.9725 0.9611 0.9153
v 0.498780 0.755797 0.113187 0.9725 0.9611 0.9153
v 0.482984 0.749623 0.081616 0.9725 0.9611 0.9153
v 0.473673 0.747100 0.097906 0.9725 0.9611 0.9153
v 0.439756 0.722642 0.082964 0.9725 0.9611 0.9153
v 0.453563 0.733488 0.056701 0.9725 0.9611 0.9153
v 0.481932 0.745663 0.051918 0.9725 0.9611 0.9153
v 0.448019 0.731359 0.033934 0.9725 0.9611 0.9153
v 0.370416 0.706671 0.008587 0.9725 0.9611 0.9153
v 0.388678 0.711973 0.007576 0.9725 0.9611 0.9153
v 0.353595 0.700651 0.013527 0.9725 0.9611 0.9153
v 0.406600 0.710578 0.039429 0.9725 0.9611 0.9153
v 0.354961 0.686438 0.040734 0.9725 0.9611 0.9153
v 0.338497 0.681890 0.037471 0.9725 0.9611 0.9153
v 0.343944 0.682265 0.040114 0.9725 0.9611 0.9153
v 0.333558 0.694634 0.025476 0.9725 0.9611 0.9153
v 0.334872 0.688459 0.027421 0.9725 0.9611 0.9153
v 0.310147 0.672045 0.053818 0.9725 0.9611 0.9153
v 0.311678 0.678734 0.047760 0.9725 0.9611 0.9153
v 0.408065 0.740663 0.034547 0.9725 0.9611 0.9153
v 0.411493 0.736400 0.020162 0.9725 0.9611 0.9153
v 0.360927 0.717050 0.017892 0.9725 0.9611 0.9153
v 0.365576 0.723339 0.037458 0.9725 0.9611 0.9153
v 0.397930 0.726642 0.009494 0.9725 0.9611 0.9153
v 0.390165 0.718518 0.004890 0.9725 0.9611 0.9153
v 0.339175 0.703667 0.025357 0.9725 0.9611 0.9153
v 0.312886 0.683480 0.045939 0.9725 0.9611 0.9153
v 0.302422 0.683250 0.057598 0.9725 0.9611 0.9153
v 0.314042 0.686991 0.048317 0.9725 0.9611 0.9153
v 0.341487 0.708184 0.038552 0.9725 0.9611 0.9153
v 0.307878 0.683628 0.069575 0.9725 0.9611 0.9153
v 0.318267 0.690499 0.051311 0.9725 0.9611 0.9153
v 0.317796 0.688274 0.068041 0.9725 0.9611 0.9153
v 0.290851 0.645324 0.214620 0.9725 0.9611 0.9153
v 0.227624 0.625643 0.251139 0.9725 0.9611 0.9153
v 0.294488 0.641071 0.266892 0.9725 0.9611 0.9153
v 0.234894 0.621911 0.266395 0.9725 0.9611 0.9153
v 0.292490 0.635969 0.292727 0.9725 0.9611 0.9153
v 0.260356 0.626355 0.272858 0.9725 0.9611 0.9153
v 0.314870 0.646524 0.306453 0.9725 0.9611 0.9153
v 0.366966 0.684065 0.325911 0.9725 0.9611 0.9153
v 0.319360 0.653913 0.292722 0.9725 0.9611 0.9153
v 0.440539 0.716926 0.354704 0.9725 0.9611 0.9153
v 0.410100 0.710052 0.338744 0.9725 0.9611 0.9153
v 0.448970 0.706290 0.373029 0.9725 0.9611 0.9153
v 0.419015 0.704867 0.358094 0.9725 0.9611 0.9153
v 0.477911 0.701273 0.385341 0.9725 0.9611 0.9153
v 0.484833 0.707127 0.383565 0.9725 0.9611 0.9153
v 0.481694 0.720724 0.365748 0.9725 0.9611 0.9153
v 0.446877 0.731932 0.317878 0.9725 0.9611 0.9153
v 0.417917 0.724531 0.287116 0.9725 0.9611 0.9153
v 0.465334 0.728651 0.343681 0.9725 0.9611 0.9153
v 0.290997 0.629627 0.295940 0.9725 0.9611 0.9153
v 0.249898 0.618913 0.278108 0.9725 0.9611 0.9153
v 0.272604 0.617890 0.282529 0.9725 0.9611 0.9153
v 0.319970 0.634502 0.289084 0.9725 0.9611 0.9153
v 0.383461 0.686822 0.344205 0.9725 0.9611 0.9153
v 0.278617 0.612046 0.260865 0.9725 0.9611 0.9153
v 0.422905 0.687634 0.297582 0.9725 0.9611 0.9153
v 0.498211 0.702796 0.341427 0.9725 0.9611 0.9153
v 0.428269 0.695412 0.364329 0.9725 0.9611 0.9153
v 0.416826 0.697566 0.361951 0.9725 0.9611 0.9153
v 0.412839 0.688482 0.347781 0.9725 0.9611 0.9153
v 0.519931 0.697558 0.386988 0.9725 0.9611 0.9153
v 0.479063 0.695034 0.378892 0.9725 0.9611 0.9153
v 0.500730 0.697470 0.390287 0.9725 0.9611 0.9153
v 0.471961 0.696959 0.382255 0.9725 0.9611 0.9153
v 0.549246 0.703798 0.390513 0.9725 0.9611 0.9153
v 0.532057 0.700380 0.393838 0.9725 0.9611 0.9153
v 0.571841 0.717245 0.381052 0.9725 0.9611 0.9153
v 0.515902 0.703034 0.360907 0.9725 0.9611 0.9153
v 0.526417 0.711794 0.345901 0.9725 0.9611 0.9153
v 0.569200 0.730647 0.340573 0.9725 0.9611 0.9153
v 0.569329 0.744905 0.306622 0.9725 0.9611 0.9153
v 0.591232 0.749520 0.324115 0.9725 0.9611 0.9153
v 0.608736 0.755238 0.351516 0.9725 0.9611 0.9153
v 0.594452 0.742920 0.355785 0.9725 0.9611 0.9153
v 0.603346 0.753340 0.336590 0.9725 0.9611 0.9153
v 0.627311 0.767587 0.356674 0.9725 0.9611 0.9153
v 0.618047 0.763578 0.354729 0.9725 0.9611 0.9153
v 0.524279 0.736405 0.343991 0.9725 0.9611 0.9153
v 0.540091 0.730709 0.359301 0.9725 0.9611 0.9153
v 0.535098 0.707954 0.391634 0.9725 0.9611 0.9153
v 0.501473 0.715311 0.377829 0.9725 0.9611 0.9153
v 0.520656 0.702750 0.393377 0.9725 0.9611 0.9153
v 0.569743 0.719537 0.382519 0.9725 0.9611 0.9153
v 0.583103 0.744403 0.354881 0.9725 0.9611 0.9153
v 0.589558 0.740927 0.360104 0.9725 0.9611 0.9153
v 0.608563 0.771990 0.342203 0.9725 0.9611 0.9153
v 0.567069 0.758524 0.324389 0.9725 0.9611 0.9153
v 0.596803 0.783309 0.314909 0.9725 0.9611 0.9153
v 0.583321 0.774046 0.312290 0.9725 0.9611 0.9153
v 0.276709 0.677234 0.068906 0.9725 0.9611 0.9153
v 0.295039 0.680680 0.056322 0.9725 0.9611 0.9153
v 0.292401 0.678334 0.054469 0.9725 0.9611 0.9153
v 0.232788 0.670571 0.067789 0.9725 0.9611 0.9153
v 0.258114 0.673878 0.059522 0.9725 0.9611 0.9153
v 0.218481 0.669521 0.077343 0.9725 0.9611 0.9153
v 0.211675 0.666220 0.079367 0.9725 0.9611 0.9153
v 0.185415 0.661176 0.101317 0.9725 0.9611 0.9153
v 0.242325 0.670264 0.080172 0.9725 0.9611 0.9153
v 0.296911 0.676457 0.053653 0.9725 0.9611 0.9153
v 0.293998 0.668331 0.060057 0.9725 0.9611 0.9153
v 0.253729 0.668377 0.062222 0.9725 0.9611 0.9153
v 0.265432 0.654834 0.075858 0.9725 0.9611 0.9153
v 0.245929 0.643884 0.094063 0.9725 0.9611 0.9153
v 0.266364 0.633102 0.111159 0.9725 0.9611 0.9153
v 0.242310 0.624120 0.132492 0.9725 0.9611 0.9153
v 0.221980 0.631291 0.123933 0.9725 0.9611 0.9153
v 0.187647 0.656542 0.101883 0.9725 0.9611 0.9153
v 0.174374 0.639940 0.138115 0.9725 0.9611 0.9153
v 0.198345 0.637844 0.122852 0.9725 0.9611 0.9153
v 0.163454 0.647387 0.136590 0.9725 0.9611 0.9153
v 0.152948 0.641903 0.161582 0.9725 0.9611 0.9153
v 0.185729 0.621732 0.171091 0.9725 0.9611 0.9153
v 0.177558 0.617732 0.206662 0.9725 0.9611 0.9153
v 0.151698 0.632191 0.204276 0.9725 0.9611 0.9153
v 0.149903 0.636026 0.199359 0.9725 0.9611 0.9153
v 0.213983 0.619736 0.154273 0.9725 0.9611 0.9153
v 0.235659 0.611320 0.173593 0.9725 0.9611 0.9153
v 0.269468 0.610880 0.177147 0.9725 0.9611 0.9153
v 0.237452 0.606668 0.203096 0.9725 0.9611 0.9153
v 0.202216 0.613278 0.188685 0.9725 0.9611 0.9153
v 0.207620 0.609397 0.221287 0.9725 0.9611 0.9153
v 0.229114 0.608863 0.252385 0.9725 0.9611 0.9153
v 0.252420 0.605456 0.234813 0.9725 0.9611 0.9153
v 0.160471 0.630338 0.219424 0.9725 0.9611 0.9153
v 0.161641 0.626796 0.222426 0.9725 0.9611 0.9153
v 0.182327 0.616945 0.231349 0.9725 0.9611 0.9153
v 0.210618 0.615619 0.258069 0.9725 0.9611 0.9153
v 0.201648 0.619858 0.255756 0.9725 0.9611 0.9153
v 0.273912 0.658765 0.132038 0.9725 0.9611 0.9153
v 0.149730 0.640762 0.187080 0.9725 0.9611 0.9153
v 0.226596 0.638310 0.185528 0.9725 0.9611 0.9153
v 0.656254 0.808636 0.360109 0.9725 0.9611 0.9153
v 0.682474 0.813415 0.380605 0.9725 0.9611 0.9153
v 0.684077 0.823925 0.368223 0.9725 0.9611 0.9153
v 0.654116 0.814143 0.347238 0.9725 0.9611 0.9153
v 0.658939 0.798092 0.371822 0.9725 0.9611 0.9153
v 0.705362 0.807637 0.391449 0.9725 0.9611 0.9153
v 0.722724 0.811707 0.392286 0.9725 0.9611 0.9153
v 0.711216 0.817720 0.389705 0.9725 0.9611 0.9153
v 0.693961 0.812295 0.387394 0.9725 0.9611 0.9153
v 0.737241 0.824449 0.377769 0.9725 0.9611 0.9153
v 0.717933 0.829764 0.374941 0.9725 0.9611 0.9153
v 0.726488 0.820590 0.387868 0.9725 0.9611 0.9153
v 0.735698 0.812420 0.388466 0.9725 0.9611 0.9153
v 0.744231 0.815777 0.382479 0.9725 0.9611 0.9153
v 0.750671 0.819809 0.353140 0.9725 0.9611 0.9153
v 0.750942 0.816781 0.367862 0.9725 0.9611 0.9153
v 0.741997 0.827472 0.349912 0.9725 0.9611 0.9153
v 0.721945 0.833671 0.351072 0.9725 0.9611 0.9153
v 0.741081 0.827056 0.365479 0.9725 0.9611 0.9153
v 0.671247 0.826716 0.337228 0.9725 0.9611 0.9153
v 0.699746 0.831775 0.362931 0.9725 0.9611 0.9153
v 0.702409 0.833858 0.340425 0.9725 0.9611 0.9153
v 0.639500 0.819663 0.269558 0.9725 0.9611 0.9153
v 0.661406 0.787561 0.371888 0.9725 0.9611 0.9153
v 0.692901 0.801890 0.382528 0.9725 0.9611 0.9153
v 0.693329 0.802203 0.387106 0.9725 0.9611 0.9153
v 0.598559 0.760991 0.316651 0.9725 0.9611 0.9153
v 0.660493 0.788474 0.366301 0.9725 0.9611 0.9153
v 0.677222 0.810954 0.353492 0.9725 0.9611 0.9153
v 0.637165 0.798640 0.325338 0.9725 0.9611 0.9153
v 0.646602 0.809305 0.317936 0.9725 0.9611 0.9153
v 0.617706 0.798942 0.295042 0.9725 0.9611 0.9153
v 0.707344 0.819441 0.356216 0.9725 0.9611 0.9153
v 0.668184 0.816414 0.329510 0.9725 0.9611 0.9153
v 0.720419 0.808234 0.390744 0.9725 0.9611 0.9153
v 0.716206 0.808568 0.384476 0.9725 0.9611 0.9153
v 0.714217 0.821227 0.343940 0.9725 0.9611 0.9153
v 0.748984 0.816422 0.349884 0.9725 0.9611 0.9153
v 0.694685 0.820682 0.309209 0.9725 0.9611 0.9153
v 0.643529 0.812182 0.256481 0.9725 0.9611 0.9153
v 0.706876 0.809679 0.267455 0.9725 0.9611 0.9153
v 0.653474 0.816379 0.287527 0.9725 0.9611 0.9153
v 0.619945 0.806018 0.276945 0.9725 0.9611 0.9153
v 0.611991 0.804618 0.248791 0.9725 0.9611 0.9153
v 0.615974 0.803317 0.224891 0.9725 0.9611 0.9153
v 0.548268 0.777843 0.199770 0.9725 0.9611 0.9153
v 0.555943 0.782385 0.174165 0.9725 0.9611 0.9153
v 0.635297 0.804939 0.222829 0.9725 0.9611 0.9153
v 0.612649 0.785818 0.157553 0.9725 0.9611 0.9153
v 0.634908 0.816137 0.240426 0.9725 0.9611 0.9153
v 0.703574 0.831472 0.316287 0.9725 0.9611 0.9153
v 0.655887 0.815687 0.236411 0.9725 0.9611 0.9153
v 0.733801 0.828401 0.330599 0.9725 0.9611 0.9153
v 0.741495 0.817628 0.320301 0.9725 0.9611 0.9153
v 0.746451 0.820443 0.334064 0.9725 0.9611 0.9153
v 0.720994 0.816012 0.284080 0.9725 0.9611 0.9153
v 0.716382 0.811727 0.274115 0.9725 0.9611 0.9153
v 0.687363 0.807057 0.237088 0.9725 0.9611 0.9153
v 0.675415 0.811329 0.235029 0.9725 0.9611 0.9153
v 0.648556 0.796308 0.195090 0.9725 0.9611 0.9153
v 0.684841 0.804398 0.234138 0.9725 0.9611 0.9153
v 0.614259 0.787274 0.153329 0.9725 0.9611 0.9153
v 0.615101 0.793840 0.162098 0.9725 0.9611 0.9153
v 0.590472 0.802061 0.189319 0.9725 0.9611 0.9153
v 0.600766 0.799932 0.171915 0.9725 0.9611 0.9153
v 0.312787 0.657794 0.201412 0.9725 0.9611 0.9153
v 0.298136 0.663181 0.150558 0.9725 0.9611 0.9153
v 0.464758 0.743568 0.262110 0.9725 0.9611 0.9153
v 0.409400 0.719534 0.214521 0.9725 0.9611 0.9153
v 0.472598 0.750936 0.230649 0.9725 0.9611 0.9153
v 0.474166 0.768499 0.146249 0.9725 0.9611 0.9153
v 0.321594 0.674678 0.147692 0.9725 0.9611 0.9153
v 0.524767 0.762772 0.272079 0.9725 0.9611 0.9153
v 0.549582 0.762107 0.304036 0.9725 0.9611 0.9153
v 0.534962 0.764073 0.284332 0.9725 0.9611 0.9153
v 0.575592 0.789412 0.267123 0.9725 0.9611 0.9153
v 0.570150 0.792528 0.242617 0.9725 0.9611 0.9153
v 0.538972 0.780284 0.237442 0.9725 0.9611 0.9153
v 0.508805 0.767777 0.210543 0.9725 0.9611 0.9153
v 0.485064 0.771492 0.161908 0.9725 0.9611 0.9153
v 0.482196 0.774592 0.121916 0.9725 0.9611 0.9153
v 0.439716 0.751896 0.085602 0.9725 0.9611 0.9153
v 0.544326 0.790552 0.202664 0.9725 0.9611 0.9153
v 0.538288 0.793198 0.148414 0.9725 0.9611 0.9153
v 0.516892 0.781806 0.117629 0.9725 0.9611 0.9153
v 0.561747 0.799777 0.161346 0.9725 0.9611 0.9153
v 0.485650 0.774833 0.104037 0.9725 0.9611 0.9153
v 0.316274 0.677598 0.109227 0.9725 0.9611 0.9153
v 0.307269 0.673394 0.110233 0.9725 0.9611 0.9153
v 0.391062 0.735970 0.046607 0.9725 0.9611 0.9153
v 0.372315 0.686985 0.061890 0.9725 0.9611 0.9153
v 0.418469 0.706740 0.086899 0.9725 0.9611 0.9153
v 0.373690 0.679667 0.085876 0.9725 0.9611 0.9153
v 0.434401 0.712000 0.112965 0.9725 0.9611 0.9153
v 0.461538 0.715110 0.190605 0.9725 0.9611 0.9153
v 0.415119 0.685595 0.151831 0.9725 0.9611 0.9153
v 0.358867 0.648414 0.147024 0.9725 0.9611 0.9153
v 0.300046 0.631662 0.117290 0.9725 0.9611 0.9153
v 0.310501 0.624868 0.140741 0.9725 0.9611 0.9153
v 0.502122 0.755207 0.138941 0.9725 0.9611 0.9153
v 0.571023 0.782551 0.246798 0.9725 0.9611 0.9153
v 0.528951 0.757146 0.232182 0.9725 0.9611 0.9153
v 0.472998 0.722172 0.195649 0.9725 0.9611 0.9153
v 0.461179 0.701374 0.228472 0.9725 0.9611 0.9153
v 0.506343 0.724427 0.237045 0.9725 0.9611 0.9153
v 0.563162 0.768571 0.265231 0.9725 0.9611 0.9153
v 0.539122 0.743986 0.278351 0.9725 0.9611 0.9153
v 0.577566 0.755269 0.296883 0.9725 0.9611 0.9153
v 0.501672 0.711013 0.305260 0.9725 0.9611 0.9153
v 0.523760 0.725835 0.308105 0.9725 0.9611 0.9153
v 0.481396 0.700359 0.314050 0.9725 0.9611 0.9153
v 0.510360 0.709152 0.333747 0.9725 0.9611 0.9153
v 0.342206 0.634197 0.163730 0.9725 0.9611 0.9153
v 0.320969 0.622530 0.172941 0.9725 0.9611 0.9153
v 0.293622 0.614424 0.173011 0.9725 0.9611 0.9153
v 0.396545 0.667368 0.180711 0.9725 0.9611 0.9153
v 0.450374 0.698654 0.213437 0.9725 0.9611 0.9153
v 0.404686 0.671160 0.213877 0.9725 0.9611 0.9153
v 0.447401 0.693609 0.234432 0.9725 0.9611 0.9153
v 0.411367 0.676579 0.246050 0.9725 0.9611 0.9153
v 0.452375 0.693096 0.269792 0.9725 0.9611 0.9153
v 0.465711 0.695998 0.317108 0.9725 0.9611 0.9153
v 0.344249 0.634796 0.220144 0.9725 0.9611 0.9153
v 0.534027 0.756386 0.069074 0.9725 0.9611 0.9153
v 0.414020 0.718119 0.017790 0.9725 0.9611 0.9153
v 0.410872 0.725477 0.009538 0.9725 0.9611 0.9153
v 0.368875 0.712484 0.007172 0.9725 0.9611 0.9153
v 0.273902 0.638034 0.222234 0.9725 0.9611 0.9153
v 0.256142 0.630864 0.240114 0.9725 0.9611 0.9153
v 0.272425 0.627792 0.284817 0.9725 0.9611 0.9153
v 0.432518 0.729381 0.305953 0.9725 0.9611 0.9153
v 0.254713 0.609644 0.262988 0.9725 0.9611 0.9153
v 0.304884 0.631601 0.296631 0.9725 0.9611 0.9153
v 0.299783 0.619052 0.264099 0.9725 0.9611 0.9153
v 0.292192 0.612375 0.236053 0.9725 0.9611 0.9153
v 0.328647 0.631478 0.256825 0.9725 0.9611 0.9153
v 0.394469 0.681036 0.330426 0.9725 0.9611 0.9153
v 0.392559 0.684727 0.346499 0.9725 0.9611 0.9153
v 0.560191 0.709882 0.388815 0.9725 0.9611 0.9153
v 0.150920 0.646594 0.160696 0.9725 0.9611 0.9153
v 0.251501 0.655000 0.129143 0.9725 0.9611 0.9153
v 0.625784 0.771316 0.357816 0.9725 0.9611 0.9153
v 0.584919 0.778072 0.279052 0.9725 0.9611 0.9153
v 0.568387 0.785922 0.207087 0.9725 0.9611 0.9153
v 0.594958 0.789247 0.177978 0.9725 0.9611 0.9153
v 0.636579 0.794580 0.180555 0.9725 0.9611 0.9153
v 0.321965 0.658935 0.247706 0.9725 0.9611 0.9153
v 0.375980 0.703105 0.160168 0.9725 0.9611 0.9153
v 0.512989 0.749457 0.304860 0.9725 0.9611 0.9153
v 0.580266 0.800408 0.211162 0.9725 0.9611 0.9153
v 0.430242 0.743211 0.115921 0.9725 0.9611 0.9153
v 0.368929 0.722919 0.059750 0.9725 0.9611 0.9153
v 0.429405 0.698134 0.145642 0.9725 0.9611 0.9153
v 0.466035 0.739950 0.125528 0.9725 0.9611 0.9153
v 0.526987 0.766425 0.164855 0.9725 0.9611 0.9153
v 0.540895 0.771273 0.219268 0.9725 0.9611 0.9153
v 0.514626 0.754880 0.176652 0.9725 0.9611 0.9153
v 0.513881 0.748411 0.196274 0.9725 0.9611 0.9153
v 0.495802 0.724259 0.215284 0.9725 0.9611 0.9153
v 0.484269 0.714427 0.228078 0.9725 0.9611 0.9153
v 0.529418 0.738956 0.272873 0.9725 0.9611 0.9153
v 0.537924 0.761965 0.243329 0.9725 0.9611 0.9153
v 0.555967 0.754928 0.277534 0.9725 0.9611 0.9153
v -0.030954 0.913483 0.128744 0.9725 0.9611 0.9153
v -0.068711 0.938738 0.054551 0.9725 0.9611 0.9153
v 0.117633 0.879315 0.341618 0.9725 0.9611 0.9153
v -0.134983 1.049315 0.364834 0.9725 0.9611 0.9153
v 0.037245 0.937092 0.203260 0.9725 0.9611 0.9153
v 0.024609 0.913846 0.225656 0.9725 0.9611 0.9153
v 0.043387 0.791049 0.077249 0.9725 0.9611 0.9153
v 0.031095 0.888393 0.114590 0.9725 0.9611 0.9153
v -0.066597 0.922795 0.060616 0.9725 0.9611 0.9153
v -0.146478 1.036137 0.172899 0.9725 0.9611 0.9153
v -0.083469 1.004753 0.149338 0.9725 0.9611 0.9153
v 0.115542 0.890437 0.325872 0.9725 0.9611 0.9153
v 0.042974 0.985840 0.335946 0.9725 0.9611 0.9153
v 0.102329 0.872764 0.334086 0.9725 0.9611 0.9153
v 0.090183 0.758871 0.237882 0.9725 0.9611 0.9153
v 0.100202 0.827195 0.293768 0.9725 0.9611 0.9153
v 0.096808 0.767938 0.230963 0.9725 0.9611 0.9153
v -0.128152 1.091670 0.306071 0.9725 0.9611 0.9153
v -0.105966 1.039137 0.236645 0.9725 0.9611 0.9153
v -0.058066 1.022983 0.364779 0.9725 0.9611 0.9153
v 0.128411 0.701672 0.162752 0.9725 0.9611 0.9153
v 0.110446 0.692310 0.111818 0.9725 0.9611 0.9153
v 0.030614 0.769842 0.121630 0.9725 0.9611 0.9153
v 0.060572 0.803798 0.113234 0.9725 0.9611 0.9153
v 0.064795 0.847582 0.178539 0.9725 0.9611 0.9153
v 0.090991 0.861738 0.223454 0.9725 0.9611 0.9153
v 0.044651 0.869228 0.125580 0.9725 0.9611 0.9153
v -0.012867 0.911166 0.170544 0.9725 0.9611 0.9153
v 0.027439 0.846605 0.095947 0.9725 0.9611 0.9153
v 0.017119 0.807077 0.066040 0.9725 0.9611 0.9153
v -0.043585 0.894603 0.058144 0.9725 0.9611 0.9153
v 0.007478 0.916363 0.101417 0.9725 0.9611 0.9153
v 0.025755 0.775713 0.068936 0.9725 0.9611 0.9153
v -0.013562 0.831679 0.099914 0.9725 0.9611 0.9153
v -0.049158 0.914282 0.090916 0.9725 0.9611 0.9153
v -0.051180 0.878675 0.075467 0.9725 0.9611 0.9153
v -0.133802 0.986453 0.117890 0.9725 0.9611 0.9153
v -0.089372 0.959189 0.085616 0.9725 0.9611 0.9153
v -0.061275 0.949768 0.127043 0.9725 0.9611 0.9153
v -0.120907 0.998778 0.162611 0.9725 0.9611 0.9153
v -0.065720 0.973710 0.079972 0.9725 0.9611 0.9153
v -0.054922 0.984844 0.108268 0.9725 0.9611 0.9153
v -0.077981 0.967705 0.071609 0.9725 0.9611 0.9153
v -0.141417 1.029966 0.140493 0.9725 0.9611 0.9153
v 0.019327 1.014844 0.368253 0.9725 0.9611 0.9153
v 0.019241 1.003062 0.396321 0.9725 0.9611 0.9153
v 0.017292 1.009834 0.390181 0.9725 0.9611 0.9153
v 0.118850 0.882310 0.335994 0.9725 0.9611 0.9153
v 0.114682 0.886374 0.298901 0.9725 0.9611 0.9153
v 0.075629 0.939382 0.310986 0.9725 0.9611 0.9153
v 0.017811 0.994195 0.375960 0.9725 0.9611 0.9153
v 0.087286 0.879912 0.321005 0.9725 0.9611 0.9153
v 0.071671 0.918980 0.364269 0.9725 0.9611 0.9153
v 0.061664 0.922157 0.348018 0.9725 0.9611 0.9153
v 0.113030 0.873451 0.341714 0.9725 0.9611 0.9153
v 0.083810 0.910227 0.366222 0.9725 0.9611 0.9153
v 0.110025 0.838637 0.314450 0.9725 0.9611 0.9153
v 0.117053 0.834885 0.316605 0.9725 0.9611 0.9153
v 0.090903 0.848468 0.292978 0.9725 0.9611 0.9153
v 0.096608 0.862815 0.315540 0.9725 0.9611 0.9153
v 0.074998 0.794927 0.242937 0.9725 0.9611 0.9153
v 0.083329 0.772093 0.244762 0.9725 0.9611 0.9153
v 0.096685 0.785734 0.254052 0.9725 0.9611 0.9153
v 0.095951 0.823586 0.229733 0.9725 0.9611 0.9153
v -0.107970 1.073380 0.215824 0.9725 0.9611 0.9153
v -0.141944 1.077341 0.262393 0.9725 0.9611 0.9153
v -0.123596 1.082548 0.344367 0.9725 0.9611 0.9153
v -0.084750 1.057535 0.283031 0.9725 0.9611 0.9153
v -0.099377 1.073272 0.333584 0.9725 0.9611 0.9153
v -0.139443 1.069910 0.231375 0.9725 0.9611 0.9153
v -0.141083 1.064959 0.342846 0.9725 0.9611 0.9153
v -0.114031 1.031037 0.370056 0.9725 0.9611 0.9153
v -0.033338 1.012631 0.371871 0.9725 0.9611 0.9153
v -0.019063 1.015324 0.387490 0.9725 0.9611 0.9153
v 0.088510 0.794268 0.197561 0.9725 0.9611 0.9153
v 0.136629 0.692262 0.140244 0.9725 0.9611 0.9153
v 0.109871 0.722442 0.148137 0.9725 0.9611 0.9153
v 0.092473 0.747645 0.128786 0.9725 0.9611 0.9153
v 0.073254 0.760873 0.223032 0.9725 0.9611 0.9153
v 0.087152 0.726454 0.198199 0.9725 0.9611 0.9153
v 0.081877 0.745732 0.219540 0.9725 0.9611 0.9153
v 0.131957 0.688747 0.132657 0.9725 0.9611 0.9153
v 0.089850 0.703797 0.106380 0.9725 0.9611 0.9153
v 0.116230 0.693419 0.085903 0.9725 0.9611 0.9153
v 0.042862 0.761901 0.149509 0.9725 0.9611 0.9153
v 0.071539 0.721488 0.134682 0.9725 0.9611 0.9153
v 0.013988 0.786703 0.106283 0.9725 0.9611 0.9153
v 0.028849 0.766970 0.098219 0.9725 0.9611 0.9153
v 0.071390 0.778898 0.110001 0.9725 0.9611 0.9153
v 0.070480 0.808162 0.139805 0.9725 0.9611 0.9153
v 0.057591 0.786220 0.092473 0.9725 0.9611 0.9153
v 0.002332 1.022281 0.331998 0.9725 0.9611 0.9153
v 0.094496 0.907925 0.276523 0.9725 0.9611 0.9153
v 0.061498 0.922117 0.246810 0.9725 0.9611 0.9153
v 0.019632 0.972800 0.238728 0.9725 0.9611 0.9153
v -0.017272 1.005865 0.254711 0.9725 0.9611 0.9153
v 0.081647 0.805645 0.182183 0.9725 0.9611 0.9153
v 0.063535 0.894265 0.223556 0.9725 0.9611 0.9153
v 0.053943 0.890966 0.198092 0.9725 0.9611 0.9153
v 0.056671 0.833322 0.125026 0.9725 0.9611 0.9153
v 0.003832 0.975062 0.215569 0.9725 0.9611 0.9153
v 0.012809 0.901049 0.189989 0.9725 0.9611 0.9153
v -0.058594 0.970760 0.227838 0.9725 0.9611 0.9153
v -0.002605 0.858305 0.139278 0.9725 0.9611 0.9153
v 0.052781 0.832675 0.209516 0.9725 0.9611 0.9153
v 0.064145 0.785421 0.216378 0.9725 0.9611 0.9153
v 0.017939 0.834057 0.080282 0.9725 0.9611 0.9153
v 0.026075 0.807884 0.073318 0.9725 0.9611 0.9153
v 0.019991 0.791429 0.063751 0.9725 0.9611 0.9153
v -0.022803 0.846021 0.057119 0.9725 0.9611 0.9153
v -0.009497 0.848767 0.064164 0.9725 0.9611 0.9153
v -0.037238 0.879818 0.059355 0.9725 0.9611 0.9153
v -0.049199 0.880298 0.055092 0.9725 0.9611 0.9153
v -0.061948 0.914919 0.051741 0.9725 0.9611 0.9153
v -0.061032 0.937987 0.053705 0.9725 0.9611 0.9153
v -0.053320 0.926174 0.054595 0.9725 0.9611 0.9153
v -0.012605 0.899321 0.080706 0.9725 0.9611 0.9153
v -0.048620 0.951270 0.063923 0.9725 0.9611 0.9153
v -0.031351 0.937256 0.070188 0.9725 0.9611 0.9153
v -0.021472 0.950568 0.084593 0.9725 0.9611 0.9153
v 0.011128 0.794736 0.065381 0.9725 0.9611 0.9153
v 0.016795 0.782169 0.074312 0.9725 0.9611 0.9153
v -0.015124 0.823388 0.068136 0.9725 0.9611 0.9153
v -0.016337 0.826983 0.083732 0.9725 0.9611 0.9153
v -0.046057 0.863810 0.073190 0.9725 0.9611 0.9153
v -0.035891 0.866188 0.095223 0.9725 0.9611 0.9153
v -0.016709 0.885062 0.134374 0.9725 0.9611 0.9153
v -0.049985 0.866506 0.060758 0.9725 0.9611 0.9153
v -0.058113 0.883081 0.058223 0.9725 0.9611 0.9153
v -0.047961 0.867888 0.056025 0.9725 0.9611 0.9153
v -0.096483 0.965288 0.083514 0.9725 0.9611 0.9153
v -0.076270 0.947053 0.062980 0.9725 0.9611 0.9153
v -0.071396 0.941349 0.073920 0.9725 0.9611 0.9153
v -0.138588 0.992743 0.115476 0.9725 0.9611 0.9153
v -0.110487 0.976383 0.093888 0.9725 0.9611 0.9153
v -0.079015 0.960017 0.172864 0.9725 0.9611 0.9153
v -0.073235 0.957296 0.131526 0.9725 0.9611 0.9153
v -0.103799 0.973755 0.143829 0.9725 0.9611 0.9153
v -0.112386 0.982941 0.154772 0.9725 0.9611 0.9153
v -0.115448 1.006187 0.183726 0.9725 0.9611 0.9153
v -0.147385 1.006114 0.133137 0.9725 0.9611 0.9153
v -0.151154 1.017523 0.134083 0.9725 0.9611 0.9153
v -0.152273 1.028429 0.151810 0.9725 0.9611 0.9153
v -0.144381 1.063154 0.196942 0.9725 0.9611 0.9153
v -0.152187 1.044820 0.167350 0.9725 0.9611 0.9153
v -0.041608 0.973498 0.092502 0.9725 0.9611 0.9153
v -0.054452 0.964848 0.072523 0.9725 0.9611 0.9153
v -0.097077 0.993391 0.113796 0.9725 0.9611 0.9153
v -0.082013 0.995186 0.125681 0.9725 0.9611 0.9153
v -0.065574 0.953561 0.059405 0.9725 0.9611 0.9153
v -0.078823 0.957125 0.063986 0.9725 0.9611 0.9153
v -0.105115 0.977191 0.091020 0.9725 0.9611 0.9153
v -0.120647 0.997064 0.113982 0.9725 0.9611 0.9153
v -0.098577 0.984826 0.098262 0.9725 0.9611 0.9153
v -0.136017 1.003336 0.119206 0.9725 0.9611 0.9153
v -0.149881 1.023334 0.136442 0.9725 0.9611 0.9153
v -0.150393 1.045156 0.160960 0.9725 0.9611 0.9153
v -0.136597 1.061338 0.179469 0.9725 0.9611 0.9153
v -0.102776 1.007803 0.137083 0.9725 0.9611 0.9153
v -0.121031 1.026783 0.144614 0.9725 0.9611 0.9153
v -0.120751 1.009117 0.128123 0.9725 0.9611 0.9153
v 0.010294 1.018926 0.363829 0.9725 0.9611 0.9153
v 0.037879 0.995985 0.369792 0.9725 0.9611 0.9153
v 0.029010 1.006704 0.353465 0.9725 0.9611 0.9153
v -0.003334 1.016566 0.386024 0.9725 0.9611 0.9153
v 0.005640 1.011306 0.393265 0.9725 0.9611 0.9153
v 0.035646 0.994577 0.387980 0.9725 0.9611 0.9153
v 0.079574 0.931351 0.368708 0.9725 0.9611 0.9153
v 0.052516 0.970435 0.384330 0.9725 0.9611 0.9153
v 0.096402 0.902539 0.363254 0.9725 0.9611 0.9153
v 0.100523 0.904868 0.356773 0.9725 0.9611 0.9153
v 0.103800 0.907143 0.337577 0.9725 0.9611 0.9153
v 0.062621 0.955729 0.319976 0.9725 0.9611 0.9153
v 0.076125 0.939569 0.343337 0.9725 0.9611 0.9153
v 0.101571 0.911498 0.315530 0.9725 0.9611 0.9153
v -0.015662 1.012250 0.385559 0.9725 0.9611 0.9153
v -0.000220 1.010704 0.393329 0.9725 0.9611 0.9153
v 0.013271 1.001773 0.390525 0.9725 0.9611 0.9153
v 0.028063 0.989087 0.387136 0.9725 0.9611 0.9153
v 0.035097 0.985435 0.391068 0.9725 0.9611 0.9153
v 0.029138 0.977938 0.367915 0.9725 0.9611 0.9153
v 0.077213 0.893388 0.321403 0.9725 0.9611 0.9153
v 0.063929 0.944752 0.380622 0.9725 0.9611 0.9153
v 0.098258 0.892201 0.356456 0.9725 0.9611 0.9153
v 0.122669 0.838007 0.317393 0.9725 0.9611 0.9153
v 0.125466 0.849728 0.325464 0.9725 0.9611 0.9153
v 0.122295 0.849624 0.328542 0.9725 0.9611 0.9153
v 0.101898 0.812663 0.283608 0.9725 0.9611 0.9153
v 0.107398 0.814100 0.284768 0.9725 0.9611 0.9153
v 0.118310 0.828656 0.307371 0.9725 0.9611 0.9153
v 0.091478 0.816385 0.276108 0.9725 0.9611 0.9153
v 0.082994 0.793144 0.256415 0.9725 0.9611 0.9153
v 0.083053 0.821079 0.261623 0.9725 0.9611 0.9153
v 0.076156 0.779759 0.240042 0.9725 0.9611 0.9153
v 0.099847 0.799819 0.268213 0.9725 0.9611 0.9153
v 0.093338 0.786122 0.258432 0.9725 0.9611 0.9153
v 0.112822 0.881817 0.283441 0.9725 0.9611 0.9153
v 0.113570 0.858681 0.268900 0.9725 0.9611 0.9153
v 0.106315 0.844174 0.248687 0.9725 0.9611 0.9153
v 0.125207 0.856856 0.316722 0.9725 0.9611 0.9153
v 0.121869 0.836008 0.304970 0.9725 0.9611 0.9153
v 0.101242 0.805542 0.262354 0.9725 0.9611 0.9153
v 0.096112 0.785698 0.243589 0.9725 0.9611 0.9153
v 0.090522 0.808621 0.213386 0.9725 0.9611 0.9153
v -0.117726 1.068178 0.194792 0.9725 0.9611 0.9153
v -0.123932 1.068153 0.191141 0.9725 0.9611 0.9153
v -0.116674 1.081206 0.225906 0.9725 0.9611 0.9153
v -0.133830 1.075571 0.204020 0.9725 0.9611 0.9153
v -0.138673 1.081652 0.253026 0.9725 0.9611 0.9153
v -0.140957 1.071202 0.199362 0.9725 0.9611 0.9153
v -0.139126 1.082892 0.297549 0.9725 0.9611 0.9153
v -0.136389 1.088218 0.320220 0.9725 0.9611 0.9153
v -0.136982 1.085282 0.332120 0.9725 0.9611 0.9153
v -0.133344 1.079967 0.345828 0.9725 0.9611 0.9153
v -0.125856 1.088688 0.330410 0.9725 0.9611 0.9153
v -0.144710 1.070482 0.342644 0.9725 0.9611 0.9153
v -0.141665 1.073939 0.346336 0.9725 0.9611 0.9153
v -0.143787 1.078024 0.334181 0.9725 0.9611 0.9153
v -0.142037 1.058448 0.355773 0.9725 0.9611 0.9153
v -0.126860 1.045352 0.368470 0.9725 0.9611 0.9153
v -0.137127 1.065775 0.357257 0.9725 0.9611 0.9153
v -0.122987 1.072857 0.355884 0.9725 0.9611 0.9153
v -0.080282 1.054009 0.249854 0.9725 0.9611 0.9153
v -0.100795 1.079357 0.310261 0.9725 0.9611 0.9153
v -0.110847 1.077425 0.345162 0.9725 0.9611 0.9153
v -0.114756 1.088222 0.322172 0.9725 0.9611 0.9153
v -0.076183 1.042765 0.336401 0.9725 0.9611 0.9153
v -0.141018 1.073819 0.222729 0.9725 0.9611 0.9153
v -0.138078 1.075967 0.303456 0.9725 0.9611 0.9153
v -0.133440 1.065985 0.270811 0.9725 0.9611 0.9153
v -0.139127 1.077307 0.289987 0.9725 0.9611 0.9153
v -0.108289 1.013918 0.204469 0.9725 0.9611 0.9153
v -0.109695 1.030698 0.218472 0.9725 0.9611 0.9153
v -0.111656 1.048291 0.247761 0.9725 0.9611 0.9153
v -0.118462 1.048250 0.347068 0.9725 0.9611 0.9153
v -0.095894 1.030873 0.317627 0.9725 0.9611 0.9153
v -0.075583 1.015185 0.286664 0.9725 0.9611 0.9153
v -0.080864 1.019932 0.329366 0.9725 0.9611 0.9153
v -0.097550 1.031345 0.341087 0.9725 0.9611 0.9153
v -0.138098 1.051242 0.358682 0.9725 0.9611 0.9153
v -0.123437 1.035532 0.367349 0.9725 0.9611 0.9153
v -0.109480 1.026635 0.366636 0.9725 0.9611 0.9153
v -0.089097 1.017972 0.363422 0.9725 0.9611 0.9153
v -0.108994 1.028518 0.361218 0.9725 0.9611 0.9153
v -0.068632 1.013819 0.366165 0.9725 0.9611 0.9153
v -0.062024 1.015765 0.375387 0.9725 0.9611 0.9153
v -0.090645 1.022660 0.371086 0.9725 0.9611 0.9153
v -0.087858 1.018370 0.369382 0.9725 0.9611 0.9153
v -0.075178 1.016442 0.343954 0.9725 0.9611 0.9153
v -0.093860 1.024369 0.350317 0.9725 0.9611 0.9153
v -0.055373 1.011654 0.340190 0.9725 0.9611 0.9153
v -0.027317 1.010203 0.361736 0.9725 0.9611 0.9153
v -0.015444 1.008685 0.372257 0.9725 0.9611 0.9153
v -0.044151 1.017660 0.383394 0.9725 0.9611 0.9153
v -0.036397 1.019573 0.384325 0.9725 0.9611 0.9153
v -0.066540 1.034533 0.337816 0.9725 0.9611 0.9153
v -0.104609 1.052315 0.366274 0.9725 0.9611 0.9153
v -0.075980 1.034098 0.359127 0.9725 0.9611 0.9153
v -0.081745 1.028367 0.367576 0.9725 0.9611 0.9153
v -0.048585 1.026187 0.347945 0.9725 0.9611 0.9153
v -0.065906 1.028991 0.356454 0.9725 0.9611 0.9153
v -0.052832 1.029903 0.329696 0.9725 0.9611 0.9153
v -0.116765 1.045503 0.370176 0.9725 0.9611 0.9153
v -0.064540 1.018093 0.375388 0.9725 0.9611 0.9153
v -0.078032 1.022305 0.370832 0.9725 0.9611 0.9153
v -0.057135 1.021266 0.369929 0.9725 0.9611 0.9153
v -0.025663 1.021184 0.380774 0.9725 0.9611 0.9153
v -0.001051 1.022855 0.349600 0.9725 0.9611 0.9153
v 0.092955 0.793004 0.230774 0.9725 0.9611 0.9153
v 0.093374 0.749600 0.178373 0.9725 0.9611 0.9153
v 0.090974 0.769701 0.199324 0.9725 0.9611 0.9153
v 0.102435 0.745715 0.213237 0.9725 0.9611 0.9153
v 0.097543 0.753521 0.230621 0.9725 0.9611 0.9153
v 0.114176 0.720254 0.189988 0.9725 0.9611 0.9153
v 0.111564 0.725255 0.186600 0.9725 0.9611 0.9153
v 0.136917 0.696858 0.141199 0.9725 0.9611 0.9153
v 0.141867 0.688591 0.118427 0.9725 0.9611 0.9153
v 0.140123 0.692957 0.100942 0.9725 0.9611 0.9153
v 0.110961 0.721884 0.119673 0.9725 0.9611 0.9153
v 0.084139 0.794068 0.173606 0.9725 0.9611 0.9153
v 0.097715 0.739634 0.172094 0.9725 0.9611 0.9153
v 0.086387 0.766060 0.154633 0.9725 0.9611 0.9153
v 0.105499 0.730045 0.209502 0.9725 0.9611 0.9153
v 0.101258 0.722428 0.201522 0.9725 0.9611 0.9153
v 0.108268 0.705175 0.173855 0.9725 0.9611 0.9153
v 0.092953 0.711644 0.174114 0.9725 0.9611 0.9153
v 0.071118 0.749150 0.204154 0.9725 0.9611 0.9153
v 0.060786 0.741930 0.159068 0.9725 0.9611 0.9153
v 0.091240 0.706263 0.149087 0.9725 0.9611 0.9153
v 0.122359 0.699898 0.164781 0.9725 0.9611 0.9153
v 0.123088 0.688023 0.114763 0.9725 0.9611 0.9153
v 0.139725 0.686798 0.103685 0.9725 0.9611 0.9153
v 0.129188 0.687810 0.093500 0.9725 0.9611 0.9153
v 0.127050 0.693213 0.079489 0.9725 0.9611 0.9153
v 0.136085 0.689717 0.089025 0.9725 0.9611 0.9153
v 0.105232 0.704353 0.072079 0.9725 0.9611 0.9153
v 0.091674 0.708536 0.081809 0.9725 0.9611 0.9153
v 0.091154 0.718731 0.064152 0.9725 0.9611 0.9153
v 0.115601 0.703728 0.068897 0.9725 0.9611 0.9153
v 0.078171 0.712971 0.114745 0.9725 0.9611 0.9153
v 0.045494 0.747536 0.114273 0.9725 0.9611 0.9153
v 0.052989 0.738702 0.091302 0.9725 0.9611 0.9153
v 0.067620 0.731854 0.069952 0.9725 0.9611 0.9153
v 0.063757 0.743024 0.062971 0.9725 0.9611 0.9153
v 0.081222 0.775012 0.134936 0.9725 0.9611 0.9153
v 0.082748 0.754077 0.096198 0.9725 0.9611 0.9153
v 0.103297 0.726712 0.083765 0.9725 0.9611 0.9153
v 0.128998 0.696601 0.077394 0.9725 0.9611 0.9153
v 0.135924 0.693720 0.087504 0.9725 0.9611 0.9153
v 0.096156 0.720927 0.063174 0.9725 0.9611 0.9153
v 0.112260 0.713707 0.069905 0.9725 0.9611 0.9153
v 0.114517 0.708281 0.067970 0.9725 0.9611 0.9153
v 0.067073 0.752250 0.066091 0.9725 0.9611 0.9153
v 0.064283 0.763444 0.074881 0.9725 0.9611 0.9153
v 0.085103 0.743117 0.077086 0.9725 0.9611 0.9153
v 0.031646 0.788377 0.066321 0.9725 0.9611 0.9153
v 0.074840 0.737311 0.061890 0.9725 0.9611 0.9153
v 0.047616 0.818446 0.103755 0.9725 0.9611 0.9153
v 0.018045 1.015020 0.338210 0.9725 0.9611 0.9153
v 0.004608 1.018735 0.316010 0.9725 0.9611 0.9153
v 0.076759 0.928312 0.288607 0.9725 0.9611 0.9153
v 0.060496 0.949530 0.289503 0.9725 0.9611 0.9153
v 0.033331 0.983160 0.287950 0.9725 0.9611 0.9153
v 0.008725 1.011252 0.299710 0.9725 0.9611 0.9153
v 0.022507 1.003882 0.307952 0.9725 0.9611 0.9153
v 0.055483 0.933833 0.257266 0.9725 0.9611 0.9153
v 0.029696 0.964158 0.242190 0.9725 0.9611 0.9153
v -0.021992 1.023420 0.296279 0.9725 0.9611 0.9153
v -0.033593 1.022009 0.271439 0.9725 0.9611 0.9153
v -0.043016 1.028923 0.285425 0.9725 0.9611 0.9153
v -0.052547 1.032718 0.277146 0.9725 0.9611 0.9153
v 0.091314 0.902908 0.263144 0.9725 0.9611 0.9153
v 0.100511 0.860883 0.236278 0.9725 0.9611 0.9153
v 0.091570 0.879714 0.237280 0.9725 0.9611 0.9153
v 0.086459 0.821180 0.205017 0.9725 0.9611 0.9153
v 0.080122 0.819358 0.192360 0.9725 0.9611 0.9153
v 0.079056 0.800760 0.154930 0.9725 0.9611 0.9153
v 0.065468 0.828808 0.171641 0.9725 0.9611 0.9153
v 0.067309 0.911794 0.242620 0.9725 0.9611 0.9153
v 0.070888 0.866389 0.203951 0.9725 0.9611 0.9153
v 0.062440 0.868573 0.187614 0.9725 0.9611 0.9153
v 0.055014 0.916718 0.225359 0.9725 0.9611 0.9153
v 0.054331 0.860393 0.144380 0.9725 0.9611 0.9153
v 0.051215 0.893361 0.143565 0.9725 0.9611 0.9153
v 0.053974 0.895298 0.156083 0.9725 0.9611 0.9153
v 0.038217 0.928859 0.148838 0.9725 0.9611 0.9153
v 0.040020 0.927625 0.187756 0.9725 0.9611 0.9153
v 0.069155 0.816359 0.148860 0.9725 0.9611 0.9153
v 0.045194 0.849228 0.116005 0.9725 0.9611 0.9153
v 0.035144 0.915388 0.127023 0.9725 0.9611 0.9153
v 0.015595 0.948621 0.134264 0.9725 0.9611 0.9153
v 0.038248 0.923851 0.138303 0.9725 0.9611 0.9153
v -0.006498 0.953820 0.104557 0.9725 0.9611 0.9153
v 0.020776 0.928505 0.118309 0.9725 0.9611 0.9153
v -0.056886 1.031832 0.246258 0.9725 0.9611 0.9153
v -0.043603 1.017074 0.235037 0.9725 0.9611 0.9153
v -0.048615 1.012037 0.214336 0.9725 0.9611 0.9153
v 0.010755 0.962999 0.188503 0.9725 0.9611 0.9153
v -0.041891 0.997716 0.199703 0.9725 0.9611 0.9153
v -0.027835 0.980185 0.131179 0.9725 0.9611 0.9153
v -0.066369 0.998230 0.156454 0.9725 0.9611 0.9153
v -0.000430 0.963929 0.140736 0.9725 0.9611 0.9153
v -0.018993 0.966667 0.106512 0.9725 0.9611 0.9153
v -0.058123 0.992920 0.144936 0.9725 0.9611 0.9153
v -0.081005 1.034251 0.187681 0.9725 0.9611 0.9153
v -0.071881 1.011608 0.175127 0.9725 0.9611 0.9153
v -0.091775 1.015604 0.155406 0.9725 0.9611 0.9153
v -0.097408 1.033674 0.169062 0.9725 0.9611 0.9153
v -0.093544 0.971707 0.176210 0.9725 0.9611 0.9153
v -0.083472 0.976882 0.204185 0.9725 0.9611 0.9153
v -0.047456 0.933448 0.118907 0.9725 0.9611 0.9153
v -0.045038 0.940430 0.182908 0.9725 0.9611 0.9153
v -0.070333 0.958252 0.192506 0.9725 0.9611 0.9153
v -0.017531 0.958089 0.245763 0.9725 0.9611 0.9153
v -0.009253 0.916775 0.186223 0.9725 0.9611 0.9153
v 0.021116 0.929366 0.244461 0.9725 0.9611 0.9153
v 0.010225 0.922876 0.214528 0.9725 0.9611 0.9153
v -0.074813 1.008760 0.262911 0.9725 0.9611 0.9153
v -0.080227 1.006302 0.245558 0.9725 0.9611 0.9153
v -0.073405 0.996848 0.243859 0.9725 0.9611 0.9153
v -0.051402 0.999405 0.274399 0.9725 0.9611 0.9153
v -0.055015 0.992712 0.259099 0.9725 0.9611 0.9153
v -0.067165 1.007571 0.276523 0.9725 0.9611 0.9153
v -0.011390 0.895250 0.151449 0.9725 0.9611 0.9153
v 0.008568 0.803421 0.121275 0.9725 0.9611 0.9153
v 0.023430 0.790628 0.140075 0.9725 0.9611 0.9153
v 0.022477 0.820453 0.161194 0.9725 0.9611 0.9153
v -0.006886 0.834017 0.116389 0.9725 0.9611 0.9153
v 0.036642 0.785181 0.167506 0.9725 0.9611 0.9153
v 0.040241 0.798397 0.184091 0.9725 0.9611 0.9153
v 0.017619 0.880418 0.175212 0.9725 0.9611 0.9153
v 0.029594 0.858589 0.179449 0.9725 0.9611 0.9153
v 0.008385 0.840499 0.146792 0.9725 0.9611 0.9153
v 0.027815 0.880638 0.191844 0.9725 0.9611 0.9153
v 0.029224 0.891456 0.209368 0.9725 0.9611 0.9153
v 0.052411 0.853101 0.221344 0.9725 0.9611 0.9153
v 0.069533 0.824126 0.230526 0.9725 0.9611 0.9153
v 0.071828 0.846008 0.246860 0.9725 0.9611 0.9153
v 0.049351 0.873535 0.241582 0.9725 0.9611 0.9153
v 0.041606 0.905118 0.253326 0.9725 0.9611 0.9153
v 0.058014 0.770407 0.195172 0.9725 0.9611 0.9153
v 0.056984 0.789939 0.204362 0.9725 0.9611 0.9153
v -0.058731 1.006742 0.288483 0.9725 0.9611 0.9153
v -0.056676 1.009836 0.312886 0.9725 0.9611 0.9153
v -0.018344 0.988883 0.284711 0.9725 0.9611 0.9153
v -0.018995 1.000130 0.306378 0.9725 0.9611 0.9153
v -0.021712 1.005899 0.326294 0.9725 0.9611 0.9153
v 0.009539 0.954442 0.271800 0.9725 0.9611 0.9153
v 0.037283 0.926828 0.272319 0.9725 0.9611 0.9153
v 0.056007 0.911815 0.289978 0.9725 0.9611 0.9153
v 0.028929 0.947848 0.296867 0.9725 0.9611 0.9153
v -0.008190 1.003390 0.334217 0.9725 0.9611 0.9153
v 0.013930 0.984965 0.332102 0.9725 0.9611 0.9153
v -0.064692 0.917081 0.053087 0.9725 0.9611 0.9153
v -0.010355 0.877660 0.075534 0.9725 0.9611 0.9153
v 0.012364 0.785798 0.085179 0.9725 0.9611 0.9153
v -0.070081 0.935097 0.066463 0.9725 0.9611 0.9153
v -0.081395 0.952054 0.074789 0.9725 0.9611 0.9153
v -0.056618 0.944292 0.118256 0.9725 0.9611 0.9153
v -0.145221 1.001991 0.121199 0.9725 0.9611 0.9153
v -0.141521 0.995560 0.127663 0.9725 0.9611 0.9153
v -0.035073 0.960740 0.080586 0.9725 0.9611 0.9153
v 0.028291 1.003438 0.389257 0.9725 0.9611 0.9153
v 0.033839 0.992122 0.392876 0.9725 0.9611 0.9153
v 0.006894 1.001662 0.376407 0.9725 0.9611 0.9153
v 0.124224 0.861381 0.333153 0.9725 0.9611 0.9153
v 0.110619 0.859029 0.328794 0.9725 0.9611 0.9153
v 0.125760 0.865892 0.328300 0.9725 0.9611 0.9153
v 0.117758 0.828721 0.296161 0.9725 0.9611 0.9153
v -0.123055 1.087025 0.269974 0.9725 0.9611 0.9153
v -0.115761 1.089220 0.298412 0.9725 0.9611 0.9153
v -0.102625 1.074704 0.236765 0.9725 0.9611 0.9153
v -0.107258 1.080127 0.269852 0.9725 0.9611 0.9153
v -0.085190 1.054889 0.224212 0.9725 0.9611 0.9153
v -0.131695 1.082485 0.230236 0.9725 0.9611 0.9153
v -0.122423 1.062447 0.363245 0.9725 0.9611 0.9153
v -0.096563 1.059388 0.354125 0.9725 0.9611 0.9153
v -0.139120 1.065651 0.216291 0.9725 0.9611 0.9153
v -0.140046 1.056852 0.200823 0.9725 0.9611 0.9153
v -0.112243 1.046464 0.237404 0.9725 0.9611 0.9153
v -0.120108 1.058546 0.321684 0.9725 0.9611 0.9153
v -0.141165 1.073642 0.325709 0.9725 0.9611 0.9153
v -0.116771 1.051448 0.286333 0.9725 0.9611 0.9153
v -0.092954 1.030897 0.271763 0.9725 0.9611 0.9153
v -0.079901 1.041878 0.352288 0.9725 0.9611 0.9153
v 0.097187 0.763810 0.235099 0.9725 0.9611 0.9153
v 0.123116 0.710903 0.165198 0.9725 0.9611 0.9153
v 0.139294 0.696000 0.121049 0.9725 0.9611 0.9153
v 0.088018 0.764481 0.176357 0.9725 0.9611 0.9153
v 0.094585 0.737189 0.217989 0.9725 0.9611 0.9153
v 0.115361 0.710536 0.183382 0.9725 0.9611 0.9153
v 0.076186 0.730709 0.185875 0.9725 0.9611 0.9153
v 0.107492 0.696269 0.145530 0.9725 0.9611 0.9153
v 0.068992 0.725636 0.082638 0.9725 0.9611 0.9153
v -0.045446 1.030259 0.308479 0.9725 0.9611 0.9153
v 0.104672 0.874362 0.254508 0.9725 0.9611 0.9153
v 0.102308 0.849632 0.237228 0.9725 0.9611 0.9153
v 0.054317 0.848989 0.136228 0.9725 0.9611 0.9153
v -0.062765 1.038703 0.269367 0.9725 0.9611 0.9153
v 0.026809 0.951253 0.204326 0.9725 0.9611 0.9153
v -0.015451 0.980773 0.191024 0.9725 0.9611 0.9153
v -0.067597 1.029273 0.203810 0.9725 0.9611 0.9153
v -0.029287 0.924731 0.164006 0.9725 0.9611 0.9153
v 0.084522 0.842069 0.272646 0.9725 0.9611 0.9153
v 0.074768 0.875816 0.287414 0.9725 0.9611 0.9153
v 0.004510 0.987014 0.313072 0.9725 0.9611 0.9153
v 0.004796 0.995437 0.332404 0.9725 0.9611 0.9153
v 0.002934 1.000333 0.348652 0.9725 0.9611 0.9153
v 0.082101 0.712024 0.182348 0.9725 0.9611 0.9153
v 0.258596 0.643691 0.272806 0.9725 0.9611 0.9153
v -0.035665 0.761335 0.358258 0.9725 0.9611 0.9153
v 0.235235 0.788440 0.638295 0.9725 0.9611 0.9153
v 0.273122 0.690481 0.412982 0.9725 0.9611 0.9153
v 0.260640 0.729171 0.431517 0.9725 0.9611 0.9153
v 0.303003 0.709846 0.420348 0.9725 0.9611 0.9153
v 0.162157 0.831414 0.629796 0.9725 0.9611 0.9153
v 0.150199 0.923731 0.650447 0.9725 0.9611 0.9153
v 0.150463 0.909550 0.720589 0.9725 0.9611 0.9153
v 0.170949 0.646513 0.187887 0.9725 0.9611 0.9153
v 0.139094 0.748073 0.424773 0.9725 0.9611 0.9153
v -0.021425 0.784270 0.366100 0.9725 0.9611 0.9153
v 0.045292 0.679431 0.178913 0.9725 0.9611 0.9153
v 0.016407 0.816927 0.487575 0.9725 0.9611 0.9153
v -0.018800 0.814348 0.490689 0.9725 0.9611 0.9153
v 0.257995 0.766397 0.563392 0.9725 0.9611 0.9153
v 0.227253 0.731573 0.541286 0.9725 0.9611 0.9153
v 0.293502 0.697085 0.422362 0.9725 0.9611 0.9153
v 0.255713 0.731204 0.553118 0.9725 0.9611 0.9153
v 0.273999 0.688071 0.310066 0.9725 0.9611 0.9153
v 0.109459 0.963763 0.694793 0.9725 0.9611 0.9153
v 0.152511 0.912311 0.688415 0.9725 0.9611 0.9153
v 0.197662 0.833068 0.668770 0.9725 0.9611 0.9153
v 0.184127 0.650680 0.108908 0.9725 0.9611 0.9153
v 0.223521 0.732803 0.449803 0.9725 0.9611 0.9153
v 0.165385 0.704651 0.273985 0.9725 0.9611 0.9153
v 0.217978 0.698966 0.287283 0.9725 0.9611 0.9153
v 0.065776 0.712193 0.403257 0.9725 0.9611 0.9153
v 0.050678 0.764159 0.506535 0.9725 0.9611 0.9153
v 0.223651 0.669279 0.301218 0.9725 0.9611 0.9153
v -0.004741 0.720324 0.257943 0.9725 0.9611 0.9153
v 0.021190 0.704458 0.200686 0.9725 0.9611 0.9153
v -0.030081 0.733087 0.322384 0.9725 0.9611 0.9153
v -0.032731 0.775437 0.365658 0.9725 0.9611 0.9153
v -0.024334 0.746113 0.327053 0.9725 0.9611 0.9153
v 0.031117 0.708576 0.362254 0.9725 0.9611 0.9153
v -0.015099 0.718062 0.334141 0.9725 0.9611 0.9153
v -0.028700 0.727042 0.326909 0.9725 0.9611 0.9153
v -0.002476 0.771247 0.436813 0.9725 0.9611 0.9153
v -0.002858 0.816806 0.486956 0.9725 0.9611 0.9153
v 0.012041 0.811198 0.429733 0.9725 0.9611 0.9153
v -0.009870 0.809308 0.422607 0.9725 0.9611 0.9153
v -0.031706 0.809407 0.496694 0.9725 0.9611 0.9153
v -0.010515 0.838179 0.533485 0.9725 0.9611 0.9153
v 0.019710 0.859772 0.558175 0.9725 0.9611 0.9153
v 0.255596 0.759441 0.547960 0.9725 0.9611 0.9153
v 0.255656 0.780930 0.604992 0.9725 0.9611 0.9153
v 0.285506 0.723855 0.514033 0.9725 0.9611 0.9153
v 0.271969 0.739067 0.561561 0.9725 0.9611 0.9153
v 0.280716 0.710534 0.504694 0.9725 0.9611 0.9153
v 0.301943 0.703056 0.422530 0.9725 0.9611 0.9153
v 0.287427 0.662539 0.309448 0.9725 0.9611 0.9153
v 0.307640 0.683092 0.359383 0.9725 0.9611 0.9153
v 0.281777 0.669475 0.343928 0.9725 0.9611 0.9153
v 0.250785 0.648465 0.279029 0.9725 0.9611 0.9153
v 0.277315 0.651305 0.271092 0.9725 0.9611 0.9153
v 0.283677 0.671229 0.302497 0.9725 0.9611 0.9153
v 0.275478 0.661919 0.277948 0.9725 0.9611 0.9153
v 0.117635 0.957777 0.675701 0.9725 0.9611 0.9153
v 0.065201 0.905007 0.596984 0.9725 0.9611 0.9153
v 0.047229 0.903289 0.628624 0.9725 0.9611 0.9153
v 0.111023 0.962314 0.716451 0.9725 0.9611 0.9153
v 0.126073 0.935698 0.733317 0.9725 0.9611 0.9153
v 0.146340 0.927323 0.729331 0.9725 0.9611 0.9153
v 0.131486 0.959546 0.728607 0.9725 0.9611 0.9153
v 0.123566 0.949961 0.734676 0.9725 0.9611 0.9153
v 0.164076 0.934591 0.697801 0.9725 0.9611 0.9153
v 0.127145 0.901543 0.610987 0.9725 0.9611 0.9153
v 0.142295 0.955744 0.693065 0.9725 0.9611 0.9153
v 0.060582 0.880201 0.604338 0.9725 0.9611 0.9153
v 0.118331 0.911823 0.651205 0.9725 0.9611 0.9153
v 0.071962 0.873955 0.598838 0.9725 0.9611 0.9153
v 0.104066 0.859773 0.601746 0.9725 0.9611 0.9153
v 0.138622 0.929928 0.709585 0.9725 0.9611 0.9153
v 0.144525 0.912122 0.671419 0.9725 0.9611 0.9153
v 0.144539 0.914025 0.720305 0.9725 0.9611 0.9153
v 0.167985 0.882580 0.696810 0.9725 0.9611 0.9153
v 0.190396 0.806340 0.636785 0.9725 0.9611 0.9153
v 0.176709 0.829496 0.643504 0.9725 0.9611 0.9153
v 0.217513 0.811589 0.657904 0.9725 0.9611 0.9153
v 0.189128 0.850182 0.632184 0.9725 0.9611 0.9153
v 0.172384 0.862616 0.619406 0.9725 0.9611 0.9153
v 0.172682 0.909976 0.668014 0.9725 0.9611 0.9153
v 0.199516 0.836656 0.665820 0.9725 0.9611 0.9153
v 0.215258 0.816772 0.629777 0.9725 0.9611 0.9153
v 0.216261 0.816994 0.654930 0.9725 0.9611 0.9153
v 0.263175 0.633211 0.187608 0.9725 0.9611 0.9153
v 0.240561 0.633082 0.132370 0.9725 0.9611 0.9153
v 0.256201 0.637368 0.175420 0.9725 0.9611 0.9153
v 0.218963 0.645032 0.140358 0.9725 0.9611 0.9153
v 0.175972 0.663392 0.127036 0.9725 0.9611 0.9153
v 0.253242 0.627073 0.202499 0.9725 0.9611 0.9153
v 0.257733 0.627749 0.184145 0.9725 0.9611 0.9153
v 0.238569 0.635740 0.238199 0.9725 0.9611 0.9153
v 0.245986 0.631055 0.227273 0.9725 0.9611 0.9153
v 0.206039 0.621523 0.120994 0.9725 0.9611 0.9153
v 0.201053 0.625949 0.148033 0.9725 0.9611 0.9153
v 0.193221 0.626667 0.087403 0.9725 0.9611 0.9153
v 0.159949 0.634799 0.080229 0.9725 0.9611 0.9153
v 0.131158 0.647249 0.142256 0.9725 0.9611 0.9153
v 0.152959 0.648420 0.078446 0.9725 0.9611 0.9153
v 0.095732 0.669947 0.105495 0.9725 0.9611 0.9153
v 0.213156 0.806770 0.568928 0.9725 0.9611 0.9153
v 0.198042 0.750116 0.475930 0.9725 0.9611 0.9153
v 0.152491 0.771592 0.474127 0.9725 0.9611 0.9153
v 0.242463 0.682895 0.265461 0.9725 0.9611 0.9153
v 0.158545 0.712962 0.372732 0.9725 0.9611 0.9153
v 0.183985 0.712576 0.377949 0.9725 0.9611 0.9153
v 0.112815 0.757529 0.409997 0.9725 0.9611 0.9153
v 0.135840 0.723030 0.362167 0.9725 0.9611 0.9153
v 0.034102 0.764154 0.338666 0.9725 0.9611 0.9153
v 0.058601 0.800793 0.449431 0.9725 0.9611 0.9153
v 0.061402 0.809163 0.489843 0.9725 0.9611 0.9153
v 0.050923 0.743261 0.458973 0.9725 0.9611 0.9153
v 0.116345 0.705764 0.405520 0.9725 0.9611 0.9153
v 0.097342 0.767312 0.532770 0.9725 0.9611 0.9153
v 0.133086 0.797877 0.586730 0.9725 0.9611 0.9153
v 0.104451 0.795184 0.568345 0.9725 0.9611 0.9153
v 0.069558 0.696458 0.352049 0.9725 0.9611 0.9153
v 0.110374 0.668842 0.239856 0.9725 0.9611 0.9153
v 0.128241 0.671064 0.268756 0.9725 0.9611 0.9153
v 0.164368 0.698391 0.418390 0.9725 0.9611 0.9153
v 0.224059 0.646106 0.250348 0.9725 0.9611 0.9153
v 0.252542 0.669557 0.325653 0.9725 0.9611 0.9153
v 0.136886 0.749263 0.514464 0.9725 0.9611 0.9153
v 0.172126 0.721392 0.476289 0.9725 0.9611 0.9153
v 0.190423 0.743660 0.532778 0.9725 0.9611 0.9153
v 0.015473 0.726876 0.253403 0.9725 0.9611 0.9153
v 0.042307 0.727109 0.238262 0.9725 0.9611 0.9153
v 0.053570 0.695097 0.157095 0.9725 0.9611 0.9153
v 0.035179 0.689612 0.172837 0.9725 0.9611 0.9153
v 0.035019 0.694461 0.174098 0.9725 0.9611 0.9153
v 0.024787 0.713666 0.213899 0.9725 0.9611 0.9153
v -0.009784 0.714056 0.259166 0.9725 0.9611 0.9153
v 0.029866 0.743750 0.297997 0.9725 0.9611 0.9153
v 0.001157 0.759208 0.331408 0.9725 0.9611 0.9153
v -0.006305 0.789144 0.367092 0.9725 0.9611 0.9153
v 0.004246 0.791744 0.370320 0.9725 0.9611 0.9153
v 0.037224 0.685385 0.174207 0.9725 0.9611 0.9153
v 0.014552 0.698217 0.207350 0.9725 0.9611 0.9153
v 0.014266 0.692868 0.227195 0.9725 0.9611 0.9153
v -0.006062 0.706694 0.254171 0.9725 0.9611 0.9153
v 0.055014 0.682077 0.264866 0.9725 0.9611 0.9153
v 0.045946 0.679898 0.222996 0.9725 0.9611 0.9153
v 0.023402 0.688859 0.240586 0.9725 0.9611 0.9153
v 0.012826 0.699603 0.313483 0.9725 0.9611 0.9153
v -0.008847 0.706258 0.296963 0.9725 0.9611 0.9153
v 0.002078 0.738389 0.380937 0.9725 0.9611 0.9153
v -0.022181 0.728546 0.343259 0.9725 0.9611 0.9153
v -0.022421 0.716749 0.311723 0.9725 0.9611 0.9153
v -0.032852 0.741439 0.344257 0.9725 0.9611 0.9153
v -0.035680 0.786303 0.393708 0.9725 0.9611 0.9153
v -0.035597 0.781886 0.392339 0.9725 0.9611 0.9153
v -0.031615 0.783485 0.419045 0.9725 0.9611 0.9153
v -0.034826 0.801189 0.506917 0.9725 0.9611 0.9153
v -0.029845 0.792461 0.482755 0.9725 0.9611 0.9153
v -0.036089 0.804438 0.508370 0.9725 0.9611 0.9153
v -0.034774 0.797886 0.467922 0.9725 0.9611 0.9153
v 0.000656 0.761705 0.418303 0.9725 0.9611 0.9153
v -0.005289 0.785425 0.493635 0.9725 0.9611 0.9153
v -0.026381 0.819942 0.539500 0.9725 0.9611 0.9153
v 0.016896 0.784103 0.509971 0.9725 0.9611 0.9153
v 0.036279 0.822690 0.557187 0.9725 0.9611 0.9153
v 0.014193 0.817432 0.544239 0.9725 0.9611 0.9153
v -0.034151 0.816849 0.526955 0.9725 0.9611 0.9153
v -0.029561 0.823578 0.540706 0.9725 0.9611 0.9153
v 0.004203 0.848689 0.582148 0.9725 0.9611 0.9153
v -0.012607 0.838460 0.567327 0.9725 0.9611 0.9153
v 0.000548 0.803382 0.393713 0.9725 0.9611 0.9153
v -0.018649 0.799167 0.390445 0.9725 0.9611 0.9153
v -0.017549 0.809819 0.461718 0.9725 0.9611 0.9153
v 0.000303 0.813604 0.465150 0.9725 0.9611 0.9153
v -0.030907 0.792306 0.390605 0.9725 0.9611 0.9153
v -0.026880 0.802419 0.419175 0.9725 0.9611 0.9153
v -0.034248 0.795408 0.418883 0.9725 0.9611 0.9153
v -0.030199 0.803232 0.461532 0.9725 0.9611 0.9153
v -0.023182 0.835018 0.542970 0.9725 0.9611 0.9153
v -0.025147 0.832872 0.546378 0.9725 0.9611 0.9153
v -0.004260 0.850316 0.578283 0.9725 0.9611 0.9153
v -0.014512 0.843051 0.565743 0.9725 0.9611 0.9153
v 0.009783 0.862474 0.575164 0.9725 0.9611 0.9153
v -0.000411 0.824038 0.504576 0.9725 0.9611 0.9153
v 0.020877 0.825257 0.504038 0.9725 0.9611 0.9153
v 0.030997 0.847416 0.531797 0.9725 0.9611 0.9153
v 0.242537 0.793506 0.591544 0.9725 0.9611 0.9153
v 0.223313 0.805634 0.582992 0.9725 0.9611 0.9153
v 0.238911 0.792843 0.616790 0.9725 0.9611 0.9153
v 0.229855 0.795505 0.569752 0.9725 0.9611 0.9153
v 0.246443 0.781057 0.626756 0.9725 0.9611 0.9153
v 0.267478 0.764183 0.592087 0.9725 0.9611 0.9153
v 0.260022 0.775627 0.586840 0.9725 0.9611 0.9153
v 0.274874 0.743326 0.544550 0.9725 0.9611 0.9153
v 0.266839 0.742649 0.527506 0.9725 0.9611 0.9153
v 0.276294 0.743174 0.560531 0.9725 0.9611 0.9153
v 0.293543 0.711840 0.480892 0.9725 0.9611 0.9153
v 0.285116 0.723392 0.481839 0.9725 0.9611 0.9153
v 0.293191 0.716290 0.409549 0.9725 0.9611 0.9153
v 0.249409 0.735342 0.471866 0.9725 0.9611 0.9153
v 0.217285 0.758312 0.505495 0.9725 0.9611 0.9153
v 0.277836 0.728031 0.496289 0.9725 0.9611 0.9153
v 0.283962 0.722828 0.432746 0.9725 0.9611 0.9153
v 0.239804 0.735046 0.459538 0.9725 0.9611 0.9153
v 0.260922 0.771182 0.608986 0.9725 0.9611 0.9153
v 0.245307 0.775125 0.627209 0.9725 0.9611 0.9153
v 0.239930 0.773095 0.625205 0.9725 0.9611 0.9153
v 0.261904 0.762733 0.598875 0.9725 0.9611 0.9153
v 0.226210 0.774953 0.619619 0.9725 0.9611 0.9153
v 0.247780 0.763916 0.601643 0.9725 0.9611 0.9153
v 0.232353 0.766929 0.597674 0.9725 0.9611 0.9153
v 0.252851 0.756867 0.589500 0.9725 0.9611 0.9153
v 0.263010 0.714313 0.522697 0.9725 0.9611 0.9153
v 0.245873 0.705875 0.494930 0.9725 0.9611 0.9153
v 0.247386 0.713046 0.517030 0.9725 0.9611 0.9153
v 0.258562 0.702590 0.489295 0.9725 0.9611 0.9153
v 0.284226 0.703180 0.476053 0.9725 0.9611 0.9153
v 0.283118 0.723769 0.527067 0.9725 0.9611 0.9153
v 0.276009 0.720194 0.529797 0.9725 0.9611 0.9153
v 0.293178 0.705098 0.463546 0.9725 0.9611 0.9153
v 0.303889 0.675545 0.347903 0.9725 0.9611 0.9153
v 0.308267 0.694223 0.374019 0.9725 0.9611 0.9153
v 0.308441 0.688871 0.380021 0.9725 0.9611 0.9153
v 0.298113 0.673962 0.356444 0.9725 0.9611 0.9153
v 0.305203 0.680935 0.367892 0.9725 0.9611 0.9153
v 0.302504 0.677943 0.340394 0.9725 0.9611 0.9153
v 0.272638 0.681531 0.378916 0.9725 0.9611 0.9153
v 0.281627 0.660353 0.315708 0.9725 0.9611 0.9153
v 0.268220 0.636945 0.237682 0.9725 0.9611 0.9153
v 0.269199 0.637895 0.225725 0.9725 0.9611 0.9153
v 0.272498 0.719551 0.381900 0.9725 0.9611 0.9153
v 0.298149 0.709370 0.387979 0.9725 0.9611 0.9153
v 0.276139 0.700731 0.334084 0.9725 0.9611 0.9153
v 0.260091 0.700491 0.313397 0.9725 0.9611 0.9153
v 0.300121 0.683766 0.341663 0.9725 0.9611 0.9153
v 0.282566 0.660703 0.292701 0.9725 0.9611 0.9153
v 0.269901 0.655661 0.256361 0.9725 0.9611 0.9153
v 0.259546 0.679926 0.281880 0.9725 0.9611 0.9153
v 0.248274 0.673811 0.254626 0.9725 0.9611 0.9153
v 0.044532 0.862695 0.551832 0.9725 0.9611 0.9153
v 0.065358 0.917716 0.616337 0.9725 0.9611 0.9153
v 0.100063 0.955398 0.671742 0.9725 0.9611 0.9153
v 0.062739 0.860033 0.548649 0.9725 0.9611 0.9153
v 0.025714 0.880336 0.603662 0.9725 0.9611 0.9153
v 0.087034 0.945333 0.687646 0.9725 0.9611 0.9153
v 0.099468 0.954454 0.708743 0.9725 0.9611 0.9153
v 0.095065 0.956349 0.693025 0.9725 0.9611 0.9153
v 0.121258 0.961995 0.725338 0.9725 0.9611 0.9153
v 0.116545 0.944816 0.730624 0.9725 0.9611 0.9153
v 0.111681 0.951242 0.727770 0.9725 0.9611 0.9153
v 0.137606 0.923177 0.729885 0.9725 0.9611 0.9153
v 0.134553 0.940055 0.735302 0.9725 0.9611 0.9153
v 0.151218 0.935849 0.726121 0.9725 0.9611 0.9153
v 0.142132 0.951093 0.729388 0.9725 0.9611 0.9153
v 0.126732 0.962900 0.693889 0.9725 0.9611 0.9153
v 0.094609 0.908123 0.600798 0.9725 0.9611 0.9153
v 0.127624 0.948479 0.662019 0.9725 0.9611 0.9153
v 0.138365 0.960806 0.713137 0.9725 0.9611 0.9153
v 0.123706 0.965412 0.712310 0.9725 0.9611 0.9153
v 0.156999 0.939482 0.717344 0.9725 0.9611 0.9153
v 0.151604 0.950970 0.709469 0.9725 0.9611 0.9153
v 0.156294 0.939560 0.680445 0.9725 0.9611 0.9153
v 0.036896 0.885319 0.614255 0.9725 0.9611 0.9153
v 0.049583 0.897122 0.626871 0.9725 0.9611 0.9153
v 0.087339 0.908406 0.638001 0.9725 0.9611 0.9153
v 0.100557 0.946844 0.706201 0.9725 0.9611 0.9153
v 0.083284 0.936195 0.677432 0.9725 0.9611 0.9153
v 0.025617 0.834607 0.566356 0.9725 0.9611 0.9153
v 0.058130 0.813278 0.556531 0.9725 0.9611 0.9153
v 0.139817 0.926846 0.689553 0.9725 0.9611 0.9153
v 0.121966 0.934414 0.683657 0.9725 0.9611 0.9153
v 0.145895 0.890317 0.651002 0.9725 0.9611 0.9153
v 0.110706 0.945548 0.719597 0.9725 0.9611 0.9153
v 0.159736 0.893058 0.700380 0.9725 0.9611 0.9153
v 0.171613 0.868540 0.679627 0.9725 0.9611 0.9153
v 0.179360 0.840503 0.657826 0.9725 0.9611 0.9153
v 0.195111 0.826282 0.664153 0.9725 0.9611 0.9153
v 0.182591 0.859926 0.680928 0.9725 0.9611 0.9153
v 0.177887 0.862378 0.682450 0.9725 0.9611 0.9153
v 0.169555 0.822548 0.631285 0.9725 0.9611 0.9153
v 0.170207 0.800728 0.611687 0.9725 0.9611 0.9153
v 0.218932 0.783541 0.630610 0.9725 0.9611 0.9153
v 0.216474 0.808037 0.658017 0.9725 0.9611 0.9153
v 0.210315 0.804068 0.651563 0.9725 0.9611 0.9153
v 0.223737 0.791035 0.643912 0.9725 0.9611 0.9153
v 0.166267 0.904554 0.650397 0.9725 0.9611 0.9153
v 0.171072 0.918064 0.698944 0.9725 0.9611 0.9153
v 0.174298 0.913432 0.682424 0.9725 0.9611 0.9153
v 0.187366 0.871054 0.667886 0.9725 0.9611 0.9153
v 0.192986 0.852152 0.647876 0.9725 0.9611 0.9153
v 0.185526 0.842833 0.615082 0.9725 0.9611 0.9153
v 0.158457 0.914691 0.717806 0.9725 0.9611 0.9153
v 0.180795 0.872583 0.683701 0.9725 0.9611 0.9153
v 0.164503 0.920582 0.711445 0.9725 0.9611 0.9153
v 0.195039 0.849636 0.662800 0.9725 0.9611 0.9153
v 0.203157 0.835259 0.650616 0.9725 0.9611 0.9153
v 0.230795 0.798758 0.635151 0.9725 0.9611 0.9153
v 0.198349 0.828086 0.610549 0.9725 0.9611 0.9153
v 0.224112 0.805981 0.615782 0.9725 0.9611 0.9153
v 0.211426 0.815054 0.598491 0.9725 0.9611 0.9153
v 0.242971 0.653893 0.202138 0.9725 0.9611 0.9153
v 0.226690 0.672543 0.211581 0.9725 0.9611 0.9153
v 0.228838 0.653403 0.181517 0.9725 0.9611 0.9153
v 0.263087 0.644411 0.212073 0.9725 0.9611 0.9153
v 0.247263 0.629931 0.141001 0.9725 0.9611 0.9153
v 0.213012 0.630708 0.092651 0.9725 0.9611 0.9153
v 0.234581 0.630100 0.117832 0.9725 0.9611 0.9153
v 0.184194 0.636272 0.077749 0.9725 0.9611 0.9153
v 0.200500 0.637592 0.091324 0.9725 0.9611 0.9153
v 0.190589 0.688627 0.187655 0.9725 0.9611 0.9153
v 0.199287 0.661131 0.150854 0.9725 0.9611 0.9153
v 0.256488 0.629613 0.167794 0.9725 0.9611 0.9153
v 0.242502 0.626011 0.134122 0.9725 0.9611 0.9153
v 0.261494 0.636253 0.249076 0.9725 0.9611 0.9153
v 0.230133 0.623421 0.169820 0.9725 0.9611 0.9153
v 0.223270 0.629008 0.195460 0.9725 0.9611 0.9153
v 0.179506 0.642782 0.181521 0.9725 0.9611 0.9153
v 0.226799 0.625917 0.108031 0.9725 0.9611 0.9153
v 0.230952 0.621956 0.132301 0.9725 0.9611 0.9153
v 0.210849 0.623627 0.101168 0.9725 0.9611 0.9153
v 0.202335 0.628869 0.085696 0.9725 0.9611 0.9153
v 0.176205 0.630147 0.081740 0.9725 0.9611 0.9153
v 0.170155 0.637132 0.074197 0.9725 0.9611 0.9153
v 0.178094 0.626163 0.100560 0.9725 0.9611 0.9153
v 0.138005 0.641343 0.088641 0.9725 0.9611 0.9153
v 0.114140 0.654880 0.091719 0.9725 0.9611 0.9153
v 0.148391 0.642602 0.076392 0.9725 0.9611 0.9153
v 0.163146 0.631474 0.121544 0.9725 0.9611 0.9153
v 0.153590 0.633097 0.101119 0.9725 0.9611 0.9153
v 0.076842 0.667913 0.160544 0.9725 0.9611 0.9153
v 0.091050 0.664938 0.108881 0.9725 0.9611 0.9153
v 0.099789 0.657134 0.111584 0.9725 0.9611 0.9153
v 0.064160 0.673771 0.146520 0.9725 0.9611 0.9153
v 0.064873 0.682608 0.134362 0.9725 0.9611 0.9153
v 0.071970 0.674980 0.126755 0.9725 0.9611 0.9153
v 0.171614 0.693945 0.176887 0.9725 0.9611 0.9153
v 0.135850 0.687958 0.141795 0.9725 0.9611 0.9153
v 0.125582 0.711203 0.188277 0.9725 0.9611 0.9153
v 0.121239 0.658521 0.087553 0.9725 0.9611 0.9153
v 0.135776 0.650602 0.079417 0.9725 0.9611 0.9153
v 0.120746 0.667334 0.098649 0.9725 0.9611 0.9153
v 0.103020 0.721804 0.208150 0.9725 0.9611 0.9153
v 0.105379 0.702561 0.161116 0.9725 0.9611 0.9153
v 0.078123 0.690753 0.137865 0.9725 0.9611 0.9153
v 0.067505 0.702776 0.163740 0.9725 0.9611 0.9153
v 0.228103 0.766992 0.530507 0.9725 0.9611 0.9153
v 0.188686 0.809800 0.554896 0.9725 0.9611 0.9153
v 0.194275 0.825085 0.591491 0.9725 0.9611 0.9153
v 0.202172 0.802921 0.551995 0.9725 0.9611 0.9153
v 0.186518 0.736348 0.448571 0.9725 0.9611 0.9153
v 0.193902 0.775181 0.510104 0.9725 0.9611 0.9153
v 0.166940 0.787243 0.509439 0.9725 0.9611 0.9153
v 0.151763 0.808148 0.540212 0.9725 0.9611 0.9153
v 0.182281 0.824996 0.578763 0.9725 0.9611 0.9153
v 0.171892 0.844272 0.598672 0.9725 0.9611 0.9153
v 0.150644 0.818464 0.553674 0.9725 0.9611 0.9153
v 0.157138 0.852444 0.595502 0.9725 0.9611 0.9153
v 0.242752 0.727822 0.400969 0.9725 0.9611 0.9153
v 0.244188 0.708440 0.323139 0.9725 0.9611 0.9153
v 0.201800 0.725300 0.408004 0.9725 0.9611 0.9153
v 0.230831 0.725207 0.390497 0.9725 0.9611 0.9153
v 0.248903 0.695912 0.295513 0.9725 0.9611 0.9153
v 0.225050 0.690489 0.264956 0.9725 0.9611 0.9153
v 0.219201 0.684738 0.241288 0.9725 0.9611 0.9153
v 0.197806 0.693022 0.255714 0.9725 0.9611 0.9153
v 0.205918 0.687054 0.222991 0.9725 0.9611 0.9153
v 0.171542 0.697959 0.247061 0.9725 0.9611 0.9153
v 0.177548 0.702752 0.295014 0.9725 0.9611 0.9153
v 0.193256 0.703490 0.316585 0.9725 0.9611 0.9153
v 0.171482 0.732609 0.422363 0.9725 0.9611 0.9153
v 0.131491 0.729337 0.380932 0.9725 0.9611 0.9153
v 0.150398 0.714500 0.298009 0.9725 0.9611 0.9153
v 0.101534 0.745841 0.314910 0.9725 0.9611 0.9153
v 0.120058 0.733656 0.301506 0.9725 0.9611 0.9153
v 0.094714 0.764849 0.391050 0.9725 0.9611 0.9153
v 0.129427 0.717437 0.238233 0.9725 0.9611 0.9153
v 0.180053 0.695748 0.195174 0.9725 0.9611 0.9153
v 0.140654 0.711521 0.209173 0.9725 0.9611 0.9153
v 0.118641 0.718464 0.205544 0.9725 0.9611 0.9153
v 0.110689 0.728640 0.262821 0.9725 0.9611 0.9153
v 0.092435 0.737387 0.277789 0.9725 0.9611 0.9153
v 0.082914 0.725984 0.223005 0.9725 0.9611 0.9153
v 0.076112 0.762933 0.342426 0.9725 0.9611 0.9153
v 0.073456 0.774353 0.379836 0.9725 0.9611 0.9153
v 0.071533 0.748795 0.307473 0.9725 0.9611 0.9153
v 0.023651 0.799499 0.392959 0.9725 0.9611 0.9153
v 0.055750 0.773817 0.359407 0.9725 0.9611 0.9153
v 0.100293 0.851127 0.555819 0.9725 0.9611 0.9153
v 0.083968 0.809326 0.501900 0.9725 0.9611 0.9153
v 0.074121 0.821082 0.512167 0.9725 0.9611 0.9153
v 0.083049 0.848732 0.543925 0.9725 0.9611 0.9153
v 0.119800 0.783769 0.470855 0.9725 0.9611 0.9153
v 0.121302 0.771149 0.447919 0.9725 0.9611 0.9153
v 0.087488 0.776402 0.414387 0.9725 0.9611 0.9153
v 0.034863 0.811705 0.479531 0.9725 0.9611 0.9153
v 0.030041 0.807375 0.426986 0.9725 0.9611 0.9153
v 0.051565 0.844584 0.527608 0.9725 0.9611 0.9153
v 0.049033 0.823050 0.505767 0.9725 0.9611 0.9153
v 0.061439 0.780076 0.529857 0.9725 0.9611 0.9153
v 0.020154 0.770966 0.488333 0.9725 0.9611 0.9153
v 0.019595 0.722406 0.376152 0.9725 0.9611 0.9153
v 0.073038 0.732382 0.456310 0.9725 0.9611 0.9153
v 0.054432 0.757002 0.498000 0.9725 0.9611 0.9153
v 0.125897 0.722402 0.446436 0.9725 0.9611 0.9153
v 0.124439 0.739635 0.490338 0.9725 0.9611 0.9153
v 0.084967 0.810862 0.567418 0.9725 0.9611 0.9153
v 0.099929 0.777643 0.548003 0.9725 0.9611 0.9153
v 0.150950 0.808472 0.607299 0.9725 0.9611 0.9153
v 0.117386 0.810222 0.587724 0.9725 0.9611 0.9153
v 0.035729 0.695747 0.325700 0.9725 0.9611 0.9153
v 0.092147 0.665026 0.176907 0.9725 0.9611 0.9153
v 0.090264 0.679348 0.281911 0.9725 0.9611 0.9153
v 0.177595 0.669239 0.290484 0.9725 0.9611 0.9153
v 0.107763 0.700035 0.383386 0.9725 0.9611 0.9153
v 0.121496 0.686073 0.324335 0.9725 0.9611 0.9153
v 0.173694 0.688227 0.396347 0.9725 0.9611 0.9153
v 0.181364 0.675768 0.319505 0.9725 0.9611 0.9153
v 0.227506 0.675530 0.327627 0.9725 0.9611 0.9153
v 0.200657 0.651823 0.247172 0.9725 0.9611 0.9153
v 0.226304 0.662021 0.283789 0.9725 0.9611 0.9153
v 0.263804 0.662963 0.318684 0.9725 0.9611 0.9153
v 0.220374 0.701557 0.450197 0.9725 0.9611 0.9153
v 0.239516 0.692935 0.419375 0.9725 0.9611 0.9153
v 0.237014 0.685538 0.386057 0.9725 0.9611 0.9153
v 0.150002 0.788612 0.581426 0.9725 0.9611 0.9153
v 0.178183 0.770964 0.562919 0.9725 0.9611 0.9153
v 0.174933 0.786010 0.589085 0.9725 0.9611 0.9153
v 0.176778 0.732636 0.506196 0.9725 0.9611 0.9153
v 0.198957 0.712165 0.473026 0.9725 0.9611 0.9153
v 0.224989 0.717127 0.513248 0.9725 0.9611 0.9153
v 0.206380 0.768815 0.575688 0.9725 0.9611 0.9153
v 0.236339 0.754796 0.578807 0.9725 0.9611 0.9153
v -0.020482 0.734182 0.307111 0.9725 0.9611 0.9153
v 0.001054 0.739006 0.296573 0.9725 0.9611 0.9153
v -0.005758 0.745379 0.314183 0.9725 0.9611 0.9153
v 0.000015 0.706769 0.326270 0.9725 0.9611 0.9153
v -0.026017 0.722369 0.308074 0.9725 0.9611 0.9153
v -0.030538 0.765887 0.380247 0.9725 0.9611 0.9153
v -0.024862 0.775200 0.409594 0.9725 0.9611 0.9153
v -0.007422 0.795578 0.513180 0.9725 0.9611 0.9153
v -0.033404 0.808676 0.522106 0.9725 0.9611 0.9153
v -0.021767 0.820702 0.510363 0.9725 0.9611 0.9153
v 0.006580 0.840313 0.527114 0.9725 0.9611 0.9153
v 0.264952 0.770981 0.595703 0.9725 0.9611 0.9153
v 0.276697 0.732834 0.516225 0.9725 0.9611 0.9153
v 0.227323 0.747692 0.491463 0.9725 0.9611 0.9153
v 0.269868 0.700146 0.475047 0.9725 0.9611 0.9153
v 0.309585 0.698427 0.391396 0.9725 0.9611 0.9153
v 0.288970 0.688812 0.398552 0.9725 0.9611 0.9153
v 0.077184 0.937490 0.650716 0.9725 0.9611 0.9153
v 0.102387 0.941616 0.644383 0.9725 0.9611 0.9153
v 0.077049 0.939532 0.667062 0.9725 0.9611 0.9153
v 0.109924 0.956994 0.722751 0.9725 0.9611 0.9153
v 0.123288 0.931935 0.638219 0.9725 0.9611 0.9153
v 0.094748 0.942690 0.691670 0.9725 0.9611 0.9153
v 0.086747 0.874191 0.602413 0.9725 0.9611 0.9153
v 0.112232 0.929263 0.670438 0.9725 0.9611 0.9153
v 0.127034 0.938649 0.711875 0.9725 0.9611 0.9153
v 0.126033 0.938741 0.700597 0.9725 0.9611 0.9153
v 0.148095 0.917841 0.704227 0.9725 0.9611 0.9153
v 0.126104 0.935049 0.727935 0.9725 0.9611 0.9153
v 0.162331 0.885472 0.668283 0.9725 0.9611 0.9153
v 0.186440 0.789186 0.606780 0.9725 0.9611 0.9153
v 0.214605 0.742113 0.470328 0.9725 0.9611 0.9153
v 0.173985 0.745860 0.455845 0.9725 0.9611 0.9153
v 0.198948 0.728125 0.418731 0.9725 0.9611 0.9153
v 0.229452 0.675503 0.225190 0.9725 0.9611 0.9153
v 0.220445 0.715908 0.357730 0.9725 0.9611 0.9153
v 0.178100 0.707521 0.356467 0.9725 0.9611 0.9153
v 0.160842 0.720038 0.392730 0.9725 0.9611 0.9153
v 0.150414 0.713288 0.348062 0.9725 0.9611 0.9153
v 0.109932 0.743887 0.335605 0.9725 0.9611 0.9153
v 0.022026 0.753569 0.319984 0.9725 0.9611 0.9153
v 0.112898 0.819046 0.531648 0.9725 0.9611 0.9153
v 0.096588 0.793325 0.473675 0.9725 0.9611 0.9153
v 0.020141 0.776202 0.501046 0.9725 0.9611 0.9153
v 0.058223 0.704767 0.376072 0.9725 0.9611 0.9153
v 0.190787 0.685267 0.388117 0.9725 0.9611 0.9153
v 0.192503 0.701944 0.440457 0.9725 0.9611 0.9153
v 0.199244 0.645668 0.223918 0.9725 0.9611 0.9153
v 0.276160 0.794064 0.143207 0.9725 0.9611 0.9153
v 0.421540 1.055389 -0.029584 0.9725 0.9611 0.9153
v 0.286714 0.930395 0.028767 0.9725 0.9611 0.9153
v 0.270977 0.927473 -0.047737 0.9725 0.9611 0.9153
v 0.359558 0.935922 0.126429 0.9725 0.9611 0.9153
v 0.366026 0.946487 0.144351 0.9725 0.9611 0.9153
v 0.448441 1.020066 0.075569 0.9725 0.9611 0.9153
v 0.315022 0.943926 0.100493 0.9725 0.9611 0.9153
v 0.427550 1.060229 -0.012712 0.9725 0.9611 0.9153
v 0.343574 1.014291 0.021404 0.9725 0.9611 0.9153
v 0.279461 0.910064 -0.030963 0.9725 0.9611 0.9153
v 0.195104 0.842713 0.008947 0.9725 0.9611 0.9153
v 0.206920 0.854428 0.017007 0.9725 0.9611 0.9153
v 0.359603 0.806614 0.155577 0.9725 0.9611 0.9153
v 0.362254 0.912633 0.147320 0.9725 0.9611 0.9153
v 0.434977 0.944732 0.140327 0.9725 0.9611 0.9153
v 0.085769 0.693072 0.110593 0.9725 0.9611 0.9153
v 0.132995 0.670114 0.126906 0.9725 0.9611 0.9153
v 0.135543 0.648376 0.120719 0.9725 0.9611 0.9153
v 0.177836 0.658197 0.129319 0.9725 0.9611 0.9153
v 0.488017 1.039149 0.072330 0.9725 0.9611 0.9153
v 0.452023 0.998769 0.105336 0.9725 0.9611 0.9153
v 0.503790 1.062865 0.055295 0.9725 0.9611 0.9153
v 0.405441 0.984808 0.114943 0.9725 0.9611 0.9153
v 0.352907 1.023065 0.011347 0.9725 0.9611 0.9153
v 0.307971 0.993030 -0.039878 0.9725 0.9611 0.9153
v 0.367423 1.021001 -0.001027 0.9725 0.9611 0.9153
v 0.321056 0.980997 0.005107 0.9725 0.9611 0.9153
v 0.273323 0.911916 -0.039613 0.9725 0.9611 0.9153
v 0.190038 0.829269 0.009846 0.9725 0.9611 0.9153
v 0.248010 0.900412 -0.031142 0.9725 0.9611 0.9153
v 0.244477 0.851882 0.012005 0.9725 0.9611 0.9153
v 0.192676 0.794010 0.023942 0.9725 0.9611 0.9153
v 0.116784 0.740609 0.058318 0.9725 0.9611 0.9153
v 0.185805 0.808302 0.066946 0.9725 0.9611 0.9153
v 0.268788 0.780582 0.145167 0.9725 0.9611 0.9153
v 0.330150 0.796636 0.152622 0.9725 0.9611 0.9153
v 0.310138 0.775203 0.151478 0.9725 0.9611 0.9153
v 0.309485 0.771721 0.143170 0.9725 0.9611 0.9153
v 0.380755 0.854160 0.158459 0.9725 0.9611 0.9153
v 0.403928 0.926999 0.146699 0.9725 0.9611 0.9153
v 0.399530 0.926802 0.142957 0.9725 0.9611 0.9153
v 0.443627 0.972665 0.128211 0.9725 0.9611 0.9153
v 0.391885 0.950560 0.146531 0.9725 0.9611 0.9153
v 0.427295 0.946313 0.144289 0.9725 0.9611 0.9153
v 0.103632 0.719669 0.097539 0.9725 0.9611 0.9153
v 0.107556 0.717279 0.106605 0.9725 0.9611 0.9153
v 0.086638 0.696818 0.113213 0.9725 0.9611 0.9153
v 0.090259 0.691495 0.104857 0.9725 0.9611 0.9153
v 0.145411 0.733534 0.064529 0.9725 0.9611 0.9153
v 0.122734 0.701342 0.088148 0.9725 0.9611 0.9153
v 0.124178 0.714141 0.075570 0.9725 0.9611 0.9153
v 0.154023 0.701470 0.102725 0.9725 0.9611 0.9153
v 0.136496 0.688891 0.100102 0.9725 0.9611 0.9153
v 0.110652 0.665316 0.111624 0.9725 0.9611 0.9153
v 0.126098 0.639173 0.136420 0.9725 0.9611 0.9153
v 0.096148 0.667880 0.116976 0.9725 0.9611 0.9153
v 0.156712 0.650660 0.123372 0.9725 0.9611 0.9153
v 0.188799 0.648263 0.153176 0.9725 0.9611 0.9153
v 0.150409 0.631409 0.158292 0.9725 0.9611 0.9153
v 0.156060 0.634649 0.144479 0.9725 0.9611 0.9153
v 0.217674 0.703683 0.136004 0.9725 0.9611 0.9153
v 0.227888 0.722913 0.129202 0.9725 0.9611 0.9153
v 0.227387 0.687579 0.164939 0.9725 0.9611 0.9153
v 0.184679 0.659773 0.155098 0.9725 0.9611 0.9153
v 0.142092 0.640237 0.152710 0.9725 0.9611 0.9153
v 0.488033 1.007092 0.104797 0.9725 0.9611 0.9153
v 0.476472 1.007515 0.108372 0.9725 0.9611 0.9153
v 0.455361 1.005029 0.112380 0.9725 0.9611 0.9153
v 0.482654 0.994298 0.108334 0.9725 0.9611 0.9153
v 0.519944 1.069179 0.042030 0.9725 0.9611 0.9153
v 0.515843 1.054407 0.056838 0.9725 0.9611 0.9153
v 0.501328 1.049516 0.063167 0.9725 0.9611 0.9153
v 0.407791 1.036438 0.025082 0.9725 0.9611 0.9153
v 0.451891 1.051075 0.038486 0.9725 0.9611 0.9153
v 0.419802 1.037155 0.044927 0.9725 0.9611 0.9153
v 0.508693 1.053484 0.063567 0.9725 0.9611 0.9153
v 0.485528 1.062242 0.045819 0.9725 0.9611 0.9153
v 0.259458 0.794912 0.135101 0.9725 0.9611 0.9153
v 0.341297 0.935113 0.137250 0.9725 0.9611 0.9153
v 0.330255 0.951514 0.118220 0.9725 0.9611 0.9153
v 0.295240 0.878243 0.126834 0.9725 0.9611 0.9153
v 0.234327 0.784540 0.125871 0.9725 0.9611 0.9153
v 0.263476 0.864638 0.082535 0.9725 0.9611 0.9153
v 0.165760 0.756660 0.101323 0.9725 0.9611 0.9153
v 0.199186 0.785783 0.043243 0.9725 0.9611 0.9153
v 0.329572 0.973170 0.033075 0.9725 0.9611 0.9153
v 0.373956 0.958892 0.125681 0.9725 0.9611 0.9153
v 0.246151 0.750371 0.087606 0.9725 0.9611 0.9153
v 0.294197 0.852075 0.082854 0.9725 0.9611 0.9153
v 0.386260 1.033510 0.027095 0.9725 0.9611 0.9153
v 0.325894 1.009215 0.007913 0.9725 0.9611 0.9153
v 0.404732 1.049589 -0.019370 0.9725 0.9611 0.9153
v 0.380725 1.037168 -0.009169 0.9725 0.9611 0.9153
v 0.372395 1.032435 -0.019828 0.9725 0.9611 0.9153
v 0.362415 1.026569 -0.020074 0.9725 0.9611 0.9153
v 0.320518 1.008564 -0.010776 0.9725 0.9611 0.9153
v 0.311063 0.999550 -0.026857 0.9725 0.9611 0.9153
v 0.297598 0.985159 -0.036796 0.9725 0.9611 0.9153
v 0.328734 1.012336 -0.022950 0.9725 0.9611 0.9153
v 0.264858 0.923332 -0.037839 0.9725 0.9611 0.9153
v 0.273289 0.937095 -0.031166 0.9725 0.9611 0.9153
v 0.288790 0.970644 -0.033307 0.9725 0.9611 0.9153
v 0.310842 0.989207 0.022534 0.9725 0.9611 0.9153
v 0.315532 0.988759 0.030110 0.9725 0.9611 0.9153
v 0.303920 0.982425 0.013097 0.9725 0.9611 0.9153
v 0.297793 0.959973 0.034388 0.9725 0.9611 0.9153
v 0.398529 1.044522 -0.023034 0.9725 0.9611 0.9153
v 0.353676 1.020010 -0.019539 0.9725 0.9611 0.9153
v 0.327548 1.007942 -0.027732 0.9725 0.9611 0.9153
v 0.340691 0.990266 0.009412 0.9725 0.9611 0.9153
v 0.325864 0.997424 -0.018204 0.9725 0.9611 0.9153
v 0.306029 0.963399 -0.007899 0.9725 0.9611 0.9153
v 0.304916 0.949456 0.033466 0.9725 0.9611 0.9153
v 0.296286 0.919773 0.041686 0.9725 0.9611 0.9153
v 0.288433 0.914684 -0.010844 0.9725 0.9611 0.9153
v 0.286779 0.922060 -0.030958 0.9725 0.9611 0.9153
v 0.311815 0.992588 -0.037647 0.9725 0.9611 0.9153
v 0.301377 0.965582 -0.028945 0.9725 0.9611 0.9153
v 0.316705 0.985755 -0.018301 0.9725 0.9611 0.9153
v 0.294819 0.964827 -0.041005 0.9725 0.9611 0.9153
v 0.291829 0.968655 -0.044061 0.9725 0.9611 0.9153
v 0.251227 0.882918 -0.023984 0.9725 0.9611 0.9153
v 0.240664 0.886222 -0.026408 0.9725 0.9611 0.9153
v 0.215423 0.842451 0.002673 0.9725 0.9611 0.9153
v 0.206157 0.849511 0.000065 0.9725 0.9611 0.9153
v 0.276969 0.891854 -0.007029 0.9725 0.9611 0.9153
v 0.269395 0.891871 -0.021149 0.9725 0.9611 0.9153
v 0.280143 0.892061 0.007060 0.9725 0.9611 0.9153
v 0.261177 0.868115 0.019150 0.9725 0.9611 0.9153
v 0.229668 0.845497 0.003765 0.9725 0.9611 0.9153
v 0.180636 0.796384 0.016321 0.9725 0.9611 0.9153
v 0.219290 0.830499 0.011444 0.9725 0.9611 0.9153
v 0.158036 0.764069 0.030275 0.9725 0.9611 0.9153
v 0.148097 0.778817 0.022126 0.9725 0.9611 0.9153
v 0.156629 0.776649 0.021244 0.9725 0.9611 0.9153
v 0.194448 0.820870 0.010643 0.9725 0.9611 0.9153
v 0.129299 0.753323 0.039841 0.9725 0.9611 0.9153
v 0.273869 0.923737 0.004639 0.9725 0.9611 0.9153
v 0.281276 0.930806 0.011778 0.9725 0.9611 0.9153
v 0.264720 0.917407 -0.008334 0.9725 0.9611 0.9153
v 0.251047 0.898286 0.001656 0.9725 0.9611 0.9153
v 0.277993 0.915160 0.024624 0.9725 0.9611 0.9153
v 0.251697 0.905755 -0.019076 0.9725 0.9611 0.9153
v 0.185554 0.832484 0.014566 0.9725 0.9611 0.9153
v 0.212691 0.865561 -0.001089 0.9725 0.9611 0.9153
v 0.164100 0.799948 0.044215 0.9725 0.9611 0.9153
v 0.154731 0.797365 0.021596 0.9725 0.9611 0.9153
v 0.140875 0.773773 0.037820 0.9725 0.9611 0.9153
v 0.217980 0.853090 0.033264 0.9725 0.9611 0.9153
v 0.238735 0.867933 0.038983 0.9725 0.9611 0.9153
v 0.167136 0.797594 0.058248 0.9725 0.9611 0.9153
v 0.289365 0.789311 0.148330 0.9725 0.9611 0.9153
v 0.317194 0.817410 0.149978 0.9725 0.9611 0.9153
v 0.262863 0.752339 0.159863 0.9725 0.9611 0.9153
v 0.287480 0.767450 0.154221 0.9725 0.9611 0.9153
v 0.266603 0.733609 0.167327 0.9725 0.9611 0.9153
v 0.290809 0.755451 0.155531 0.9725 0.9611 0.9153
v 0.325508 0.802721 0.152088 0.9725 0.9611 0.9153
v 0.374093 0.822129 0.159555 0.9725 0.9611 0.9153
v 0.376118 0.845863 0.162013 0.9725 0.9611 0.9153
v 0.370062 0.865514 0.158762 0.9725 0.9611 0.9153
v 0.374783 0.902987 0.150465 0.9725 0.9611 0.9153
v 0.347529 0.869748 0.153803 0.9725 0.9611 0.9153
v 0.347056 0.906776 0.144191 0.9725 0.9611 0.9153
v 0.270075 0.730322 0.163871 0.9725 0.9611 0.9153
v 0.289409 0.754632 0.149823 0.9725 0.9611 0.9153
v 0.317574 0.775113 0.147405 0.9725 0.9611 0.9153
v 0.327670 0.789400 0.141592 0.9725 0.9611 0.9153
v 0.337735 0.791932 0.150471 0.9725 0.9611 0.9153
v 0.286752 0.766906 0.133180 0.9725 0.9611 0.9153
v 0.283501 0.769139 0.128096 0.9725 0.9611 0.9153
v 0.298931 0.789392 0.126929 0.9725 0.9611 0.9153
v 0.320870 0.803459 0.133866 0.9725 0.9611 0.9153
v 0.331178 0.844094 0.133380 0.9725 0.9611 0.9153
v 0.349767 0.849425 0.143629 0.9725 0.9611 0.9153
v 0.354260 0.894410 0.132600 0.9725 0.9611 0.9153
v 0.365060 0.897655 0.138374 0.9725 0.9611 0.9153
v 0.371391 0.820066 0.156828 0.9725 0.9611 0.9153
v 0.375321 0.864493 0.152354 0.9725 0.9611 0.9153
v 0.404202 0.905138 0.149773 0.9725 0.9611 0.9153
v 0.411812 0.939357 0.141033 0.9725 0.9611 0.9153
v 0.409506 0.935825 0.144608 0.9725 0.9611 0.9153
v 0.398522 0.949284 0.133660 0.9725 0.9611 0.9153
v 0.432476 0.947237 0.136237 0.9725 0.9611 0.9153
v 0.405675 0.976255 0.119643 0.9725 0.9611 0.9153
v 0.437925 0.975540 0.124511 0.9725 0.9611 0.9153
v 0.447984 0.981357 0.120886 0.9725 0.9611 0.9153
v 0.439504 0.953888 0.136214 0.9725 0.9611 0.9153
v 0.449703 0.978727 0.125058 0.9725 0.9611 0.9153
v 0.415856 0.960796 0.143466 0.9725 0.9611 0.9153
v 0.402743 0.968747 0.142048 0.9725 0.9611 0.9153
v 0.402643 0.900890 0.152176 0.9725 0.9611 0.9153
v 0.426589 0.940780 0.143410 0.9725 0.9611 0.9153
v 0.440751 0.963129 0.135547 0.9725 0.9611 0.9153
v 0.444480 0.974577 0.129925 0.9725 0.9611 0.9153
v 0.448926 0.979856 0.126798 0.9725 0.9611 0.9153
v 0.434902 0.973425 0.135543 0.9725 0.9611 0.9153
v 0.109906 0.726235 0.096421 0.9725 0.9611 0.9153
v 0.122446 0.742347 0.100490 0.9725 0.9611 0.9153
v 0.105533 0.725812 0.078468 0.9725 0.9611 0.9153
v 0.091595 0.709002 0.102135 0.9725 0.9611 0.9153
v 0.088631 0.684869 0.122508 0.9725 0.9611 0.9153
v 0.086145 0.678606 0.120839 0.9725 0.9611 0.9153
v 0.089111 0.671775 0.127451 0.9725 0.9611 0.9153
v 0.106039 0.647539 0.142280 0.9725 0.9611 0.9153
v 0.119353 0.641464 0.150397 0.9725 0.9611 0.9153
v 0.098732 0.669084 0.130790 0.9725 0.9611 0.9153
v 0.120728 0.708361 0.119442 0.9725 0.9611 0.9153
v 0.119689 0.728496 0.115654 0.9725 0.9611 0.9153
v 0.109920 0.712956 0.112051 0.9725 0.9611 0.9153
v 0.111746 0.695780 0.120004 0.9725 0.9611 0.9153
v 0.121453 0.698315 0.120372 0.9725 0.9611 0.9153
v 0.142567 0.698508 0.124501 0.9725 0.9611 0.9153
v 0.103418 0.698613 0.091645 0.9725 0.9611 0.9153
v 0.094306 0.707556 0.092711 0.9725 0.9611 0.9153
v 0.141972 0.722130 0.077362 0.9725 0.9611 0.9153
v 0.114245 0.702872 0.085631 0.9725 0.9611 0.9153
v 0.119950 0.683765 0.098783 0.9725 0.9611 0.9153
v 0.135772 0.660957 0.110784 0.9725 0.9611 0.9153
v 0.093790 0.662485 0.128400 0.9725 0.9611 0.9153
v 0.111159 0.650138 0.127476 0.9725 0.9611 0.9153
v 0.141104 0.630476 0.151708 0.9725 0.9611 0.9153
v 0.154884 0.631414 0.156266 0.9725 0.9611 0.9153
v 0.131595 0.633900 0.155783 0.9725 0.9611 0.9153
v 0.169212 0.640962 0.143313 0.9725 0.9611 0.9153
v 0.169279 0.636488 0.156380 0.9725 0.9611 0.9153
v 0.169612 0.661628 0.121588 0.9725 0.9611 0.9153
v 0.155315 0.667050 0.111927 0.9725 0.9611 0.9153
v 0.183107 0.698618 0.116260 0.9725 0.9611 0.9153
v 0.200517 0.702707 0.123674 0.9725 0.9611 0.9153
v 0.233859 0.736391 0.116742 0.9725 0.9611 0.9153
v 0.259156 0.746629 0.136111 0.9725 0.9611 0.9153
v 0.206284 0.663286 0.161446 0.9725 0.9611 0.9153
v 0.203384 0.658608 0.158993 0.9725 0.9611 0.9153
v 0.203782 0.666208 0.148616 0.9725 0.9611 0.9153
v 0.243552 0.703204 0.163970 0.9725 0.9611 0.9153
v 0.253908 0.713248 0.168506 0.9725 0.9611 0.9153
v 0.174301 0.709345 0.133961 0.9725 0.9611 0.9153
v 0.163853 0.677305 0.132185 0.9725 0.9611 0.9153
v 0.147552 0.682641 0.124782 0.9725 0.9611 0.9153
v 0.197917 0.714164 0.141359 0.9725 0.9611 0.9153
v 0.200179 0.734984 0.137371 0.9725 0.9611 0.9153
v 0.217594 0.761303 0.133585 0.9725 0.9611 0.9153
v 0.153135 0.665168 0.133918 0.9725 0.9611 0.9153
v 0.131615 0.658783 0.134767 0.9725 0.9611 0.9153
v 0.180802 0.646959 0.158088 0.9725 0.9611 0.9153
v 0.165019 0.643745 0.155456 0.9725 0.9611 0.9153
v 0.209192 0.691245 0.157239 0.9725 0.9611 0.9153
v 0.247621 0.712834 0.168889 0.9725 0.9611 0.9153
v 0.242837 0.727552 0.163197 0.9725 0.9611 0.9153
v 0.218025 0.736478 0.143456 0.9725 0.9611 0.9153
v 0.254346 0.780795 0.138264 0.9725 0.9611 0.9153
v 0.252103 0.758621 0.152168 0.9725 0.9611 0.9153
v 0.445460 0.992037 0.123890 0.9725 0.9611 0.9153
v 0.473689 0.998098 0.114759 0.9725 0.9611 0.9153
v 0.480421 0.994142 0.113851 0.9725 0.9611 0.9153
v 0.481930 0.992480 0.111897 0.9725 0.9611 0.9153
v 0.494061 1.006365 0.100987 0.9725 0.9611 0.9153
v 0.486711 1.019004 0.095120 0.9725 0.9611 0.9153
v 0.494306 1.027135 0.082871 0.9725 0.9611 0.9153
v 0.501277 1.022547 0.083231 0.9725 0.9611 0.9153
v 0.495100 1.035442 0.072170 0.9725 0.9611 0.9153
v 0.499234 1.032744 0.070048 0.9725 0.9611 0.9153
v 0.498854 1.041560 0.067640 0.9725 0.9611 0.9153
v 0.491870 1.006787 0.097115 0.9725 0.9611 0.9153
v 0.486503 1.024536 0.077579 0.9725 0.9611 0.9153
v 0.462596 1.010745 0.090901 0.9725 0.9611 0.9153
v 0.469243 1.020937 0.078573 0.9725 0.9611 0.9153
v 0.490144 1.038089 0.066140 0.9725 0.9611 0.9153
v 0.500055 1.039374 0.063770 0.9725 0.9611 0.9153
v 0.506670 1.055370 0.058847 0.9725 0.9611 0.9153
v 0.522063 1.065084 0.046802 0.9725 0.9611 0.9153
v 0.479244 1.037053 0.065435 0.9725 0.9611 0.9153
v 0.460809 1.030327 0.063916 0.9725 0.9611 0.9153
v 0.436119 1.052451 0.010854 0.9725 0.9611 0.9153
v 0.393040 1.035354 0.005583 0.9725 0.9611 0.9153
v 0.494328 1.052728 0.060354 0.9725 0.9611 0.9153
v 0.452224 1.065038 -0.002438 0.9725 0.9611 0.9153
v 0.478157 1.039794 0.070045 0.9725 0.9611 0.9153
v 0.497615 1.052207 0.066142 0.9725 0.9611 0.9153
v 0.514364 1.062478 0.055298 0.9725 0.9611 0.9153
v 0.481861 1.061559 0.038838 0.9725 0.9611 0.9153
v 0.516625 1.070439 0.042481 0.9725 0.9611 0.9153
v 0.441138 1.063901 -0.002979 0.9725 0.9611 0.9153
v 0.443244 1.059970 0.013871 0.9725 0.9611 0.9153
v 0.409552 1.044887 0.018223 0.9725 0.9611 0.9153
v 0.291493 0.823834 0.144829 0.9725 0.9611 0.9153
v 0.295355 0.846674 0.143616 0.9725 0.9611 0.9153
v 0.283438 0.836006 0.141793 0.9725 0.9611 0.9153
v 0.303276 0.875858 0.136419 0.9725 0.9611 0.9153
v 0.330388 0.932570 0.131256 0.9725 0.9611 0.9153
v 0.281605 0.870838 0.111813 0.9725 0.9611 0.9153
v 0.245858 0.810158 0.113328 0.9725 0.9611 0.9153
v 0.156419 0.727437 0.135757 0.9725 0.9611 0.9153
v 0.175801 0.739074 0.138078 0.9725 0.9611 0.9153
v 0.386578 0.967569 0.141894 0.9725 0.9611 0.9153
v 0.394476 0.980182 0.135485 0.9725 0.9611 0.9153
v 0.366749 0.966313 0.136946 0.9725 0.9611 0.9153
v 0.432814 0.986602 0.130923 0.9725 0.9611 0.9153
v 0.423918 0.997115 0.123675 0.9725 0.9611 0.9153
v 0.451993 1.016264 0.096769 0.9725 0.9611 0.9153
v 0.419319 1.006961 0.110900 0.9725 0.9611 0.9153
v 0.368163 0.994589 0.110079 0.9725 0.9611 0.9153
v 0.340072 0.976094 0.106409 0.9725 0.9611 0.9153
v 0.331698 0.978629 0.088117 0.9725 0.9611 0.9153
v 0.349153 0.990150 0.095884 0.9725 0.9611 0.9153
v 0.316877 0.972827 0.056501 0.9725 0.9611 0.9153
v 0.401214 1.021088 0.081819 0.9725 0.9611 0.9153
v 0.438216 1.021265 0.084518 0.9725 0.9611 0.9153
v 0.405057 1.033149 0.048703 0.9725 0.9611 0.9153
v 0.368075 1.017885 0.059117 0.9725 0.9611 0.9153
v 0.379182 1.023729 0.060364 0.9725 0.9611 0.9153
v 0.300506 0.948383 0.054274 0.9725 0.9611 0.9153
v 0.160094 0.732972 0.133706 0.9725 0.9611 0.9153
v 0.140065 0.722464 0.129116 0.9725 0.9611 0.9153
v 0.215289 0.791285 0.096563 0.9725 0.9611 0.9153
v 0.241455 0.848035 0.071541 0.9725 0.9611 0.9153
v 0.282900 0.890944 0.085326 0.9725 0.9611 0.9153
v 0.294692 0.918992 0.075525 0.9725 0.9611 0.9153
v 0.268304 0.885121 0.049720 0.9725 0.9611 0.9153
v 0.284023 0.913788 0.039308 0.9725 0.9611 0.9153
v 0.150259 0.773697 0.081615 0.9725 0.9611 0.9153
v 0.128079 0.739745 0.112912 0.9725 0.9611 0.9153
v 0.148909 0.748731 0.042412 0.9725 0.9611 0.9153
v 0.227217 0.812571 0.044499 0.9725 0.9611 0.9153
v 0.239855 0.838237 0.029857 0.9725 0.9611 0.9153
v 0.265559 0.864088 0.045236 0.9725 0.9611 0.9153
v 0.188665 0.762299 0.059570 0.9725 0.9611 0.9153
v 0.278364 0.888851 0.043576 0.9725 0.9611 0.9153
v 0.287326 0.900234 0.043180 0.9725 0.9611 0.9153
v 0.280252 0.885188 0.057655 0.9725 0.9611 0.9153
v 0.283923 0.872615 0.069682 0.9725 0.9611 0.9153
v 0.291784 0.884509 0.072199 0.9725 0.9611 0.9153
v 0.298800 0.900838 0.068546 0.9725 0.9611 0.9153
v 0.283768 0.833511 0.080619 0.9725 0.9611 0.9153
v 0.171442 0.739803 0.071236 0.9725 0.9611 0.9153
v 0.161747 0.718895 0.088597 0.9725 0.9611 0.9153
v 0.246653 0.775522 0.063577 0.9725 0.9611 0.9153
v 0.240673 0.809686 0.055614 0.9725 0.9611 0.9153
v 0.255938 0.772110 0.070861 0.9725 0.9611 0.9153
v 0.203508 0.740908 0.075792 0.9725 0.9611 0.9153
v 0.329501 0.961280 0.057303 0.9725 0.9611 0.9153
v 0.311356 0.947470 0.052763 0.9725 0.9611 0.9153
v 0.316004 0.962624 0.038899 0.9725 0.9611 0.9153
v 0.293152 0.901672 0.058683 0.9725 0.9611 0.9153
v 0.347230 0.992697 0.019625 0.9725 0.9611 0.9153
v 0.367770 1.013189 0.024196 0.9725 0.9611 0.9153
v 0.380320 1.023502 0.023325 0.9725 0.9611 0.9153
v 0.350658 0.987774 0.053432 0.9725 0.9611 0.9153
v 0.415739 1.014557 0.084503 0.9725 0.9611 0.9153
v 0.400759 1.016793 0.074495 0.9725 0.9611 0.9153
v 0.348404 0.972488 0.082701 0.9725 0.9611 0.9153
v 0.376052 1.010009 0.059981 0.9725 0.9611 0.9153
v 0.323632 0.942769 0.069832 0.9725 0.9611 0.9153
v 0.342133 0.960661 0.088855 0.9725 0.9611 0.9153
v 0.345658 0.951027 0.105085 0.9725 0.9611 0.9153
v 0.371330 0.975191 0.112370 0.9725 0.9611 0.9153
v 0.343174 0.939358 0.107162 0.9725 0.9611 0.9153
v 0.431132 1.007279 0.097832 0.9725 0.9611 0.9153
v 0.386866 0.967609 0.123834 0.9725 0.9611 0.9153
v 0.366112 0.935556 0.130829 0.9725 0.9611 0.9153
v 0.241681 0.753006 0.075401 0.9725 0.9611 0.9153
v 0.269539 0.796508 0.078752 0.9725 0.9611 0.9153
v 0.277275 0.798714 0.090568 0.9725 0.9611 0.9153
v 0.214976 0.730446 0.104688 0.9725 0.9611 0.9153
v 0.311928 0.906440 0.076428 0.9725 0.9611 0.9153
v 0.320598 0.862417 0.098758 0.9725 0.9611 0.9153
v 0.321868 0.906873 0.085006 0.9725 0.9611 0.9153
v 0.296653 0.831872 0.095813 0.9725 0.9611 0.9153
v 0.318063 0.839761 0.122029 0.9725 0.9611 0.9153
v 0.300416 0.811861 0.116739 0.9725 0.9611 0.9153
v 0.334253 0.883995 0.106074 0.9725 0.9611 0.9153
v 0.341133 0.873948 0.126661 0.9725 0.9611 0.9153
v 0.354188 0.924191 0.124106 0.9725 0.9611 0.9153
v 0.313324 0.821375 0.125704 0.9725 0.9611 0.9153
v 0.269130 0.762260 0.119675 0.9725 0.9611 0.9153
v 0.340590 1.020264 -0.007704 0.9725 0.9611 0.9153
v 0.277648 0.942623 -0.048986 0.9725 0.9611 0.9153
v 0.281470 0.955857 -0.045753 0.9725 0.9611 0.9153
v 0.359193 1.013522 0.001993 0.9725 0.9611 0.9153
v 0.280027 0.934187 -0.047027 0.9725 0.9611 0.9153
v 0.264929 0.911933 -0.042127 0.9725 0.9611 0.9153
v 0.139774 0.752832 0.035740 0.9725 0.9611 0.9153
v 0.160141 0.798500 0.015988 0.9725 0.9611 0.9153
v 0.232107 0.881613 0.000985 0.9725 0.9611 0.9153
v 0.168381 0.814714 0.021424 0.9725 0.9611 0.9153
v 0.247090 0.879800 0.031165 0.9725 0.9611 0.9153
v 0.283660 0.777537 0.150345 0.9725 0.9611 0.9153
v 0.355627 0.855880 0.157666 0.9725 0.9611 0.9153
v 0.378655 0.832168 0.160921 0.9725 0.9611 0.9153
v 0.387314 0.875885 0.154076 0.9725 0.9611 0.9153
v 0.311933 0.847630 0.145825 0.9725 0.9611 0.9153
v 0.401007 0.891595 0.150616 0.9725 0.9611 0.9153
v 0.399715 0.936460 0.139845 0.9725 0.9611 0.9153
v 0.406193 0.935823 0.146615 0.9725 0.9611 0.9153
v 0.090085 0.706890 0.099759 0.9725 0.9611 0.9153
v 0.122722 0.739375 0.048884 0.9725 0.9611 0.9153
v 0.128827 0.732950 0.053067 0.9725 0.9611 0.9153
v 0.121975 0.636285 0.150537 0.9725 0.9611 0.9153
v 0.201711 0.718758 0.113423 0.9725 0.9611 0.9153
v 0.498640 1.033151 0.067903 0.9725 0.9611 0.9153
v 0.490066 0.999099 0.105991 0.9725 0.9611 0.9153
v 0.502846 1.024175 0.078963 0.9725 0.9611 0.9153
v 0.457592 1.041644 0.046269 0.9725 0.9611 0.9153
v 0.454618 1.051154 0.029627 0.9725 0.9611 0.9153
v 0.494230 1.063571 0.044956 0.9725 0.9611 0.9153
v 0.481767 1.053007 0.053407 0.9725 0.9611 0.9153
v 0.468274 1.063720 0.017833 0.9725 0.9611 0.9153
v 0.435660 1.062460 -0.022863 0.9725 0.9611 0.9153
v 0.479575 1.043831 0.067280 0.9725 0.9611 0.9153
v 0.487318 1.060186 0.052486 0.9725 0.9611 0.9153
v 0.465008 1.065145 0.018058 0.9725 0.9611 0.9153
v 0.244504 0.790805 0.126944 0.9725 0.9611 0.9153
v 0.273381 0.838064 0.132228 0.9725 0.9611 0.9153
v 0.249959 0.806220 0.122224 0.9725 0.9611 0.9153
v 0.222428 0.780465 0.119960 0.9725 0.9611 0.9153
v 0.255765 0.840311 0.100059 0.9725 0.9611 0.9153
v 0.191266 0.758970 0.115175 0.9725 0.9611 0.9153
v 0.398896 1.002686 0.113361 0.9725 0.9611 0.9153
v 0.353417 0.974081 0.122762 0.9725 0.9611 0.9153
v 0.381342 0.982004 0.131619 0.9725 0.9611 0.9153
v 0.391306 1.023266 0.072140 0.9725 0.9611 0.9153
v 0.351005 1.003397 0.062187 0.9725 0.9611 0.9153
v 0.331627 0.993881 0.038313 0.9725 0.9611 0.9153
v 0.306752 0.960241 0.056617 0.9725 0.9611 0.9153
v 0.174555 0.781263 0.086502 0.9725 0.9611 0.9153
v 0.142885 0.731335 0.123826 0.9725 0.9611 0.9153
v 0.154050 0.768661 0.090590 0.9725 0.9611 0.9153
v 0.254103 0.876752 0.042135 0.9725 0.9611 0.9153
v 0.257448 0.857649 0.035975 0.9725 0.9611 0.9153
v 0.210981 0.768773 0.059730 0.9725 0.9611 0.9153
v 0.268227 0.840442 0.064692 0.9725 0.9611 0.9153
v 0.253072 0.829831 0.055690 0.9725 0.9611 0.9153
v 0.222076 0.755907 0.066782 0.9725 0.9611 0.9153
v 0.150878 0.707829 0.095854 0.9725 0.9611 0.9153
v 0.388758 1.017613 0.062599 0.9725 0.9611 0.9153
v 0.416388 1.029329 0.047708 0.9725 0.9611 0.9153
v 0.323092 0.928016 0.079132 0.9725 0.9611 0.9153
v 0.359550 0.975032 0.100208 0.9725 0.9611 0.9153
v 0.362964 0.961628 0.117438 0.9725 0.9611 0.9153
v 0.389678 1.006042 0.083979 0.9725 0.9611 0.9153
v 0.402734 1.002775 0.097358 0.9725 0.9611 0.9153
v 0.413634 1.003294 0.101066 0.9725 0.9611 0.9153
v 0.255389 0.760682 0.083466 0.9725 0.9611 0.9153
v 0.273485 0.772025 0.113101 0.9725 0.9611 0.9153
v 0.315837 0.878958 0.085869 0.9725 0.9611 0.9153
v 0.257938 0.756334 0.104955 0.9725 0.9611 0.9153
v 0.486108 0.822660 -0.284616 0.9725 0.9611 0.9153
v 0.353558 0.858537 -0.449840 0.9725 0.9611 0.9153
v 0.214154 0.762432 -0.240925 0.9725 0.9611 0.9153
v 0.096272 0.679849 -0.005756 0.9725 0.9611 0.9153
v 0.231496 0.794687 -0.236420 0.9725 0.9611 0.9153
v 0.168053 0.795933 -0.271202 0.9725 0.9611 0.9153
v 0.354077 0.677212 0.046191 0.9725 0.9611 0.9153
v 0.458983 0.755057 -0.153705 0.9725 0.9611 0.9153
v 0.251008 0.641873 0.029441 0.9725 0.9611 0.9153
v 0.156608 0.639233 0.152630 0.9725 0.9611 0.9153
v 0.473729 0.802850 -0.329896 0.9725 0.9611 0.9153
v 0.481016 0.801870 -0.387352 0.9725 0.9611 0.9153
v 0.310865 0.790503 -0.205225 0.9725 0.9611 0.9153
v 0.366864 0.846249 -0.408222 0.9725 0.9611 0.9153
v 0.285775 0.864259 -0.353226 0.9725 0.9611 0.9153
v 0.196886 0.808895 -0.260153 0.9725 0.9611 0.9153
v 0.195055 0.777167 -0.265237 0.9725 0.9611 0.9153
v 0.205138 0.752100 -0.202605 0.9725 0.9611 0.9153
v 0.117371 0.759009 -0.146253 0.9725 0.9611 0.9153
v 0.411811 0.705792 -0.051512 0.9725 0.9611 0.9153
v 0.422710 0.749506 -0.144403 0.9725 0.9611 0.9153
v 0.501843 0.815890 -0.242543 0.9725 0.9611 0.9153
v 0.090174 0.679419 0.079048 0.9725 0.9611 0.9153
v 0.234622 0.622890 0.136827 0.9725 0.9611 0.9153
v 0.464949 0.805496 -0.369487 0.9725 0.9611 0.9153
v 0.478099 0.838926 -0.438263 0.9725 0.9611 0.9153
v 0.462470 0.827571 -0.394887 0.9725 0.9611 0.9153
v 0.216441 0.765399 -0.185636 0.9725 0.9611 0.9153
v 0.268154 0.752255 -0.200689 0.9725 0.9611 0.9153
v 0.393105 0.814053 -0.270002 0.9725 0.9611 0.9153
v 0.442552 0.828020 -0.258520 0.9725 0.9611 0.9153
v 0.288075 0.858129 -0.306982 0.9725 0.9611 0.9153
v 0.349825 0.856645 -0.431835 0.9725 0.9611 0.9153
v 0.283643 0.867072 -0.340630 0.9725 0.9611 0.9153
v 0.177619 0.808401 -0.269165 0.9725 0.9611 0.9153
v 0.275543 0.827784 -0.266134 0.9725 0.9611 0.9153
v 0.356842 0.848492 -0.426398 0.9725 0.9611 0.9153
v 0.321283 0.855014 -0.371799 0.9725 0.9611 0.9153
v 0.334866 0.832153 -0.328307 0.9725 0.9611 0.9153
v 0.252333 0.803932 -0.278364 0.9725 0.9611 0.9153
v 0.173679 0.783535 -0.265576 0.9725 0.9611 0.9153
v 0.122335 0.758462 -0.158128 0.9725 0.9611 0.9153
v 0.146370 0.771682 -0.222143 0.9725 0.9611 0.9153
v 0.100486 0.725733 -0.100901 0.9725 0.9611 0.9153
v 0.161183 0.786184 -0.202630 0.9725 0.9611 0.9153
v 0.126732 0.700130 -0.007802 0.9725 0.9611 0.9153
v 0.134581 0.747388 -0.106610 0.9725 0.9611 0.9153
v 0.351043 0.683570 0.035530 0.9725 0.9611 0.9153
v 0.410866 0.712904 -0.056307 0.9725 0.9611 0.9153
v 0.379898 0.696012 -0.019077 0.9725 0.9611 0.9153
v 0.370679 0.683927 -0.014398 0.9725 0.9611 0.9153
v 0.410541 0.703635 -0.055030 0.9725 0.9611 0.9153
v 0.357098 0.682254 -0.023919 0.9725 0.9611 0.9153
v 0.396992 0.730275 -0.119422 0.9725 0.9611 0.9153
v 0.450186 0.748847 -0.146634 0.9725 0.9611 0.9153
v 0.466293 0.788283 -0.190439 0.9725 0.9611 0.9153
v 0.463701 0.785284 -0.192107 0.9725 0.9611 0.9153
v 0.483351 0.823174 -0.266801 0.9725 0.9611 0.9153
v 0.504699 0.825173 -0.279720 0.9725 0.9611 0.9153
v 0.493718 0.836319 -0.266548 0.9725 0.9611 0.9153
v 0.114393 0.658414 0.131289 0.9725 0.9611 0.9153
v 0.127818 0.661886 0.103774 0.9725 0.9611 0.9153
v 0.110619 0.666274 0.121967 0.9725 0.9611 0.9153
v 0.139028 0.668902 0.078957 0.9725 0.9611 0.9153
v 0.183516 0.642136 0.028657 0.9725 0.9611 0.9153
v 0.154371 0.639233 0.052400 0.9725 0.9611 0.9153
v 0.162661 0.625731 0.134292 0.9725 0.9611 0.9153
v 0.117229 0.645188 0.101800 0.9725 0.9611 0.9153
v 0.209179 0.626025 0.149065 0.9725 0.9611 0.9153
v 0.307745 0.654066 0.040056 0.9725 0.9611 0.9153
v 0.219359 0.631663 0.098701 0.9725 0.9611 0.9153
v 0.262568 0.660150 0.055870 0.9725 0.9611 0.9153
v 0.270748 0.640280 0.104534 0.9725 0.9611 0.9153
v 0.499466 0.825615 -0.291872 0.9725 0.9611 0.9153
v 0.481586 0.804961 -0.383142 0.9725 0.9611 0.9153
v 0.487554 0.803534 -0.359305 0.9725 0.9611 0.9153
v 0.491009 0.807451 -0.343857 0.9725 0.9611 0.9153
v 0.498194 0.806864 -0.319671 0.9725 0.9611 0.9153
v 0.494338 0.819136 -0.294210 0.9725 0.9611 0.9153
v 0.465179 0.800573 -0.346970 0.9725 0.9611 0.9153
v 0.473689 0.802611 -0.375351 0.9725 0.9611 0.9153
v 0.479370 0.826973 -0.419212 0.9725 0.9611 0.9153
v 0.486413 0.816718 -0.410274 0.9725 0.9611 0.9153
v 0.433598 0.812600 -0.376522 0.9725 0.9611 0.9153
v 0.408765 0.824128 -0.394258 0.9725 0.9611 0.9153
v 0.431315 0.820446 -0.371917 0.9725 0.9611 0.9153
v 0.479702 0.839060 -0.436665 0.9725 0.9611 0.9153
v 0.485877 0.817860 -0.404070 0.9725 0.9611 0.9153
v 0.355475 0.738519 -0.073217 0.9725 0.9611 0.9153
v 0.315503 0.711484 -0.038121 0.9725 0.9611 0.9153
v 0.360844 0.774535 -0.135649 0.9725 0.9611 0.9153
v 0.375250 0.764337 -0.126199 0.9725 0.9611 0.9153
v 0.369164 0.810164 -0.183558 0.9725 0.9611 0.9153
v 0.317612 0.749479 -0.097000 0.9725 0.9611 0.9153
v 0.339513 0.774657 -0.146236 0.9725 0.9611 0.9153
v 0.226828 0.684932 0.041569 0.9725 0.9611 0.9153
v 0.444632 0.836504 -0.206650 0.9725 0.9611 0.9153
v 0.490785 0.835876 -0.273455 0.9725 0.9611 0.9153
v 0.459631 0.825525 -0.300846 0.9725 0.9611 0.9153
v 0.306490 0.808228 -0.244929 0.9725 0.9611 0.9153
v 0.324439 0.820257 -0.274834 0.9725 0.9611 0.9153
v 0.242616 0.757039 -0.171382 0.9725 0.9611 0.9153
v 0.156044 0.700248 0.004883 0.9725 0.9611 0.9153
v 0.247409 0.774142 -0.211446 0.9725 0.9611 0.9153
v 0.263308 0.768585 -0.195483 0.9725 0.9611 0.9153
v 0.158241 0.718452 -0.048335 0.9725 0.9611 0.9153
v 0.166182 0.667609 -0.044535 0.9725 0.9611 0.9153
v 0.164929 0.690717 -0.091085 0.9725 0.9611 0.9153
v 0.252772 0.748845 -0.188010 0.9725 0.9611 0.9153
v 0.289053 0.716075 -0.165846 0.9725 0.9611 0.9153
v 0.277827 0.736398 -0.181782 0.9725 0.9611 0.9153
v 0.209557 0.654799 -0.052349 0.9725 0.9611 0.9153
v 0.305245 0.806009 -0.294651 0.9725 0.9611 0.9153
v 0.292947 0.777186 -0.233880 0.9725 0.9611 0.9153
v 0.377974 0.826937 -0.311863 0.9725 0.9611 0.9153
v 0.434284 0.824014 -0.301021 0.9725 0.9611 0.9153
v 0.402014 0.827031 -0.309513 0.9725 0.9611 0.9153
v 0.354096 0.774752 -0.228169 0.9725 0.9611 0.9153
v 0.322797 0.770979 -0.236511 0.9725 0.9611 0.9153
v 0.446753 0.823645 -0.241059 0.9725 0.9611 0.9153
v 0.294101 0.673200 -0.097268 0.9725 0.9611 0.9153
v 0.359086 0.710082 -0.143744 0.9725 0.9611 0.9153
v 0.331779 0.675014 -0.033813 0.9725 0.9611 0.9153
v 0.339880 0.853851 -0.384964 0.9725 0.9611 0.9153
v 0.295999 0.864691 -0.326617 0.9725 0.9611 0.9153
v 0.346768 0.848937 -0.325999 0.9725 0.9611 0.9153
v 0.338516 0.856422 -0.413374 0.9725 0.9611 0.9153
v 0.325566 0.858400 -0.390378 0.9725 0.9611 0.9153
v 0.305634 0.861778 -0.367973 0.9725 0.9611 0.9153
v 0.308915 0.863078 -0.367592 0.9725 0.9611 0.9153
v 0.311202 0.863345 -0.351554 0.9725 0.9611 0.9153
v 0.268562 0.861746 -0.316288 0.9725 0.9611 0.9153
v 0.253159 0.859929 -0.322918 0.9725 0.9611 0.9153
v 0.262457 0.856621 -0.338485 0.9725 0.9611 0.9153
v 0.218076 0.846101 -0.315255 0.9725 0.9611 0.9153
v 0.256884 0.860076 -0.334192 0.9725 0.9611 0.9153
v 0.179913 0.814702 -0.287448 0.9725 0.9611 0.9153
v 0.165362 0.798700 -0.263747 0.9725 0.9611 0.9153
v 0.200514 0.833923 -0.298789 0.9725 0.9611 0.9153
v 0.285977 0.835763 -0.277898 0.9725 0.9611 0.9153
v 0.268992 0.846658 -0.288728 0.9725 0.9611 0.9153
v 0.301988 0.858977 -0.360921 0.9725 0.9611 0.9153
v 0.282523 0.858980 -0.349442 0.9725 0.9611 0.9153
v 0.315235 0.814615 -0.309086 0.9725 0.9611 0.9153
v 0.276143 0.820149 -0.297246 0.9725 0.9611 0.9153
v 0.308641 0.837321 -0.331077 0.9725 0.9611 0.9153
v 0.286351 0.803169 -0.275360 0.9725 0.9611 0.9153
v 0.270486 0.805502 -0.277169 0.9725 0.9611 0.9153
v 0.215564 0.779319 -0.264117 0.9725 0.9611 0.9153
v 0.234788 0.845120 -0.325040 0.9725 0.9611 0.9153
v 0.205289 0.833183 -0.306305 0.9725 0.9611 0.9153
v 0.216903 0.819864 -0.298902 0.9725 0.9611 0.9153
v 0.199284 0.798334 -0.283889 0.9725 0.9611 0.9153
v 0.157687 0.792393 -0.252028 0.9725 0.9611 0.9153
v 0.185719 0.763263 -0.241335 0.9725 0.9611 0.9153
v 0.155159 0.763642 -0.219870 0.9725 0.9611 0.9153
v 0.126766 0.776244 -0.187261 0.9725 0.9611 0.9153
v 0.165759 0.752883 -0.207058 0.9725 0.9611 0.9153
v 0.204847 0.755389 -0.225841 0.9725 0.9611 0.9153
v 0.141853 0.748939 -0.173830 0.9725 0.9611 0.9153
v 0.120081 0.743763 -0.141201 0.9725 0.9611 0.9153
v 0.138363 0.736898 -0.151944 0.9725 0.9611 0.9153
v 0.170545 0.742483 -0.179103 0.9725 0.9611 0.9153
v 0.129894 0.666991 -0.037079 0.9725 0.9611 0.9153
v 0.129161 0.686949 -0.081855 0.9725 0.9611 0.9153
v 0.120667 0.663340 -0.020951 0.9725 0.9611 0.9153
v 0.100270 0.711880 -0.090144 0.9725 0.9611 0.9153
v 0.102539 0.729209 -0.109330 0.9725 0.9611 0.9153
v 0.109910 0.711423 -0.103032 0.9725 0.9611 0.9153
v 0.097415 0.678250 -0.021337 0.9725 0.9611 0.9153
v 0.099241 0.700638 -0.072632 0.9725 0.9611 0.9153
v 0.198533 0.800778 -0.243605 0.9725 0.9611 0.9153
v 0.140444 0.779229 -0.171634 0.9725 0.9611 0.9153
v 0.210834 0.788865 -0.224632 0.9725 0.9611 0.9153
v 0.169094 0.797929 -0.245313 0.9725 0.9611 0.9153
v 0.141783 0.787261 -0.222202 0.9725 0.9611 0.9153
v 0.125781 0.775482 -0.167839 0.9725 0.9611 0.9153
v 0.131185 0.781755 -0.188368 0.9725 0.9611 0.9153
v 0.105174 0.735455 -0.104245 0.9725 0.9611 0.9153
v 0.109849 0.746880 -0.118090 0.9725 0.9611 0.9153
v 0.099964 0.687541 -0.018993 0.9725 0.9611 0.9153
v 0.099697 0.694567 -0.042512 0.9725 0.9611 0.9153
v 0.129291 0.770378 -0.149479 0.9725 0.9611 0.9153
v 0.147091 0.722303 -0.054795 0.9725 0.9611 0.9153
v 0.130710 0.715502 -0.050740 0.9725 0.9611 0.9153
v 0.342790 0.705880 -0.022533 0.9725 0.9611 0.9153
v 0.359354 0.715618 -0.037270 0.9725 0.9611 0.9153
v 0.384468 0.715998 -0.048231 0.9725 0.9611 0.9153
v 0.360064 0.699737 -0.013432 0.9725 0.9611 0.9153
v 0.358597 0.688002 0.013972 0.9725 0.9611 0.9153
v 0.390927 0.702659 -0.034070 0.9725 0.9611 0.9153
v 0.411199 0.744523 -0.096933 0.9725 0.9611 0.9153
v 0.430961 0.729602 -0.086544 0.9725 0.9611 0.9153
v 0.438099 0.741228 -0.114934 0.9725 0.9611 0.9153
v 0.441163 0.768733 -0.150399 0.9725 0.9611 0.9153
v 0.419378 0.753439 -0.116372 0.9725 0.9611 0.9153
v 0.375311 0.738119 -0.079176 0.9725 0.9611 0.9153
v 0.399219 0.762800 -0.124929 0.9725 0.9611 0.9153
v 0.421157 0.786862 -0.156579 0.9725 0.9611 0.9153
v 0.353885 0.673812 0.044901 0.9725 0.9611 0.9153
v 0.369373 0.684533 0.002273 0.9725 0.9611 0.9153
v 0.334269 0.663534 0.055855 0.9725 0.9611 0.9153
v 0.389666 0.695104 -0.036561 0.9725 0.9611 0.9153
v 0.391553 0.697784 -0.033708 0.9725 0.9611 0.9153
v 0.353758 0.691777 -0.055110 0.9725 0.9611 0.9153
v 0.385009 0.697026 -0.053288 0.9725 0.9611 0.9153
v 0.404023 0.722012 -0.094981 0.9725 0.9611 0.9153
v 0.375282 0.713535 -0.088422 0.9725 0.9611 0.9153
v 0.412869 0.754543 -0.153523 0.9725 0.9611 0.9153
v 0.425908 0.712029 -0.070649 0.9725 0.9611 0.9153
v 0.432105 0.731043 -0.102977 0.9725 0.9611 0.9153
v 0.417413 0.739804 -0.127238 0.9725 0.9611 0.9153
v 0.438056 0.738108 -0.116212 0.9725 0.9611 0.9153
v 0.463512 0.766865 -0.169089 0.9725 0.9611 0.9153
v 0.474247 0.798408 -0.213640 0.9725 0.9611 0.9153
v 0.498517 0.808927 -0.242109 0.9725 0.9611 0.9153
v 0.456454 0.760394 -0.165650 0.9725 0.9611 0.9153
v 0.426354 0.787163 -0.191710 0.9725 0.9611 0.9153
v 0.452713 0.789705 -0.198442 0.9725 0.9611 0.9153
v 0.455287 0.800754 -0.214467 0.9725 0.9611 0.9153
v 0.476696 0.806572 -0.231599 0.9725 0.9611 0.9153
v 0.503866 0.821287 -0.269481 0.9725 0.9611 0.9153
v 0.501536 0.823432 -0.278988 0.9725 0.9611 0.9153
v 0.506901 0.821340 -0.262743 0.9725 0.9611 0.9153
v 0.505849 0.823307 -0.288838 0.9725 0.9611 0.9153
v 0.449849 0.798942 -0.181906 0.9725 0.9611 0.9153
v 0.464072 0.831593 -0.213652 0.9725 0.9611 0.9153
v 0.492208 0.831169 -0.243844 0.9725 0.9611 0.9153
v 0.460600 0.781103 -0.176239 0.9725 0.9611 0.9153
v 0.470100 0.801463 -0.200701 0.9725 0.9611 0.9153
v 0.487152 0.817772 -0.224370 0.9725 0.9611 0.9153
v 0.504802 0.826094 -0.260700 0.9725 0.9611 0.9153
v 0.109531 0.684587 0.020536 0.9725 0.9611 0.9153
v 0.114317 0.682023 0.062667 0.9725 0.9611 0.9153
v 0.120551 0.686049 0.049895 0.9725 0.9611 0.9153
v 0.110380 0.682843 0.051604 0.9725 0.9611 0.9153
v 0.133463 0.694988 0.039088 0.9725 0.9611 0.9153
v 0.095786 0.678368 0.031163 0.9725 0.9611 0.9153
v 0.093116 0.681695 0.086101 0.9725 0.9611 0.9153
v 0.093344 0.682184 0.071018 0.9725 0.9611 0.9153
v 0.103613 0.678210 0.093520 0.9725 0.9611 0.9153
v 0.103285 0.668661 0.119787 0.9725 0.9611 0.9153
v 0.095152 0.676786 0.104748 0.9725 0.9611 0.9153
v 0.152960 0.643247 0.150003 0.9725 0.9611 0.9153
v 0.125773 0.656057 0.133337 0.9725 0.9611 0.9153
v 0.166163 0.637479 0.115110 0.9725 0.9611 0.9153
v 0.152576 0.645671 0.105889 0.9725 0.9611 0.9153
v 0.141108 0.689478 0.056427 0.9725 0.9611 0.9153
v 0.128098 0.681061 0.065309 0.9725 0.9611 0.9153
v 0.118761 0.677714 0.075946 0.9725 0.9611 0.9153
v 0.171212 0.642551 0.091499 0.9725 0.9611 0.9153
v 0.151541 0.668429 0.074180 0.9725 0.9611 0.9153
v 0.096358 0.672959 0.028616 0.9725 0.9611 0.9153
v 0.099017 0.663982 0.076664 0.9725 0.9611 0.9153
v 0.091601 0.674513 0.072983 0.9725 0.9611 0.9153
v 0.114904 0.658544 0.013134 0.9725 0.9611 0.9153
v 0.148185 0.658866 -0.014038 0.9725 0.9611 0.9153
v 0.131026 0.649573 0.038512 0.9725 0.9611 0.9153
v 0.109440 0.656155 0.062924 0.9725 0.9611 0.9153
v 0.168830 0.620438 0.084837 0.9725 0.9611 0.9153
v 0.149546 0.624998 0.101375 0.9725 0.9611 0.9153
v 0.105095 0.660372 0.118069 0.9725 0.9611 0.9153
v 0.095481 0.669363 0.101873 0.9725 0.9611 0.9153
v 0.124902 0.645109 0.127170 0.9725 0.9611 0.9153
v 0.134757 0.634062 0.113658 0.9725 0.9611 0.9153
v 0.209956 0.621172 0.143289 0.9725 0.9611 0.9153
v 0.182476 0.632573 0.154915 0.9725 0.9611 0.9153
v 0.185913 0.626587 0.151061 0.9725 0.9611 0.9153
v 0.191045 0.613528 0.111557 0.9725 0.9611 0.9153
v 0.194019 0.616772 0.130462 0.9725 0.9611 0.9153
v 0.226652 0.615553 0.123119 0.9725 0.9611 0.9153
v 0.252693 0.623082 0.125716 0.9725 0.9611 0.9153
v 0.198754 0.619094 0.073323 0.9725 0.9611 0.9153
v 0.214248 0.616646 0.079293 0.9725 0.9611 0.9153
v 0.242486 0.636817 0.043347 0.9725 0.9611 0.9153
v 0.197373 0.637450 0.044267 0.9725 0.9611 0.9153
v 0.278034 0.643170 0.041690 0.9725 0.9611 0.9153
v 0.238952 0.619399 0.081813 0.9725 0.9611 0.9153
v 0.292743 0.653346 0.007715 0.9725 0.9611 0.9153
v 0.334447 0.672551 -0.014602 0.9725 0.9611 0.9153
v 0.274329 0.631976 0.118151 0.9725 0.9611 0.9153
v 0.332859 0.663521 0.076284 0.9725 0.9611 0.9153
v 0.203838 0.648891 0.072829 0.9725 0.9611 0.9153
v 0.236179 0.657063 0.061501 0.9725 0.9611 0.9153
v 0.188976 0.631551 0.113210 0.9725 0.9611 0.9153
v 0.217929 0.638524 0.081190 0.9725 0.9611 0.9153
v 0.192616 0.634923 0.092017 0.9725 0.9611 0.9153
v 0.265850 0.671766 0.037574 0.9725 0.9611 0.9153
v 0.198951 0.629954 0.147099 0.9725 0.9611 0.9153
v 0.263695 0.633311 0.119007 0.9725 0.9611 0.9153
v 0.220119 0.628488 0.125064 0.9725 0.9611 0.9153
v 0.303188 0.650057 0.095557 0.9725 0.9611 0.9153
v 0.340834 0.675914 0.059016 0.9725 0.9611 0.9153
v 0.332128 0.666953 0.074806 0.9725 0.9611 0.9153
v 0.319586 0.696994 -0.011866 0.9725 0.9611 0.9153
v 0.328273 0.674990 0.058852 0.9725 0.9611 0.9153
v 0.514777 0.811117 -0.319428 0.9725 0.9611 0.9153
v 0.501598 0.796162 -0.360871 0.9725 0.9611 0.9153
v 0.502715 0.801021 -0.351049 0.9725 0.9611 0.9153
v 0.498585 0.796124 -0.367037 0.9725 0.9611 0.9153
v 0.486718 0.796359 -0.376527 0.9725 0.9611 0.9153
v 0.482197 0.803303 -0.373085 0.9725 0.9611 0.9153
v 0.476764 0.808361 -0.365004 0.9725 0.9611 0.9153
v 0.476346 0.813878 -0.330481 0.9725 0.9611 0.9153
v 0.514230 0.805256 -0.331823 0.9725 0.9611 0.9153
v 0.512509 0.807235 -0.323249 0.9725 0.9611 0.9153
v 0.499267 0.798822 -0.342553 0.9725 0.9611 0.9153
v 0.504633 0.797528 -0.351608 0.9725 0.9611 0.9153
v 0.490621 0.794610 -0.372738 0.9725 0.9611 0.9153
v 0.476364 0.798992 -0.353284 0.9725 0.9611 0.9153
v 0.483353 0.797123 -0.379829 0.9725 0.9611 0.9153
v 0.477140 0.813340 -0.390083 0.9725 0.9611 0.9153
v 0.438478 0.809829 -0.331832 0.9725 0.9611 0.9153
v 0.423120 0.812040 -0.342537 0.9725 0.9611 0.9153
v 0.424009 0.811836 -0.366868 0.9725 0.9611 0.9153
v 0.457967 0.819341 -0.387542 0.9725 0.9611 0.9153
v 0.378584 0.830340 -0.352695 0.9725 0.9611 0.9153
v 0.419116 0.826165 -0.404256 0.9725 0.9611 0.9153
v 0.465945 0.811970 -0.358161 0.9725 0.9611 0.9153
v 0.476654 0.820355 -0.388934 0.9725 0.9611 0.9153
v 0.424370 0.819137 -0.353154 0.9725 0.9611 0.9153
v 0.423643 0.819070 -0.336298 0.9725 0.9611 0.9153
v 0.482728 0.820023 -0.397385 0.9725 0.9611 0.9153
v 0.484406 0.830712 -0.429524 0.9725 0.9611 0.9153
v 0.435702 0.832542 -0.407955 0.9725 0.9611 0.9153
v 0.458571 0.831454 -0.406815 0.9725 0.9611 0.9153
v 0.440631 0.830512 -0.410189 0.9725 0.9611 0.9153
v 0.472560 0.839200 -0.436150 0.9725 0.9611 0.9153
v 0.415113 0.839507 -0.424199 0.9725 0.9611 0.9153
v 0.399557 0.826779 -0.355399 0.9725 0.9611 0.9153
v 0.342886 0.726576 -0.050008 0.9725 0.9611 0.9153
v 0.340442 0.743851 -0.072558 0.9725 0.9611 0.9153
v 0.321713 0.735704 -0.062923 0.9725 0.9611 0.9153
v 0.334223 0.733039 -0.056745 0.9725 0.9611 0.9153
v 0.303152 0.697356 -0.020470 0.9725 0.9611 0.9153
v 0.362103 0.754246 -0.109610 0.9725 0.9611 0.9153
v 0.418396 0.809718 -0.173660 0.9725 0.9611 0.9153
v 0.399857 0.779122 -0.144331 0.9725 0.9611 0.9153
v 0.339978 0.760360 -0.111629 0.9725 0.9611 0.9153
v 0.351506 0.775495 -0.138733 0.9725 0.9611 0.9153
v 0.308736 0.766236 -0.160507 0.9725 0.9611 0.9153
v 0.298530 0.713160 -0.052800 0.9725 0.9611 0.9153
v 0.270302 0.686141 0.013064 0.9725 0.9611 0.9153
v 0.294474 0.703739 -0.036374 0.9725 0.9611 0.9153
v 0.255820 0.705803 -0.067406 0.9725 0.9611 0.9153
v 0.281403 0.716069 -0.072588 0.9725 0.9611 0.9153
v 0.202227 0.680463 0.058802 0.9725 0.9611 0.9153
v 0.233049 0.682997 0.044056 0.9725 0.9611 0.9153
v 0.465901 0.844300 -0.231650 0.9725 0.9611 0.9153
v 0.469356 0.845085 -0.255240 0.9725 0.9611 0.9153
v 0.447616 0.850465 -0.231506 0.9725 0.9611 0.9153
v 0.439616 0.846374 -0.216311 0.9725 0.9611 0.9153
v 0.427673 0.840741 -0.207042 0.9725 0.9611 0.9153
v 0.472802 0.841085 -0.269964 0.9725 0.9611 0.9153
v 0.493447 0.822912 -0.301078 0.9725 0.9611 0.9153
v 0.446765 0.819039 -0.318488 0.9725 0.9611 0.9153
v 0.428747 0.838925 -0.281403 0.9725 0.9611 0.9153
v 0.419402 0.848616 -0.225952 0.9725 0.9611 0.9153
v 0.398925 0.838382 -0.215492 0.9725 0.9611 0.9153
v 0.439705 0.849288 -0.251846 0.9725 0.9611 0.9153
v 0.393978 0.843311 -0.239264 0.9725 0.9611 0.9153
v 0.396061 0.842993 -0.265977 0.9725 0.9611 0.9153
v 0.370786 0.828658 -0.223481 0.9725 0.9611 0.9153
v 0.312738 0.804058 -0.232899 0.9725 0.9611 0.9153
v 0.334572 0.812250 -0.231689 0.9725 0.9611 0.9153
v 0.396274 0.840848 -0.278458 0.9725 0.9611 0.9153
v 0.361058 0.833297 -0.277531 0.9725 0.9611 0.9153
v 0.334853 0.818006 -0.264448 0.9725 0.9611 0.9153
v 0.395689 0.839173 -0.294911 0.9725 0.9611 0.9153
v 0.426925 0.820376 -0.327257 0.9725 0.9611 0.9153
v 0.390886 0.836432 -0.315715 0.9725 0.9611 0.9153
v 0.357563 0.844259 -0.307376 0.9725 0.9611 0.9153
v 0.365996 0.842855 -0.320602 0.9725 0.9611 0.9153
v 0.331868 0.846576 -0.307262 0.9725 0.9611 0.9153
v 0.314021 0.824184 -0.279310 0.9725 0.9611 0.9153
v 0.292202 0.815748 -0.254122 0.9725 0.9611 0.9153
v 0.186323 0.682700 0.051808 0.9725 0.9611 0.9153
v 0.171907 0.681043 0.061722 0.9725 0.9611 0.9153
v 0.266719 0.750893 -0.145467 0.9725 0.9611 0.9153
v 0.228248 0.703325 -0.064559 0.9725 0.9611 0.9153
v 0.208396 0.749974 -0.132895 0.9725 0.9611 0.9153
v 0.225065 0.752711 -0.149329 0.9725 0.9611 0.9153
v 0.199164 0.781811 -0.201021 0.9725 0.9611 0.9153
v 0.141215 0.706207 -0.010086 0.9725 0.9611 0.9153
v 0.145806 0.695267 0.042461 0.9725 0.9611 0.9153
v 0.188957 0.767592 -0.163997 0.9725 0.9611 0.9153
v 0.151347 0.751818 -0.110598 0.9725 0.9611 0.9153
v 0.144643 0.725678 -0.141109 0.9725 0.9611 0.9153
v 0.130796 0.676093 -0.060256 0.9725 0.9611 0.9153
v 0.201779 0.745294 -0.187214 0.9725 0.9611 0.9153
v 0.224344 0.737959 -0.178755 0.9725 0.9611 0.9153
v 0.215801 0.727976 -0.165338 0.9725 0.9611 0.9153
v 0.174073 0.677070 -0.069519 0.9725 0.9611 0.9153
v 0.234013 0.755242 -0.198138 0.9725 0.9611 0.9153
v 0.245204 0.756878 -0.211619 0.9725 0.9611 0.9153
v 0.296383 0.743629 -0.197516 0.9725 0.9611 0.9153
v 0.256523 0.685869 -0.132094 0.9725 0.9611 0.9153
v 0.274718 0.712109 -0.159192 0.9725 0.9611 0.9153
v 0.188730 0.648321 -0.007690 0.9725 0.9611 0.9153
v 0.238779 0.671924 -0.111265 0.9725 0.9611 0.9153
v 0.235719 0.648307 -0.047955 0.9725 0.9611 0.9153
v 0.252483 0.663593 -0.106253 0.9725 0.9611 0.9153
v 0.212319 0.643917 0.007695 0.9725 0.9611 0.9153
v 0.276328 0.787008 -0.246324 0.9725 0.9611 0.9153
v 0.256127 0.764735 -0.224839 0.9725 0.9611 0.9153
v 0.298830 0.785703 -0.247514 0.9725 0.9611 0.9153
v 0.328065 0.787962 -0.268621 0.9725 0.9611 0.9153
v 0.319102 0.783944 -0.259270 0.9725 0.9611 0.9153
v 0.285372 0.761326 -0.215404 0.9725 0.9611 0.9153
v 0.357342 0.830906 -0.327780 0.9725 0.9611 0.9153
v 0.390770 0.827445 -0.328451 0.9725 0.9611 0.9153
v 0.336650 0.805655 -0.294404 0.9725 0.9611 0.9153
v 0.351063 0.789826 -0.263976 0.9725 0.9611 0.9153
v 0.411103 0.823908 -0.316653 0.9725 0.9611 0.9153
v 0.387553 0.818481 -0.284819 0.9725 0.9611 0.9153
v 0.398773 0.825041 -0.294663 0.9725 0.9611 0.9153
v 0.371452 0.789254 -0.236642 0.9725 0.9611 0.9153
v 0.336530 0.766806 -0.227117 0.9725 0.9611 0.9153
v 0.327143 0.743335 -0.204104 0.9725 0.9611 0.9153
v 0.413054 0.824529 -0.279278 0.9725 0.9611 0.9153
v 0.412248 0.815362 -0.237811 0.9725 0.9611 0.9153
v 0.427615 0.815933 -0.226842 0.9725 0.9611 0.9153
v 0.408290 0.803474 -0.217628 0.9725 0.9611 0.9153
v 0.390083 0.783885 -0.205183 0.9725 0.9611 0.9153
v 0.421405 0.827032 -0.293009 0.9725 0.9611 0.9153
v 0.451790 0.827065 -0.285604 0.9725 0.9611 0.9153
v 0.456745 0.828256 -0.261883 0.9725 0.9611 0.9153
v 0.475446 0.820544 -0.293557 0.9725 0.9611 0.9153
v 0.410773 0.777772 -0.182844 0.9725 0.9611 0.9153
v 0.393049 0.770994 -0.189072 0.9725 0.9611 0.9153
v 0.437686 0.816504 -0.227797 0.9725 0.9611 0.9153
v 0.403205 0.761577 -0.168029 0.9725 0.9611 0.9153
v 0.275209 0.648991 -0.050049 0.9725 0.9611 0.9153
v 0.256660 0.645402 0.014409 0.9725 0.9611 0.9153
v 0.275168 0.660761 -0.095747 0.9725 0.9611 0.9153
v 0.297814 0.656242 -0.046168 0.9725 0.9611 0.9153
v 0.298754 0.706514 -0.155304 0.9725 0.9611 0.9153
v 0.296071 0.696676 -0.137624 0.9725 0.9611 0.9153
v 0.337444 0.722517 -0.183093 0.9725 0.9611 0.9153
v 0.321804 0.716175 -0.178337 0.9725 0.9611 0.9153
v 0.333492 0.704220 -0.154858 0.9725 0.9611 0.9153
v 0.359781 0.727157 -0.177390 0.9725 0.9611 0.9153
v 0.330491 0.697643 -0.105789 0.9725 0.9611 0.9153
v 0.313589 0.694870 -0.121230 0.9725 0.9611 0.9153
v 0.365172 0.713013 -0.095917 0.9725 0.9611 0.9153
v 0.334184 0.687651 -0.064846 0.9725 0.9611 0.9153
v 0.375052 0.731298 -0.168148 0.9725 0.9611 0.9153
v 0.317357 0.665509 -0.025824 0.9725 0.9611 0.9153
v 0.330386 0.851565 -0.317292 0.9725 0.9611 0.9153
v 0.315059 0.852435 -0.310625 0.9725 0.9611 0.9153
v 0.338867 0.855466 -0.414869 0.9725 0.9611 0.9153
v 0.231448 0.851054 -0.327129 0.9725 0.9611 0.9153
v 0.227801 0.827528 -0.274154 0.9725 0.9611 0.9153
v 0.219866 0.844110 -0.300020 0.9725 0.9611 0.9153
v 0.214339 0.808989 -0.256770 0.9725 0.9611 0.9153
v 0.326522 0.841466 -0.341578 0.9725 0.9611 0.9153
v 0.350975 0.843839 -0.378314 0.9725 0.9611 0.9153
v 0.335907 0.844247 -0.352941 0.9725 0.9611 0.9153
v 0.286070 0.844177 -0.331451 0.9725 0.9611 0.9153
v 0.182254 0.800992 -0.283710 0.9725 0.9611 0.9153
v 0.138663 0.779594 -0.219532 0.9725 0.9611 0.9153
v 0.165252 0.746544 -0.188366 0.9725 0.9611 0.9153
v 0.179223 0.730779 -0.155749 0.9725 0.9611 0.9153
v 0.116420 0.679983 -0.061779 0.9725 0.9611 0.9153
v 0.113903 0.695843 -0.087862 0.9725 0.9611 0.9153
v 0.104341 0.680649 -0.047892 0.9725 0.9611 0.9153
v 0.250292 0.779230 -0.218904 0.9725 0.9611 0.9153
v 0.218842 0.792702 -0.233533 0.9725 0.9611 0.9153
v 0.101108 0.707999 -0.069778 0.9725 0.9611 0.9153
v 0.128336 0.729128 -0.079226 0.9725 0.9611 0.9153
v 0.169416 0.772030 -0.159400 0.9725 0.9611 0.9153
v 0.153837 0.767089 -0.144163 0.9725 0.9611 0.9153
v 0.337420 0.697406 -0.005789 0.9725 0.9611 0.9153
v 0.369960 0.691580 -0.004399 0.9725 0.9611 0.9153
v 0.446548 0.748693 -0.134367 0.9725 0.9611 0.9153
v 0.423022 0.766035 -0.136112 0.9725 0.9611 0.9153
v 0.400298 0.728478 -0.071149 0.9725 0.9611 0.9153
v 0.389954 0.732483 -0.137242 0.9725 0.9611 0.9153
v 0.397957 0.744902 -0.150215 0.9725 0.9611 0.9153
v 0.422089 0.713471 -0.076480 0.9725 0.9611 0.9153
v 0.432507 0.719683 -0.078614 0.9725 0.9611 0.9153
v 0.470295 0.793540 -0.202846 0.9725 0.9611 0.9153
v 0.480768 0.800302 -0.214501 0.9725 0.9611 0.9153
v 0.493454 0.808673 -0.227839 0.9725 0.9611 0.9153
v 0.420547 0.762318 -0.162153 0.9725 0.9611 0.9153
v 0.483130 0.824350 -0.276433 0.9725 0.9611 0.9153
v 0.503655 0.822794 -0.286201 0.9725 0.9611 0.9153
v 0.478270 0.831984 -0.226458 0.9725 0.9611 0.9153
v 0.503317 0.826061 -0.286703 0.9725 0.9611 0.9153
v 0.504900 0.828106 -0.269935 0.9725 0.9611 0.9153
v 0.100728 0.681274 0.027333 0.9725 0.9611 0.9153
v 0.104484 0.666896 -0.006196 0.9725 0.9611 0.9153
v 0.121079 0.649426 0.058214 0.9725 0.9611 0.9153
v 0.138167 0.642789 0.142099 0.9725 0.9611 0.9153
v 0.230411 0.614205 0.102171 0.9725 0.9611 0.9153
v 0.191966 0.614328 0.091384 0.9725 0.9611 0.9153
v 0.288614 0.636582 0.106625 0.9725 0.9611 0.9153
v 0.264926 0.624501 0.097742 0.9725 0.9611 0.9153
v 0.289054 0.636397 0.089548 0.9725 0.9611 0.9153
v 0.343555 0.668649 0.065178 0.9725 0.9611 0.9153
v 0.191688 0.642924 0.080774 0.9725 0.9611 0.9153
v 0.238099 0.637098 0.088694 0.9725 0.9611 0.9153
v 0.237198 0.626586 0.133669 0.9725 0.9611 0.9153
v 0.283664 0.664710 0.053886 0.9725 0.9611 0.9153
v 0.514095 0.809388 -0.326221 0.9725 0.9611 0.9153
v 0.493097 0.795709 -0.358407 0.9725 0.9611 0.9153
v 0.468423 0.800836 -0.338886 0.9725 0.9611 0.9153
v 0.439874 0.807411 -0.368060 0.9725 0.9611 0.9153
v 0.371029 0.835855 -0.390719 0.9725 0.9611 0.9153
v 0.450110 0.826029 -0.402021 0.9725 0.9611 0.9153
v 0.407500 0.834368 -0.421631 0.9725 0.9611 0.9153
v 0.414859 0.837092 -0.426955 0.9725 0.9611 0.9153
v 0.364606 0.853166 -0.446708 0.9725 0.9611 0.9153
v 0.476683 0.810706 -0.373714 0.9725 0.9611 0.9153
v 0.465907 0.814165 -0.368597 0.9725 0.9611 0.9153
v 0.454552 0.830589 -0.413290 0.9725 0.9611 0.9153
v 0.367616 0.858613 -0.456544 0.9725 0.9611 0.9153
v 0.414937 0.834654 -0.406540 0.9725 0.9611 0.9153
v 0.317460 0.703391 -0.025408 0.9725 0.9611 0.9153
v 0.294806 0.756501 -0.149339 0.9725 0.9611 0.9153
v 0.328052 0.743198 -0.070540 0.9725 0.9611 0.9153
v 0.271022 0.700463 -0.038541 0.9725 0.9611 0.9153
v 0.286293 0.703760 -0.038891 0.9725 0.9611 0.9153
v 0.278505 0.737088 -0.109924 0.9725 0.9611 0.9153
v 0.257384 0.692753 -0.019703 0.9725 0.9611 0.9153
v 0.267754 0.691893 0.001786 0.9725 0.9611 0.9153
v 0.461435 0.840823 -0.220578 0.9725 0.9611 0.9153
v 0.404401 0.812885 -0.175034 0.9725 0.9611 0.9153
v 0.486221 0.839273 -0.251324 0.9725 0.9611 0.9153
v 0.421539 0.850238 -0.239683 0.9725 0.9611 0.9153
v 0.372590 0.837962 -0.280595 0.9725 0.9611 0.9153
v 0.422505 0.834676 -0.294530 0.9725 0.9611 0.9153
v 0.375904 0.840477 -0.292183 0.9725 0.9611 0.9153
v 0.350232 0.841599 -0.298413 0.9725 0.9611 0.9153
v 0.288664 0.795890 -0.225650 0.9725 0.9611 0.9153
v 0.287920 0.805084 -0.238120 0.9725 0.9611 0.9153
v 0.271798 0.804874 -0.239069 0.9725 0.9611 0.9153
v 0.221390 0.684141 -0.002878 0.9725 0.9611 0.9153
v 0.254864 0.744609 -0.136689 0.9725 0.9611 0.9153
v 0.197255 0.686289 -0.006129 0.9725 0.9611 0.9153
v 0.180829 0.697403 -0.024108 0.9725 0.9611 0.9153
v 0.167411 0.686876 0.047036 0.9725 0.9611 0.9153
v 0.276763 0.773517 -0.198539 0.9725 0.9611 0.9153
v 0.233098 0.777005 -0.215154 0.9725 0.9611 0.9153
v 0.161224 0.708268 -0.026563 0.9725 0.9611 0.9153
v 0.184784 0.750310 -0.124059 0.9725 0.9611 0.9153
v 0.172984 0.767058 -0.148045 0.9725 0.9611 0.9153
v 0.191357 0.695006 -0.108882 0.9725 0.9611 0.9153
v 0.166251 0.656252 -0.016127 0.9725 0.9611 0.9153
v 0.262313 0.651802 -0.077495 0.9725 0.9611 0.9153
v 0.363643 0.834534 -0.343446 0.9725 0.9611 0.9153
v 0.378361 0.829410 -0.324874 0.9725 0.9611 0.9153
v 0.349356 0.823424 -0.315018 0.9725 0.9611 0.9153
v 0.317277 0.758622 -0.220265 0.9725 0.9611 0.9153
v 0.425245 0.823395 -0.246538 0.9725 0.9611 0.9153
v 0.288726 0.656013 -0.067624 0.9725 0.9611 0.9153
v 0.279571 0.689198 -0.133260 0.9725 0.9611 0.9153
v 0.342431 0.711603 -0.168738 0.9725 0.9611 0.9153
v 0.350019 0.753769 -0.204888 0.9725 0.9611 0.9153
v 0.316824 0.700172 -0.139794 0.9725 0.9611 0.9153
v 0.368671 0.718606 -0.155884 0.9725 0.9611 0.9153
v 0.382511 0.723362 -0.119360 0.9725 0.9611 0.9153
v 0.050752 0.118697 0.072664 0.9725 0.9611 0.9153
v -0.107320 0.189720 0.239460 0.9725 0.9611 0.9153
v 0.019175 0.130261 0.046449 0.9725 0.9611 0.9153
v -0.153239 0.234448 0.165735 0.9725 0.9611 0.9153
v -0.071982 0.163627 0.187940 0.9725 0.9611 0.9153
v -0.048794 0.195902 0.205936 0.9725 0.9611 0.9153
v -0.050085 0.205033 0.198093 0.9725 0.9611 0.9153
v -0.090342 0.234626 0.156270 0.9725 0.9611 0.9153
v 0.043016 0.080782 0.097439 0.9725 0.9611 0.9153
v -0.006835 0.157427 0.182016 0.9725 0.9611 0.9153
v -0.130475 0.240470 0.167894 0.9725 0.9611 0.9153
v -0.108945 0.231052 0.130869 0.9725 0.9611 0.9153
v -0.152979 0.236054 0.204074 0.9725 0.9611 0.9153
v -0.173298 0.207528 0.223018 0.9725 0.9611 0.9153
v 0.061032 0.069818 0.070371 0.9725 0.9611 0.9153
v 0.012776 0.097081 0.067259 0.9725 0.9611 0.9153
v -0.101466 0.175963 0.203682 0.9725 0.9611 0.9153
v -0.071353 0.203690 0.217917 0.9725 0.9611 0.9153
v -0.079465 0.214202 0.212732 0.9725 0.9611 0.9153
v -0.005963 0.179917 0.169221 0.9725 0.9611 0.9153
v -0.025130 0.193049 0.182369 0.9725 0.9611 0.9153
v -0.055513 0.217246 0.181571 0.9725 0.9611 0.9153
v -0.078608 0.222480 0.198287 0.9725 0.9611 0.9153
v 0.051696 0.115892 0.101718 0.9725 0.9611 0.9153
v 0.037726 0.140285 0.116977 0.9725 0.9611 0.9153
v 0.035993 0.145305 0.100353 0.9725 0.9611 0.9153
v 0.021310 0.159666 0.091825 0.9725 0.9611 0.9153
v -0.097035 0.232453 0.190229 0.9725 0.9611 0.9153
v -0.098194 0.180341 0.230929 0.9725 0.9611 0.9153
v -0.020183 0.148516 0.185725 0.9725 0.9611 0.9153
v 0.001227 0.130664 0.161804 0.9725 0.9611 0.9153
v 0.016197 0.136527 0.158081 0.9725 0.9611 0.9153
v 0.010661 0.151479 0.164397 0.9725 0.9611 0.9153
v -0.083409 0.184974 0.230992 0.9725 0.9611 0.9153
v -0.029787 0.162690 0.199076 0.9725 0.9611 0.9153
v -0.114116 0.238077 0.150997 0.9725 0.9611 0.9153
v -0.105452 0.221015 0.117966 0.9725 0.9611 0.9153
v -0.091586 0.224443 0.119412 0.9725 0.9611 0.9153
v -0.132728 0.232507 0.143263 0.9725 0.9611 0.9153
v -0.146767 0.238284 0.167802 0.9725 0.9611 0.9153
v -0.127112 0.236766 0.148113 0.9725 0.9611 0.9153
v 0.009144 0.149981 0.058931 0.9725 0.9611 0.9153
v 0.003921 0.138861 0.049144 0.9725 0.9611 0.9153
v -0.002265 0.126466 0.050543 0.9725 0.9611 0.9153
v -0.140636 0.220495 0.234377 0.9725 0.9611 0.9153
v -0.132539 0.239908 0.184987 0.9725 0.9611 0.9153
v -0.145287 0.239741 0.179602 0.9725 0.9611 0.9153
v -0.160845 0.236871 0.191605 0.9725 0.9611 0.9153
v -0.179389 0.225611 0.214252 0.9725 0.9611 0.9153
v -0.129828 0.192257 0.242995 0.9725 0.9611 0.9153
v -0.169408 0.207185 0.238375 0.9725 0.9611 0.9153
v 0.049914 0.071158 0.079429 0.9725 0.9611 0.9153
v 0.061887 0.070010 0.054616 0.9725 0.9611 0.9153
v 0.056745 0.067355 0.065181 0.9725 0.9611 0.9153
v 0.056228 0.075272 0.086659 0.9725 0.9611 0.9153
v 0.029017 0.090178 0.044713 0.9725 0.9611 0.9153
v 0.025613 0.115545 0.040969 0.9725 0.9611 0.9153
v 0.054942 0.083466 0.041421 0.9725 0.9611 0.9153
v 0.059709 0.079629 0.086621 0.9725 0.9611 0.9153
v 0.060617 0.095748 0.086738 0.9725 0.9611 0.9153
v 0.061503 0.097421 0.067195 0.9725 0.9611 0.9153
v -0.130203 0.211303 0.141834 0.9725 0.9611 0.9153
v -0.126538 0.198166 0.159669 0.9725 0.9611 0.9153
v -0.084923 0.185387 0.108141 0.9725 0.9611 0.9153
v -0.118074 0.199650 0.141219 0.9725 0.9611 0.9153
v -0.069314 0.167220 0.116025 0.9725 0.9611 0.9153
v -0.093769 0.183097 0.131916 0.9725 0.9611 0.9153
v -0.085497 0.173418 0.149300 0.9725 0.9611 0.9153
v -0.055593 0.155271 0.132031 0.9725 0.9611 0.9153
v -0.113670 0.188173 0.164446 0.9725 0.9611 0.9153
v -0.050670 0.160016 0.085972 0.9725 0.9611 0.9153
v -0.022929 0.139951 0.064638 0.9725 0.9611 0.9153
v 0.010174 0.113032 0.045741 0.9725 0.9611 0.9153
v 0.000746 0.114549 0.056018 0.9725 0.9611 0.9153
v 0.002944 0.107990 0.063886 0.9725 0.9611 0.9153
v -0.032627 0.137863 0.101814 0.9725 0.9611 0.9153
v 0.027449 0.083098 0.072522 0.9725 0.9611 0.9153
v -0.012741 0.121282 0.107104 0.9725 0.9611 0.9153
v 0.034872 0.077802 0.076879 0.9725 0.9611 0.9153
v -0.004671 0.117662 0.122289 0.9725 0.9611 0.9153
v -0.121216 0.186104 0.191215 0.9725 0.9611 0.9153
v -0.053934 0.154080 0.158464 0.9725 0.9611 0.9153
v -0.026857 0.138383 0.154154 0.9725 0.9611 0.9153
v -0.049386 0.153264 0.181446 0.9725 0.9611 0.9153
v -0.022817 0.198439 0.168977 0.9725 0.9611 0.9153
v -0.024296 0.202734 0.157452 0.9725 0.9611 0.9153
v -0.101262 0.225230 0.212011 0.9725 0.9611 0.9153
v 0.006508 0.163450 0.164516 0.9725 0.9611 0.9153
v 0.023086 0.147105 0.147218 0.9725 0.9611 0.9153
v 0.018969 0.159962 0.144079 0.9725 0.9611 0.9153
v 0.052308 0.118288 0.088504 0.9725 0.9611 0.9153
v 0.003303 0.181521 0.140064 0.9725 0.9611 0.9153
v 0.002236 0.178041 0.154820 0.9725 0.9611 0.9153
v 0.017714 0.166372 0.133412 0.9725 0.9611 0.9153
v -0.032180 0.209225 0.141459 0.9725 0.9611 0.9153
v -0.010064 0.193205 0.126987 0.9725 0.9611 0.9153
v 0.009206 0.175606 0.113673 0.9725 0.9611 0.9153
v 0.036072 0.141391 0.082286 0.9725 0.9611 0.9153
v -0.026632 0.200188 0.111988 0.9725 0.9611 0.9153
v -0.006725 0.184203 0.100384 0.9725 0.9611 0.9153
v -0.085568 0.232570 0.172163 0.9725 0.9611 0.9153
v -0.111894 0.239052 0.172569 0.9725 0.9611 0.9153
v -0.124044 0.235572 0.200435 0.9725 0.9611 0.9153
v -0.069445 0.225978 0.175534 0.9725 0.9611 0.9153
v -0.042800 0.214957 0.155285 0.9725 0.9611 0.9153
v -0.062500 0.224803 0.150457 0.9725 0.9611 0.9153
v -0.050948 0.215522 0.124089 0.9725 0.9611 0.9153
v -0.072916 0.227215 0.138854 0.9725 0.9611 0.9153
v -0.079796 0.168915 0.209768 0.9725 0.9611 0.9153
v -0.046355 0.155870 0.194423 0.9725 0.9611 0.9153
v -0.027183 0.142916 0.173625 0.9725 0.9611 0.9153
v -0.078734 0.176665 0.225358 0.9725 0.9611 0.9153
v 0.007648 0.117263 0.142081 0.9725 0.9611 0.9153
v 0.010083 0.109222 0.125942 0.9725 0.9611 0.9153
v 0.034765 0.082121 0.092481 0.9725 0.9611 0.9153
v 0.039681 0.092766 0.114151 0.9725 0.9611 0.9153
v -0.000325 0.146207 0.174695 0.9725 0.9611 0.9153
v 0.009367 0.131425 0.160772 0.9725 0.9611 0.9153
v 0.037248 0.104024 0.125714 0.9725 0.9611 0.9153
v 0.050390 0.086443 0.103210 0.9725 0.9611 0.9153
v 0.045652 0.104767 0.118418 0.9725 0.9611 0.9153
v 0.032361 0.120002 0.137994 0.9725 0.9611 0.9153
v 0.034719 0.127845 0.135253 0.9725 0.9611 0.9153
v 0.047869 0.114386 0.114310 0.9725 0.9611 0.9153
v 0.037646 0.131314 0.128520 0.9725 0.9611 0.9153
v -0.060115 0.175239 0.218820 0.9725 0.9611 0.9153
v -0.061892 0.188661 0.219953 0.9725 0.9611 0.9153
v -0.092013 0.193482 0.234685 0.9725 0.9611 0.9153
v -0.036280 0.174640 0.204923 0.9725 0.9611 0.9153
v -0.029244 0.181893 0.197159 0.9725 0.9611 0.9153
v -0.011074 0.170545 0.183736 0.9725 0.9611 0.9153
v -0.086071 0.200964 0.229196 0.9725 0.9611 0.9153
v -0.091247 0.231899 0.137466 0.9725 0.9611 0.9153
v -0.072997 0.222680 0.123093 0.9725 0.9611 0.9153
v -0.076789 0.216489 0.109599 0.9725 0.9611 0.9153
v -0.047141 0.205215 0.102279 0.9725 0.9611 0.9153
v -0.025278 0.187613 0.086895 0.9725 0.9611 0.9153
v -0.004493 0.167904 0.072397 0.9725 0.9611 0.9153
v -0.009813 0.161651 0.063031 0.9725 0.9611 0.9153
v -0.029915 0.169456 0.067792 0.9725 0.9611 0.9153
v -0.045222 0.192639 0.085441 0.9725 0.9611 0.9153
v -0.068243 0.202071 0.093825 0.9725 0.9611 0.9153
v -0.051064 0.179087 0.077925 0.9725 0.9611 0.9153
v -0.082177 0.204444 0.099471 0.9725 0.9611 0.9153
v -0.069716 0.189148 0.089509 0.9725 0.9611 0.9153
v -0.014921 0.149694 0.056551 0.9725 0.9611 0.9153
v -0.019091 0.145787 0.058391 0.9725 0.9611 0.9153
v -0.058414 0.174860 0.083416 0.9725 0.9611 0.9153
v -0.142610 0.228932 0.149341 0.9725 0.9611 0.9153
v -0.120749 0.219834 0.127237 0.9725 0.9611 0.9153
v -0.102896 0.210095 0.112847 0.9725 0.9611 0.9153
v -0.123376 0.215649 0.130106 0.9725 0.9611 0.9153
v -0.105567 0.213721 0.229662 0.9725 0.9611 0.9153
v -0.124367 0.211463 0.238522 0.9725 0.9611 0.9153
v -0.103865 0.203296 0.236477 0.9725 0.9611 0.9153
v -0.126356 0.228147 0.218970 0.9725 0.9611 0.9153
v -0.158923 0.220794 0.235851 0.9725 0.9611 0.9153
v -0.158605 0.212223 0.242763 0.9725 0.9611 0.9153
v -0.144458 0.210778 0.243402 0.9725 0.9611 0.9153
v -0.171080 0.219738 0.234420 0.9725 0.9611 0.9153
v -0.173445 0.214791 0.236767 0.9725 0.9611 0.9153
v -0.160214 0.207012 0.243820 0.9725 0.9611 0.9153
v -0.121647 0.201164 0.243394 0.9725 0.9611 0.9153
v -0.147979 0.203114 0.245713 0.9725 0.9611 0.9153
v -0.131668 0.198650 0.245271 0.9725 0.9611 0.9153
v -0.160942 0.235579 0.179607 0.9725 0.9611 0.9153
v -0.159937 0.230662 0.219857 0.9725 0.9611 0.9153
v -0.171313 0.232558 0.204915 0.9725 0.9611 0.9153
v -0.172703 0.226359 0.223996 0.9725 0.9611 0.9153
v -0.179927 0.217126 0.214490 0.9725 0.9611 0.9153
v -0.180264 0.219346 0.224834 0.9725 0.9611 0.9153
v -0.169331 0.215453 0.192887 0.9725 0.9611 0.9153
v -0.177933 0.223149 0.202023 0.9725 0.9611 0.9153
v -0.172974 0.230654 0.194021 0.9725 0.9611 0.9153
v -0.161025 0.231053 0.172215 0.9725 0.9611 0.9153
v -0.153139 0.224312 0.161289 0.9725 0.9611 0.9153
v -0.168475 0.225382 0.182426 0.9725 0.9611 0.9153
v -0.162553 0.219731 0.177231 0.9725 0.9611 0.9153
v -0.164949 0.206356 0.203675 0.9725 0.9611 0.9153
v -0.154835 0.200387 0.243192 0.9725 0.9611 0.9153
v -0.147368 0.194727 0.240188 0.9725 0.9611 0.9153
v -0.140467 0.189829 0.231023 0.9725 0.9611 0.9153
v -0.123350 0.186004 0.235398 0.9725 0.9611 0.9153
v -0.176786 0.211759 0.230430 0.9725 0.9611 0.9153
v -0.164149 0.201165 0.234550 0.9725 0.9611 0.9153
v -0.156109 0.196679 0.221239 0.9725 0.9611 0.9153
v 0.034761 0.078840 0.055322 0.9725 0.9611 0.9153
v 0.045974 0.070404 0.062221 0.9725 0.9611 0.9153
v 0.055226 0.068126 0.057145 0.9725 0.9611 0.9153
v 0.047620 0.073432 0.048362 0.9725 0.9611 0.9153
v 0.057228 0.073422 0.046440 0.9725 0.9611 0.9153
v 0.019165 0.094946 0.052171 0.9725 0.9611 0.9153
v 0.029562 0.099912 0.039258 0.9725 0.9611 0.9153
v 0.010725 0.121945 0.043891 0.9725 0.9611 0.9153
v 0.038203 0.100270 0.038412 0.9725 0.9611 0.9153
v 0.041401 0.083157 0.041630 0.9725 0.9611 0.9153
v 0.052037 0.077721 0.042704 0.9725 0.9611 0.9153
v 0.043527 0.088383 0.038631 0.9725 0.9611 0.9153
v 0.049704 0.089361 0.039458 0.9725 0.9611 0.9153
v 0.058387 0.092163 0.048239 0.9725 0.9611 0.9153
v 0.061484 0.079000 0.047460 0.9725 0.9611 0.9153
v 0.051040 0.101001 0.045176 0.9725 0.9611 0.9153
v 0.063644 0.086007 0.055202 0.9725 0.9611 0.9153
v 0.038686 0.109252 0.041627 0.9725 0.9611 0.9153
v 0.030961 0.127621 0.050777 0.9725 0.9611 0.9153
v 0.020966 0.149123 0.067983 0.9725 0.9611 0.9153
v 0.035700 0.132270 0.061574 0.9725 0.9611 0.9153
v 0.051914 0.110725 0.058680 0.9725 0.9611 0.9153
v 0.063820 0.082248 0.078585 0.9725 0.9611 0.9153
v 0.055561 0.093909 0.100774 0.9725 0.9611 0.9153
v 0.065264 0.075451 0.057427 0.9725 0.9611 0.9153
v 0.064535 0.074082 0.069789 0.9725 0.9611 0.9153
v 0.065415 0.083517 0.065139 0.9725 0.9611 0.9153
v -0.044167 0.150328 0.091429 0.9725 0.9611 0.9153
v -0.092006 0.174232 0.172460 0.9725 0.9611 0.9153
v -0.036264 0.141934 0.137761 0.9725 0.9611 0.9153
v 0.003185 0.170854 0.084613 0.9725 0.9611 0.9153
v 0.180639 0.122177 -0.074645 0.9725 0.9611 0.9153
v 0.227097 0.170969 -0.052758 0.9725 0.9611 0.9153
v 0.160256 0.075912 0.001980 0.9725 0.9611 0.9153
v 0.282815 0.356736 -0.357458 0.9725 0.9611 0.9153
v 0.328598 0.324031 -0.212572 0.9725 0.9611 0.9153
v 0.174833 0.133746 -0.084137 0.9725 0.9611 0.9153
v 0.187777 0.222377 -0.124574 0.9725 0.9611 0.9153
v 0.140733 0.152552 -0.060709 0.9725 0.9611 0.9153
v 0.369140 0.426137 -0.344986 0.9725 0.9611 0.9153
v 0.143614 0.143388 -0.084028 0.9725 0.9611 0.9153
v 0.134407 0.117443 -0.041783 0.9725 0.9611 0.9153
v 0.327451 0.422273 -0.406143 0.9725 0.9611 0.9153
v 0.159702 0.218905 -0.114907 0.9725 0.9611 0.9153
v 0.169350 0.254112 -0.118487 0.9725 0.9611 0.9153
v 0.257760 0.365350 -0.342202 0.9725 0.9611 0.9153
v 0.233501 0.317627 -0.267862 0.9725 0.9611 0.9153
v 0.268952 0.353952 -0.355155 0.9725 0.9611 0.9153
v 0.179070 0.230163 -0.130694 0.9725 0.9611 0.9153
v 0.353109 0.323315 -0.167704 0.9725 0.9611 0.9153
v 0.392011 0.388247 -0.312942 0.9725 0.9611 0.9153
v 0.354051 0.345379 -0.174905 0.9725 0.9611 0.9153
v 0.286307 0.343747 -0.324657 0.9725 0.9611 0.9153
v 0.376038 0.380553 -0.320301 0.9725 0.9611 0.9153
v 0.379226 0.364582 -0.280699 0.9725 0.9611 0.9153
v 0.353578 0.351934 -0.275675 0.9725 0.9611 0.9153
v 0.295575 0.282229 -0.143516 0.9725 0.9611 0.9153
v 0.253131 0.268573 -0.149999 0.9725 0.9611 0.9153
v 0.328168 0.308956 -0.170542 0.9725 0.9611 0.9153
v 0.211175 0.223353 -0.118272 0.9725 0.9611 0.9153
v 0.192817 0.278261 -0.113776 0.9725 0.9611 0.9153
v 0.166681 0.220623 -0.081122 0.9725 0.9611 0.9153
v 0.204756 0.279234 -0.102158 0.9725 0.9611 0.9153
v 0.240906 0.320374 -0.148288 0.9725 0.9611 0.9153
v 0.218803 0.241694 -0.065514 0.9725 0.9611 0.9153
v 0.225552 0.275930 -0.085575 0.9725 0.9611 0.9153
v 0.297710 0.324854 -0.128520 0.9725 0.9611 0.9153
v 0.330386 0.353196 -0.186060 0.9725 0.9611 0.9153
v 0.266000 0.320654 -0.131499 0.9725 0.9611 0.9153
v 0.306056 0.354825 -0.196851 0.9725 0.9611 0.9153
v 0.287483 0.386503 -0.330938 0.9725 0.9611 0.9153
v 0.297262 0.407203 -0.370689 0.9725 0.9611 0.9153
v 0.160681 0.077226 -0.030358 0.9725 0.9611 0.9153
v 0.147859 0.073482 -0.006816 0.9725 0.9611 0.9153
v 0.136707 0.110075 -0.059625 0.9725 0.9611 0.9153
v 0.212127 0.136857 -0.059301 0.9725 0.9611 0.9153
v 0.176841 0.078057 -0.009118 0.9725 0.9611 0.9153
v 0.164926 0.116269 -0.025043 0.9725 0.9611 0.9153
v 0.154673 0.084540 -0.002734 0.9725 0.9611 0.9153
v 0.189967 0.160127 -0.045968 0.9725 0.9611 0.9153
v 0.151323 0.120314 -0.032230 0.9725 0.9611 0.9153
v 0.132939 0.102561 -0.034472 0.9725 0.9611 0.9153
v 0.307619 0.415280 -0.389811 0.9725 0.9611 0.9153
v 0.304459 0.411011 -0.400041 0.9725 0.9611 0.9153
v 0.295474 0.408138 -0.384190 0.9725 0.9611 0.9153
v 0.322454 0.415653 -0.415433 0.9725 0.9611 0.9153
v 0.316025 0.406010 -0.417097 0.9725 0.9611 0.9153
v 0.301891 0.405673 -0.406401 0.9725 0.9611 0.9153
v 0.350168 0.430341 -0.384664 0.9725 0.9611 0.9153
v 0.388564 0.420279 -0.338270 0.9725 0.9611 0.9153
v 0.384868 0.426116 -0.367781 0.9725 0.9611 0.9153
v 0.379269 0.425371 -0.396943 0.9725 0.9611 0.9153
v 0.362792 0.417402 -0.418474 0.9725 0.9611 0.9153
v 0.388045 0.418144 -0.376311 0.9725 0.9611 0.9153
v 0.313984 0.398963 -0.413620 0.9725 0.9611 0.9153
v 0.348935 0.409160 -0.419020 0.9725 0.9611 0.9153
v 0.165133 0.243422 -0.122674 0.9725 0.9611 0.9153
v 0.181902 0.279741 -0.162832 0.9725 0.9611 0.9153
v 0.143901 0.171421 -0.090597 0.9725 0.9611 0.9153
v 0.278228 0.386942 -0.390127 0.9725 0.9611 0.9153
v 0.169501 0.230867 -0.127769 0.9725 0.9611 0.9153
v 0.391631 0.406144 -0.335219 0.9725 0.9611 0.9153
v 0.397600 0.392324 -0.306698 0.9725 0.9611 0.9153
v 0.391596 0.370851 -0.272922 0.9725 0.9611 0.9153
v 0.387892 0.399310 -0.300627 0.9725 0.9611 0.9153
v 0.384391 0.417820 -0.328905 0.9725 0.9611 0.9153
v 0.344922 0.347806 -0.175322 0.9725 0.9611 0.9153
v 0.252871 0.231791 -0.059171 0.9725 0.9611 0.9153
v 0.300637 0.377790 -0.381686 0.9725 0.9611 0.9153
v 0.323235 0.386897 -0.382928 0.9725 0.9611 0.9153
v 0.323378 0.382229 -0.369246 0.9725 0.9611 0.9153
v 0.268540 0.320705 -0.261938 0.9725 0.9611 0.9153
v 0.298383 0.351464 -0.334783 0.9725 0.9611 0.9153
v 0.247315 0.320525 -0.275882 0.9725 0.9611 0.9153
v 0.367498 0.397223 -0.356140 0.9725 0.9611 0.9153
v 0.323280 0.371551 -0.351732 0.9725 0.9611 0.9153
v 0.363540 0.391113 -0.345457 0.9725 0.9611 0.9153
v 0.359257 0.370279 -0.318761 0.9725 0.9611 0.9153
v 0.345496 0.322238 -0.184808 0.9725 0.9611 0.9153
v 0.238648 0.236244 -0.115912 0.9725 0.9611 0.9153
v 0.270329 0.250266 -0.111376 0.9725 0.9611 0.9153
v 0.278423 0.263750 -0.125218 0.9725 0.9611 0.9153
v 0.264060 0.234386 -0.097687 0.9725 0.9611 0.9153
v 0.204393 0.144201 -0.077539 0.9725 0.9611 0.9153
v 0.210687 0.209116 -0.109495 0.9725 0.9611 0.9153
v 0.236748 0.216769 -0.100990 0.9725 0.9611 0.9153
v 0.200026 0.155955 -0.088066 0.9725 0.9611 0.9153
v 0.223758 0.265324 -0.161868 0.9725 0.9611 0.9153
v 0.225821 0.283220 -0.195192 0.9725 0.9611 0.9153
v 0.285694 0.303119 -0.196461 0.9725 0.9611 0.9153
v 0.196020 0.242783 -0.140947 0.9725 0.9611 0.9153
v 0.221068 0.243149 -0.132361 0.9725 0.9611 0.9153
v 0.183081 0.155286 -0.093446 0.9725 0.9611 0.9153
v 0.184622 0.201568 -0.113439 0.9725 0.9611 0.9153
v 0.167682 0.183134 -0.060879 0.9725 0.9611 0.9153
v 0.186746 0.232925 -0.073641 0.9725 0.9611 0.9153
v 0.205684 0.252855 -0.075868 0.9725 0.9611 0.9153
v 0.180718 0.246061 -0.086712 0.9725 0.9611 0.9153
v 0.234933 0.295924 -0.105074 0.9725 0.9611 0.9153
v 0.234909 0.331315 -0.185925 0.9725 0.9611 0.9153
v 0.216828 0.317118 -0.170539 0.9725 0.9611 0.9153
v 0.197732 0.292178 -0.134547 0.9725 0.9611 0.9153
v 0.219156 0.324737 -0.199210 0.9725 0.9611 0.9153
v 0.200765 0.189747 -0.054244 0.9725 0.9611 0.9153
v 0.239107 0.257805 -0.068226 0.9725 0.9611 0.9153
v 0.239782 0.241110 -0.061559 0.9725 0.9611 0.9153
v 0.307723 0.316797 -0.113850 0.9725 0.9611 0.9153
v 0.298777 0.342168 -0.165603 0.9725 0.9611 0.9153
v 0.264525 0.304891 -0.105228 0.9725 0.9611 0.9153
v 0.265007 0.338120 -0.173587 0.9725 0.9611 0.9153
v 0.339778 0.378741 -0.259692 0.9725 0.9611 0.9153
v 0.317697 0.395652 -0.320958 0.9725 0.9611 0.9153
v 0.366638 0.379018 -0.256022 0.9725 0.9611 0.9153
v 0.347556 0.392159 -0.292771 0.9725 0.9611 0.9153
v 0.364372 0.398404 -0.300556 0.9725 0.9611 0.9153
v 0.343960 0.406228 -0.325226 0.9725 0.9611 0.9153
v 0.373324 0.405752 -0.311972 0.9725 0.9611 0.9153
v 0.334015 0.419665 -0.351695 0.9725 0.9611 0.9153
v 0.346186 0.426482 -0.356973 0.9725 0.9611 0.9153
v 0.251836 0.355324 -0.263720 0.9725 0.9611 0.9153
v 0.254538 0.345177 -0.208942 0.9725 0.9611 0.9153
v 0.276864 0.376168 -0.310359 0.9725 0.9611 0.9153
v 0.263845 0.371688 -0.332552 0.9725 0.9611 0.9153
v 0.275388 0.349788 -0.200348 0.9725 0.9611 0.9153
v 0.318056 0.417177 -0.362313 0.9725 0.9611 0.9153
v 0.290911 0.394189 -0.349843 0.9725 0.9611 0.9153
v 0.152827 0.100897 -0.060448 0.9725 0.9611 0.9153
v 0.143899 0.116980 -0.070153 0.9725 0.9611 0.9153
v 0.170369 0.106614 -0.064949 0.9725 0.9611 0.9153
v 0.172796 0.086857 -0.041061 0.9725 0.9611 0.9153
v 0.160807 0.089692 -0.048868 0.9725 0.9611 0.9153
v 0.148252 0.076556 -0.026666 0.9725 0.9611 0.9153
v 0.169355 0.074963 -0.019965 0.9725 0.9611 0.9153
v 0.155964 0.070460 -0.012290 0.9725 0.9611 0.9153
v 0.154530 0.074099 0.000225 0.9725 0.9611 0.9153
v 0.157320 0.070688 -0.003423 0.9725 0.9611 0.9153
v 0.141781 0.077949 -0.018267 0.9725 0.9611 0.9153
v 0.144887 0.090916 -0.047730 0.9725 0.9611 0.9153
v 0.137691 0.088906 -0.038360 0.9725 0.9611 0.9153
v 0.135138 0.126498 -0.068543 0.9725 0.9611 0.9153
v 0.187577 0.113549 -0.063075 0.9725 0.9611 0.9153
v 0.205949 0.136443 -0.069223 0.9725 0.9611 0.9153
v 0.191403 0.101487 -0.042800 0.9725 0.9611 0.9153
v 0.182609 0.090203 -0.036734 0.9725 0.9611 0.9153
v 0.240267 0.190190 -0.079820 0.9725 0.9611 0.9153
v 0.215176 0.140566 -0.053858 0.9725 0.9611 0.9153
v 0.187451 0.090060 -0.019866 0.9725 0.9611 0.9153
v 0.234360 0.174159 -0.059156 0.9725 0.9611 0.9153
v 0.219277 0.151174 -0.050293 0.9725 0.9611 0.9153
v 0.203277 0.123152 -0.036866 0.9725 0.9611 0.9153
v 0.180772 0.082442 -0.020944 0.9725 0.9611 0.9153
v 0.167655 0.071799 -0.007168 0.9725 0.9611 0.9153
v 0.179197 0.086161 -0.006227 0.9725 0.9611 0.9153
v 0.169320 0.075879 0.000127 0.9725 0.9611 0.9153
v 0.164873 0.072483 -0.000196 0.9725 0.9611 0.9153
v 0.167171 0.083099 -0.000165 0.9725 0.9611 0.9153
v 0.191038 0.115647 -0.025387 0.9725 0.9611 0.9153
v 0.178842 0.113548 -0.021785 0.9725 0.9611 0.9153
v 0.210922 0.151030 -0.044117 0.9725 0.9611 0.9153
v 0.224546 0.182149 -0.051876 0.9725 0.9611 0.9153
v 0.227314 0.196562 -0.053890 0.9725 0.9611 0.9153
v 0.154243 0.153733 -0.052163 0.9725 0.9611 0.9153
v 0.131199 0.124040 -0.056192 0.9725 0.9611 0.9153
v 0.136312 0.086167 -0.026412 0.9725 0.9611 0.9153
v 0.131706 0.104043 -0.045351 0.9725 0.9611 0.9153
v 0.135824 0.148483 -0.065469 0.9725 0.9611 0.9153
v 0.139993 0.083416 -0.014943 0.9725 0.9611 0.9153
v 0.148384 0.080040 -0.004299 0.9725 0.9611 0.9153
v 0.140609 0.092946 -0.018007 0.9725 0.9611 0.9153
v 0.144804 0.131497 -0.043120 0.9725 0.9611 0.9153
v 0.152634 0.201197 -0.083837 0.9725 0.9611 0.9153
v 0.317888 0.420680 -0.377117 0.9725 0.9611 0.9153
v 0.332386 0.424617 -0.365555 0.9725 0.9611 0.9153
v 0.338107 0.427609 -0.391276 0.9725 0.9611 0.9153
v 0.351604 0.428153 -0.409654 0.9725 0.9611 0.9153
v 0.361605 0.423983 -0.418343 0.9725 0.9611 0.9153
v 0.345091 0.419150 -0.423996 0.9725 0.9611 0.9153
v 0.336134 0.421623 -0.417979 0.9725 0.9611 0.9153
v 0.289734 0.400807 -0.395416 0.9725 0.9611 0.9153
v 0.294490 0.397696 -0.404338 0.9725 0.9611 0.9153
v 0.370764 0.427387 -0.350005 0.9725 0.9611 0.9153
v 0.378924 0.426896 -0.351098 0.9725 0.9611 0.9153
v 0.391558 0.418941 -0.351912 0.9725 0.9611 0.9153
v 0.387592 0.422533 -0.374633 0.9725 0.9611 0.9153
v 0.362222 0.430351 -0.397469 0.9725 0.9611 0.9153
v 0.375269 0.429423 -0.384336 0.9725 0.9611 0.9153
v 0.364652 0.430870 -0.371906 0.9725 0.9611 0.9153
v 0.368613 0.427508 -0.407675 0.9725 0.9611 0.9153
v 0.375386 0.421559 -0.407231 0.9725 0.9611 0.9153
v 0.380119 0.419402 -0.398784 0.9725 0.9611 0.9153
v 0.384494 0.413976 -0.381236 0.9725 0.9611 0.9153
v 0.378622 0.412213 -0.392544 0.9725 0.9611 0.9153
v 0.366649 0.411094 -0.408597 0.9725 0.9611 0.9153
v 0.386888 0.404889 -0.343414 0.9725 0.9611 0.9153
v 0.381895 0.402031 -0.345872 0.9725 0.9611 0.9153
v 0.294050 0.392967 -0.403733 0.9725 0.9611 0.9153
v 0.333189 0.413786 -0.423481 0.9725 0.9611 0.9153
v 0.336016 0.407851 -0.421342 0.9725 0.9611 0.9153
v 0.352409 0.417148 -0.423328 0.9725 0.9611 0.9153
v 0.346543 0.401981 -0.406859 0.9725 0.9611 0.9153
v 0.359057 0.401644 -0.391047 0.9725 0.9611 0.9153
v 0.322810 0.396615 -0.409619 0.9725 0.9611 0.9153
v 0.308980 0.386876 -0.395385 0.9725 0.9611 0.9153
v 0.162652 0.230358 -0.095272 0.9725 0.9611 0.9153
v 0.158575 0.226331 -0.105595 0.9725 0.9611 0.9153
v 0.196285 0.300693 -0.191057 0.9725 0.9611 0.9153
v 0.199028 0.305376 -0.179303 0.9725 0.9611 0.9153
v 0.186727 0.286883 -0.149086 0.9725 0.9611 0.9153
v 0.193374 0.283044 -0.188555 0.9725 0.9611 0.9153
v 0.169540 0.244570 -0.133556 0.9725 0.9611 0.9153
v 0.141318 0.172887 -0.082517 0.9725 0.9611 0.9153
v 0.136238 0.147017 -0.076325 0.9725 0.9611 0.9153
v 0.236583 0.345714 -0.268010 0.9725 0.9611 0.9153
v 0.228969 0.336968 -0.270973 0.9725 0.9611 0.9153
v 0.286535 0.400223 -0.377469 0.9725 0.9611 0.9153
v 0.277864 0.391541 -0.382153 0.9725 0.9611 0.9153
v 0.271275 0.380256 -0.379889 0.9725 0.9611 0.9153
v 0.268991 0.369993 -0.374888 0.9725 0.9611 0.9153
v 0.254647 0.357455 -0.345166 0.9725 0.9611 0.9153
v 0.210932 0.313212 -0.233588 0.9725 0.9611 0.9153
v 0.228193 0.323822 -0.273628 0.9725 0.9611 0.9153
v 0.258288 0.352816 -0.347981 0.9725 0.9611 0.9153
v 0.259345 0.339268 -0.324706 0.9725 0.9611 0.9153
v 0.282711 0.382121 -0.392082 0.9725 0.9611 0.9153
v 0.277777 0.369693 -0.378311 0.9725 0.9611 0.9153
v 0.294949 0.384312 -0.395550 0.9725 0.9611 0.9153
v 0.161805 0.205022 -0.113301 0.9725 0.9611 0.9153
v 0.146720 0.161859 -0.092103 0.9725 0.9611 0.9153
v 0.177369 0.252648 -0.146752 0.9725 0.9611 0.9153
v 0.197585 0.279338 -0.188371 0.9725 0.9611 0.9153
v 0.187115 0.249876 -0.149150 0.9725 0.9611 0.9153
v 0.200877 0.262673 -0.165496 0.9725 0.9611 0.9153
v 0.209333 0.281973 -0.196928 0.9725 0.9611 0.9153
v 0.161626 0.153033 -0.093991 0.9725 0.9611 0.9153
v 0.154128 0.144199 -0.089098 0.9725 0.9611 0.9153
v 0.171632 0.206538 -0.116555 0.9725 0.9611 0.9153
v 0.292331 0.258483 -0.102103 0.9725 0.9611 0.9153
v 0.266280 0.221802 -0.079333 0.9725 0.9611 0.9153
v 0.280530 0.239634 -0.084686 0.9725 0.9611 0.9153
v 0.312099 0.281756 -0.125277 0.9725 0.9611 0.9153
v 0.335596 0.300437 -0.127156 0.9725 0.9611 0.9153
v 0.322907 0.287494 -0.100101 0.9725 0.9611 0.9153
v 0.308050 0.269422 -0.095035 0.9725 0.9611 0.9153
v 0.367086 0.344194 -0.187811 0.9725 0.9611 0.9153
v 0.345299 0.315232 -0.134154 0.9725 0.9611 0.9153
v 0.317726 0.288958 -0.092892 0.9725 0.9611 0.9153
v 0.296080 0.262047 -0.076153 0.9725 0.9611 0.9153
v 0.251462 0.199523 -0.065769 0.9725 0.9611 0.9153
v 0.274657 0.231038 -0.072766 0.9725 0.9611 0.9153
v 0.277819 0.237948 -0.068687 0.9725 0.9611 0.9153
v 0.249357 0.202246 -0.060258 0.9725 0.9611 0.9153
v 0.374869 0.351824 -0.243804 0.9725 0.9611 0.9153
v 0.393523 0.410618 -0.335258 0.9725 0.9611 0.9153
v 0.393112 0.380659 -0.298652 0.9725 0.9611 0.9153
v 0.396325 0.380479 -0.279990 0.9725 0.9611 0.9153
v 0.383478 0.357520 -0.235297 0.9725 0.9611 0.9153
v 0.384147 0.366711 -0.238715 0.9725 0.9611 0.9153
v 0.397260 0.390322 -0.292217 0.9725 0.9611 0.9153
v 0.396893 0.402416 -0.315756 0.9725 0.9611 0.9153
v 0.393510 0.412018 -0.324847 0.9725 0.9611 0.9153
v 0.369665 0.419965 -0.333237 0.9725 0.9611 0.9153
v 0.379938 0.377031 -0.254619 0.9725 0.9611 0.9153
v 0.274499 0.243966 -0.064845 0.9725 0.9611 0.9153
v 0.298391 0.286282 -0.082712 0.9725 0.9611 0.9153
v 0.269205 0.255467 -0.065071 0.9725 0.9611 0.9153
v 0.336306 0.308177 -0.116864 0.9725 0.9611 0.9153
v 0.313777 0.296416 -0.093432 0.9725 0.9611 0.9153
v 0.342212 0.322105 -0.132770 0.9725 0.9611 0.9153
v 0.313253 0.308346 -0.103878 0.9725 0.9611 0.9153
v 0.329159 0.327668 -0.133450 0.9725 0.9611 0.9153
v 0.326916 0.341796 -0.159755 0.9725 0.9611 0.9153
v 0.272880 0.290688 -0.086045 0.9725 0.9611 0.9153
v 0.282997 0.275663 -0.074734 0.9725 0.9611 0.9153
v 0.302693 0.360286 -0.350293 0.9725 0.9611 0.9153
v 0.384515 0.395990 -0.331922 0.9725 0.9611 0.9153
v 0.373320 0.369193 -0.302773 0.9725 0.9611 0.9153
v 0.254419 0.218059 -0.089908 0.9725 0.9611 0.9153
v 0.245844 0.310387 -0.250356 0.9725 0.9611 0.9153
v 0.265670 0.287346 -0.177032 0.9725 0.9611 0.9153
v 0.198726 0.262163 -0.087085 0.9725 0.9611 0.9153
v 0.217413 0.301716 -0.128824 0.9725 0.9611 0.9153
v 0.258387 0.277610 -0.077549 0.9725 0.9611 0.9153
v 0.312958 0.381112 -0.282544 0.9725 0.9611 0.9153
v 0.353348 0.423027 -0.344438 0.9725 0.9611 0.9153
v 0.313169 0.401463 -0.338899 0.9725 0.9611 0.9153
v 0.297834 0.380470 -0.294077 0.9725 0.9611 0.9153
v 0.158331 0.121116 -0.077289 0.9725 0.9611 0.9153
v 0.205205 0.133125 -0.038309 0.9725 0.9611 0.9153
v 0.205328 0.161868 -0.045739 0.9725 0.9611 0.9153
v 0.196239 0.137583 -0.036405 0.9725 0.9611 0.9153
v 0.180298 0.136450 -0.035616 0.9725 0.9611 0.9153
v 0.171084 0.153076 -0.046395 0.9725 0.9611 0.9153
v 0.347843 0.423857 -0.419609 0.9725 0.9611 0.9153
v 0.176794 0.255824 -0.101972 0.9725 0.9611 0.9153
v 0.179999 0.270091 -0.121834 0.9725 0.9611 0.9153
v 0.273668 0.383667 -0.356268 0.9725 0.9611 0.9153
v 0.243018 0.188081 -0.071780 0.9725 0.9611 0.9153
v 0.296278 0.270449 -0.075913 0.9725 0.9611 0.9153
v 0.328639 0.310352 -0.111276 0.9725 0.9611 0.9153
v 0.293688 0.303742 -0.097732 0.9725 0.9611 0.9153
v 0.262036 0.264198 -0.068849 0.9725 0.9611 0.9153
v -0.293990 0.415770 0.981375 1.0000 1.0000 1.0000
v -0.315608 0.423953 0.972381 1.0000 1.0000 1.0000
v -0.279048 0.437648 0.978641 1.0000 1.0000 1.0000
v -0.275615 0.427741 0.953571 1.0000 1.0000 1.0000
v -0.267800 0.417402 0.956804 1.0000 1.0000 1.0000
v -0.274902 0.429099 0.986268 1.0000 1.0000 1.0000
v -0.254199 0.410675 0.987618 1.0000 1.0000 1.0000
v -0.222599 0.412602 0.974986 1.0000 1.0000 1.0000
v -0.240475 0.440460 0.968203 1.0000 1.0000 1.0000
v -0.234643 0.408425 0.982332 1.0000 1.0000 1.0000
v -0.244970 0.420579 0.994728 1.0000 1.0000 1.0000
v -0.210938 0.422075 0.969836 1.0000 1.0000 1.0000
v -0.225209 0.432292 0.966015 1.0000 1.0000 1.0000
v -0.215974 0.433715 0.999198 1.0000 1.0000 1.0000
v -0.203999 0.443143 0.993923 1.0000 1.0000 1.0000
v -0.182188 0.447351 0.986879 1.0000 1.0000 1.0000
v -0.166430 0.415194 1.000911 1.0000 1.0000 1.0000
v -0.188178 0.423636 1.003669 1.0000 1.0000 1.0000
v -0.172095 0.443852 0.978234 1.0000 1.0000 1.0000
v -0.175448 0.411201 0.990607 1.0000 1.0000 1.0000
v -0.166408 0.434807 0.973625 1.0000 1.0000 1.0000
v -0.148403 0.423737 0.975360 1.0000 1.0000 1.0000
v -0.150577 0.414789 0.982047 1.0000 1.0000 1.0000
v -0.154392 0.435186 1.004221 1.0000 1.0000 1.0000
v -0.139069 0.444113 0.997746 1.0000 1.0000 1.0000
v -0.106179 0.423397 1.004796 1.0000 1.0000 1.0000
v -0.104409 0.410772 0.991020 1.0000 1.0000 1.0000
v -0.090375 0.446189 0.985873 1.0000 1.0000 1.0000
v -0.081172 0.442398 0.976469 1.0000 1.0000 1.0000
v -0.105230 0.434152 0.973257 1.0000 1.0000 1.0000
v -0.074311 0.421886 0.972237 1.0000 1.0000 1.0000
v -0.098885 0.413847 0.980754 1.0000 1.0000 1.0000
v -0.104478 0.434260 1.002931 1.0000 1.0000 1.0000
v -0.063925 0.412294 0.995727 1.0000 1.0000 1.0000
v -0.082223 0.442251 0.994234 1.0000 1.0000 1.0000
v -0.049511 0.431282 0.967163 1.0000 1.0000 1.0000
v -0.046323 0.410929 0.974473 1.0000 1.0000 1.0000
v -0.057110 0.431728 0.997519 1.0000 1.0000 1.0000
v -0.021283 0.405474 0.979360 1.0000 1.0000 1.0000
v -0.017967 0.417480 0.991674 1.0000 1.0000 1.0000
v -0.027961 0.438435 0.985716 1.0000 1.0000 1.0000
v 0.004044 0.438911 0.969436 1.0000 1.0000 1.0000
v 0.015184 0.414088 0.954379 1.0000 1.0000 1.0000
v -0.002376 0.426907 0.986467 1.0000 1.0000 1.0000
v 0.005959 0.435134 0.959915 1.0000 1.0000 1.0000
v 0.023599 0.404031 0.958484 1.0000 1.0000 1.0000
v 0.010738 0.405373 0.979778 1.0000 1.0000 1.0000
v 0.013819 0.425230 0.953175 1.0000 1.0000 1.0000
v 0.054295 0.428950 0.963429 1.0000 1.0000 1.0000
v 0.079961 0.392654 0.949034 1.0000 1.0000 1.0000
v 0.074811 0.405713 0.963840 1.0000 1.0000 1.0000
v 0.073461 0.416956 0.962872 1.0000 1.0000 1.0000
v 0.075670 0.396501 0.958686 1.0000 1.0000 1.0000
v 0.103901 0.421156 0.926591 1.0000 1.0000 1.0000
v 0.084196 0.415365 0.929683 1.0000 1.0000 1.0000
v 0.092216 0.402863 0.927584 1.0000 1.0000 1.0000
v 0.093073 0.426137 0.938971 1.0000 1.0000 1.0000
v 0.107488 0.391249 0.927889 1.0000 1.0000 1.0000
v 0.143946 0.413119 0.925242 1.0000 1.0000 1.0000
v 0.147335 0.383307 0.926791 1.0000 1.0000 1.0000
v 0.159734 0.400816 0.923827 1.0000 1.0000 1.0000
v 0.148997 0.391974 0.901213 1.0000 1.0000 1.0000
v 0.157512 0.390096 0.926038 1.0000 1.0000 1.0000
v 0.174668 0.410048 0.899957 1.0000 1.0000 1.0000
v 0.157890 0.401252 0.895503 1.0000 1.0000 1.0000
v 0.174458 0.374023 0.903859 1.0000 1.0000 1.0000
v 0.177696 0.376662 0.892440 1.0000 1.0000 1.0000
v 0.198109 0.400978 0.877489 1.0000 1.0000 1.0000
v 0.208299 0.378344 0.867954 1.0000 1.0000 1.0000
v 0.228110 0.364358 0.880521 1.0000 1.0000 1.0000
v 0.232110 0.392495 0.874878 1.0000 1.0000 1.0000
v 0.221965 0.374860 0.888820 1.0000 1.0000 1.0000
v 0.236886 0.382055 0.848566 1.0000 1.0000 1.0000
v 0.227897 0.384396 0.883692 1.0000 1.0000 1.0000
v 0.240010 0.360970 0.854024 1.0000 1.0000 1.0000
v 0.240740 0.357315 0.862954 1.0000 1.0000 1.0000
v 0.284350 0.381091 0.828955 1.0000 1.0000 1.0000
v 0.270293 0.381502 0.829703 1.0000 1.0000 1.0000
v 0.276212 0.359417 0.821468 1.0000 1.0000 1.0000
v 0.281814 0.357967 0.847312 1.0000 1.0000 1.0000
v 0.291033 0.366381 0.839411 1.0000 1.0000 1.0000
v 0.305325 0.337970 0.815336 1.0000 1.0000 1.0000
v 0.306703 0.341086 0.823254 1.0000 1.0000 1.0000
v 0.297784 0.343633 0.811347 1.0000 1.0000 1.0000
v 0.314542 0.367793 0.814085 1.0000 1.0000 1.0000
v 0.329268 0.353482 0.778173 1.0000 1.0000 1.0000
v 0.336823 0.340072 0.803163 1.0000 1.0000 1.0000
v 0.351072 0.334435 0.759794 1.0000 1.0000 1.0000
v 0.355687 0.353223 0.759905 1.0000 1.0000 1.0000
v 0.362849 0.321123 0.755726 1.0000 1.0000 1.0000
v 0.358661 0.343509 0.782928 1.0000 1.0000 1.0000
v 0.388156 0.312005 0.751344 1.0000 1.0000 1.0000
v 0.394897 0.305583 0.735226 1.0000 1.0000 1.0000
v 0.374736 0.346396 0.761181 1.0000 1.0000 1.0000
v 0.385326 0.345597 0.741221 1.0000 1.0000 1.0000
v 0.402190 0.315512 0.742360 1.0000 1.0000 1.0000
v 0.404696 0.324471 0.706310 1.0000 1.0000 1.0000
v 0.426175 0.316743 0.716585 1.0000 1.0000 1.0000
v 0.422003 0.305765 0.688703 1.0000 1.0000 1.0000
v 0.432258 0.322899 0.702902 1.0000 1.0000 1.0000
v 0.441784 0.317822 0.672089 1.0000 1.0000 1.0000
v 0.439048 0.289355 0.676902 1.0000 1.0000 1.0000
v 0.464600 0.311229 0.655878 1.0000 1.0000 1.0000
v 0.469889 0.275975 0.661845 1.0000 1.0000 1.0000
v 0.458253 0.290900 0.681225 1.0000 1.0000 1.0000
v 0.461445 0.298924 0.642825 1.0000 1.0000 1.0000
v 0.499473 0.257128 0.614750 1.0000 1.0000 1.0000
v 0.477441 0.279645 0.623739 1.0000 1.0000 1.0000
v 0.489533 0.287171 0.643051 1.0000 1.0000 1.0000
v 0.486638 0.297382 0.639443 1.0000 1.0000 1.0000
v 0.508371 0.266065 0.619408 1.0000 1.0000 1.0000
v 0.511906 0.252872 0.586066 1.0000 1.0000 1.0000
v 0.530766 0.272494 0.559203 1.0000 1.0000 1.0000
v 0.506705 0.275605 0.584739 1.0000 1.0000 1.0000
v 0.536661 0.240647 0.573809 1.0000 1.0000 1.0000
v 0.531775 0.276024 0.568161 1.0000 1.0000 1.0000
v 0.534839 0.271621 0.575238 1.0000 1.0000 1.0000
v 0.521428 0.255926 0.564615 1.0000 1.0000 1.0000
v 0.532548 0.264139 0.585642 1.0000 1.0000 1.0000
v 0.559910 0.236621 0.545943 1.0000 1.0000 1.0000
v 0.556297 0.246752 0.512735 1.0000 1.0000 1.0000
v 0.572836 0.240168 0.525802 1.0000 1.0000 1.0000
v 0.571759 0.225176 0.487822 1.0000 1.0000 1.0000
v 0.575939 0.211534 0.500926 1.0000 1.0000 1.0000
v 0.593710 0.235279 0.484464 1.0000 1.0000 1.0000
v 0.572216 0.216135 0.494329 1.0000 1.0000 1.0000
v 0.603745 0.230629 0.454744 1.0000 1.0000 1.0000
v 0.603207 0.198047 0.467355 1.0000 1.0000 1.0000
v 0.613681 0.200951 0.456773 1.0000 1.0000 1.0000
v 0.609442 0.220862 0.430139 1.0000 1.0000 1.0000
v 0.625345 0.204010 0.435365 1.0000 1.0000 1.0000
v 0.607215 0.211624 0.424868 1.0000 1.0000 1.0000
v 0.623621 0.178832 0.401177 1.0000 1.0000 1.0000
v 0.640227 0.164012 0.381964 1.0000 1.0000 1.0000
v 0.627638 0.183839 0.384340 1.0000 1.0000 1.0000
v 0.654670 0.188825 0.367927 1.0000 1.0000 1.0000
v 0.658890 0.153497 0.355735 1.0000 1.0000 1.0000
v 0.661820 0.161993 0.359296 1.0000 1.0000 1.0000
v 0.651770 0.175040 0.332991 1.0000 1.0000 1.0000
v 0.669999 0.176127 0.318150 1.0000 1.0000 1.0000
v 0.667425 0.169030 0.347687 1.0000 1.0000 1.0000
v 0.660165 0.178578 0.324150 1.0000 1.0000 1.0000
v 0.661753 0.145012 0.316145 1.0000 1.0000 1.0000
v 0.670900 0.144108 0.284661 1.0000 1.0000 1.0000
v 0.692726 0.132104 0.284125 1.0000 1.0000 1.0000
v 0.701877 0.134893 0.261982 1.0000 1.0000 1.0000
v 0.696150 0.148822 0.267731 1.0000 1.0000 1.0000
v 0.695685 0.109239 0.244456 1.0000 1.0000 1.0000
v 0.705586 0.105745 0.235820 1.0000 1.0000 1.0000
v 0.692786 0.112210 0.233748 1.0000 1.0000 1.0000
v 0.692681 0.145072 0.240004 1.0000 1.0000 1.0000
v 0.690019 0.135593 0.234118 1.0000 1.0000 1.0000
v 0.720702 0.119644 0.176212 1.0000 1.0000 1.0000
v 0.723174 0.096491 0.194605 1.0000 1.0000 1.0000
v 0.702035 0.107932 0.193724 1.0000 1.0000 1.0000
v 0.730869 0.106330 0.160876 1.0000 1.0000 1.0000
v 0.737936 0.088768 0.145960 1.0000 1.0000 1.0000
v 0.723689 0.104930 0.139025 1.0000 1.0000 1.0000
v 0.720999 0.094094 0.129703 1.0000 1.0000 1.0000
v 0.725916 0.065681 0.116641 1.0000 1.0000 1.0000
v 0.728457 0.064061 0.130763 1.0000 1.0000 1.0000
v 0.745622 0.046448 0.086533 1.0000 1.0000 1.0000
v 0.728035 0.068139 0.093522 1.0000 1.0000 1.0000
v 0.748124 0.057229 0.095723 1.0000 1.0000 1.0000
v 0.754201 0.065388 0.057712 1.0000 1.0000 1.0000
v 0.748414 0.072256 0.056820 1.0000 1.0000 1.0000
v 0.761903 0.042597 0.029569 1.0000 1.0000 1.0000
v 0.746421 0.061415 0.029331 1.0000 1.0000 1.0000
v 0.747468 0.025597 0.033779 1.0000 1.0000 1.0000
v 0.741134 0.054299 0.029369 1.0000 1.0000 1.0000
v 0.744637 0.024310 0.012295 1.0000 1.0000 1.0000
v 0.765489 0.016430 -0.007207 1.0000 1.0000 1.0000
v 0.746603 0.022023 -0.022844 1.0000 1.0000 1.0000
v 0.768930 0.024728 -0.044926 1.0000 1.0000 1.0000
v 0.762631 0.033616 -0.040711 1.0000 1.0000 1.0000
v 0.764942 -0.010510 -0.057269 1.0000 1.0000 1.0000
v 0.758462 0.020095 -0.075030 1.0000 1.0000 1.0000
v 0.751856 0.018202 -0.061796 1.0000 1.0000 1.0000
v 0.759302 -0.018959 -0.078780 1.0000 1.0000 1.0000
v 0.771840 0.008878 -0.055593 1.0000 1.0000 1.0000
v 0.754211 -0.018100 -0.094883 1.0000 1.0000 1.0000
v 0.773058 -0.026796 -0.116488 1.0000 1.0000 1.0000
v 0.752069 -0.014949 -0.116335 1.0000 1.0000 1.0000
v 0.775461 -0.022641 -0.135318 1.0000 1.0000 1.0000
v 0.767539 -0.005713 -0.140184 1.0000 1.0000 1.0000
v 0.773318 -0.019722 -0.157373 1.0000 1.0000 1.0000
v 0.754228 -0.026499 -0.174921 1.0000 1.0000 1.0000
v 0.766864 -0.051027 -0.159812 1.0000 1.0000 1.0000
v 0.759395 -0.026311 -0.192504 1.0000 1.0000 1.0000
v 0.756558 -0.074402 -0.219212 1.0000 1.0000 1.0000
v 0.750400 -0.044631 -0.191522 1.0000 1.0000 1.0000
v 0.751883 -0.058787 -0.197944 1.0000 1.0000 1.0000
v 0.770367 -0.063712 -0.210010 1.0000 1.0000 1.0000
v 0.772929 -0.051506 -0.208452 1.0000 1.0000 1.0000
v 0.764259 -0.039015 -0.224567 1.0000 1.0000 1.0000
v 0.765914 -0.062361 -0.265489 1.0000 1.0000 1.0000
v 0.760377 -0.085373 -0.246908 1.0000 1.0000 1.0000
v 0.766370 -0.076426 -0.271683 1.0000 1.0000 1.0000
v 0.741723 -0.076184 -0.271591 1.0000 1.0000 1.0000
v 0.745812 -0.061271 -0.263136 1.0000 1.0000 1.0000
v 0.741188 -0.093237 -0.285391 1.0000 1.0000 1.0000
v 0.748704 -0.064175 -0.288595 1.0000 1.0000 1.0000
v 0.761956 -0.091354 -0.280177 1.0000 1.0000 1.0000
v 0.750271 -0.078297 -0.324318 1.0000 1.0000 1.0000
v 0.730694 -0.093157 -0.344184 1.0000 1.0000 1.0000
v 0.738986 -0.115474 -0.323570 1.0000 1.0000 1.0000
v 0.746467 -0.116424 -0.325815 1.0000 1.0000 1.0000
v 0.749629 -0.110619 -0.358609 1.0000 1.0000 1.0000
v 0.750232 -0.114974 -0.340226 1.0000 1.0000 1.0000
v 0.746889 -0.100661 -0.362854 1.0000 1.0000 1.0000
v 0.722274 -0.111614 -0.361705 1.0000 1.0000 1.0000
v 0.732219 -0.094252 -0.365094 1.0000 1.0000 1.0000
v 0.721684 -0.125418 -0.367278 1.0000 1.0000 1.0000
v 0.716021 -0.147078 -0.404071 1.0000 1.0000 1.0000
v 0.726841 -0.144321 -0.396860 1.0000 1.0000 1.0000
v 0.726240 -0.147005 -0.421823 1.0000 1.0000 1.0000
v 0.719027 -0.121266 -0.433768 1.0000 1.0000 1.0000
v 0.723703 -0.129425 -0.436168 1.0000 1.0000 1.0000
v 0.725061 -0.140674 -0.435222 1.0000 1.0000 1.0000
v 0.704896 -0.126155 -0.446444 1.0000 1.0000 1.0000
v 0.703516 -0.126338 -0.428770 1.0000 1.0000 1.0000
v 0.691554 -0.157836 -0.449995 1.0000 1.0000 1.0000
v 0.697962 -0.138865 -0.431215 1.0000 1.0000 1.0000
v 0.695026 -0.175117 -0.475503 1.0000 1.0000 1.0000
v 0.702639 -0.161078 -0.487356 1.0000 1.0000 1.0000
v 0.670448 -0.186473 -0.504774 1.0000 1.0000 1.0000
v 0.690609 -0.158367 -0.510147 1.0000 1.0000 1.0000
v 0.669168 -0.163021 -0.492979 1.0000 1.0000 1.0000
v 0.683947 -0.183246 -0.514465 1.0000 1.0000 1.0000
v 0.667367 -0.156617 -0.506189 1.0000 1.0000 1.0000
v 0.676071 -0.156780 -0.524592 1.0000 1.0000 1.0000
v 0.656912 -0.162860 -0.540387 1.0000 1.0000 1.0000
v 0.674586 -0.181171 -0.538818 1.0000 1.0000 1.0000
v 0.648205 -0.188665 -0.528962 1.0000 1.0000 1.0000
v 0.643301 -0.209014 -0.562415 1.0000 1.0000 1.0000
v 0.653250 -0.181796 -0.570248 1.0000 1.0000 1.0000
v 0.628646 -0.187589 -0.556037 1.0000 1.0000 1.0000
v 0.639336 -0.209140 -0.580975 1.0000 1.0000 1.0000
v 0.640318 -0.200427 -0.588294 1.0000 1.0000 1.0000
v 0.617217 -0.189393 -0.608404 1.0000 1.0000 1.0000
v 0.623853 -0.181799 -0.570864 1.0000 1.0000 1.0000
v 0.613809 -0.217446 -0.584386 1.0000 1.0000 1.0000
v 0.605474 -0.210482 -0.585102 1.0000 1.0000 1.0000
v 0.607916 -0.203603 -0.626425 1.0000 1.0000 1.0000
v 0.599190 -0.191345 -0.613723 1.0000 1.0000 1.0000
v 0.581272 -0.208961 -0.611148 1.0000 1.0000 1.0000
v 0.596411 -0.228029 -0.629705 1.0000 1.0000 1.0000
v 0.599382 -0.218415 -0.634699 1.0000 1.0000 1.0000
v 0.584173 -0.199285 -0.615973 1.0000 1.0000 1.0000
v 0.583401 -0.234976 -0.629410 1.0000 1.0000 1.0000
v 0.552012 -0.230764 -0.637583 1.0000 1.0000 1.0000
v 0.571893 -0.233975 -0.627119 1.0000 1.0000 1.0000
v 0.555710 -0.206988 -0.654247 1.0000 1.0000 1.0000
v 0.540365 -0.216517 -0.678698 1.0000 1.0000 1.0000
v 0.543805 -0.236782 -0.682376 1.0000 1.0000 1.0000
v 0.541068 -0.226153 -0.684926 1.0000 1.0000 1.0000
v 0.527846 -0.217869 -0.664209 1.0000 1.0000 1.0000
v 0.538300 -0.246906 -0.678721 1.0000 1.0000 1.0000
v 0.524812 -0.227179 -0.658461 1.0000 1.0000 1.0000
v 0.518400 -0.250273 -0.669512 1.0000 1.0000 1.0000
v 0.537292 -0.249507 -0.667173 1.0000 1.0000 1.0000
v 0.505584 -0.220819 -0.690322 1.0000 1.0000 1.0000
v 0.499479 -0.244792 -0.674203 1.0000 1.0000 1.0000
v 0.467410 -0.265591 -0.709367 1.0000 1.0000 1.0000
v 0.478249 -0.238033 -0.686924 1.0000 1.0000 1.0000
v 0.479334 -0.251484 -0.720958 1.0000 1.0000 1.0000
v 0.473938 -0.261196 -0.716347 1.0000 1.0000 1.0000
v 0.476576 -0.240649 -0.722982 1.0000 1.0000 1.0000
v 0.476560 -0.231068 -0.716883 1.0000 1.0000 1.0000
v 0.467697 -0.231404 -0.699750 1.0000 1.0000 1.0000
v 0.459286 -0.252951 -0.695710 1.0000 1.0000 1.0000
v 0.446198 -0.264732 -0.707644 1.0000 1.0000 1.0000
v 0.423789 -0.235762 -0.729879 1.0000 1.0000 1.0000
v 0.433425 -0.245879 -0.707734 1.0000 1.0000 1.0000
v 0.409590 -0.241232 -0.744031 1.0000 1.0000 1.0000
v 0.414668 -0.239668 -0.721649 1.0000 1.0000 1.0000
v 0.411591 -0.259987 -0.714656 1.0000 1.0000 1.0000
v 0.419251 -0.260519 -0.745100 1.0000 1.0000 1.0000
v 0.424153 -0.248694 -0.744330 1.0000 1.0000 1.0000
v 0.424198 -0.268647 -0.736228 1.0000 1.0000 1.0000
v 0.371443 -0.252999 -0.727070 1.0000 1.0000 1.0000
v 0.373816 -0.273290 -0.730836 1.0000 1.0000 1.0000
v 0.375006 -0.276958 -0.740095 1.0000 1.0000 1.0000
v 0.375051 -0.273692 -0.749985 1.0000 1.0000 1.0000
v 0.369016 -0.254064 -0.759215 1.0000 1.0000 1.0000
v 0.367489 -0.264357 -0.726522 1.0000 1.0000 1.0000
v 0.367671 -0.244276 -0.734450 1.0000 1.0000 1.0000
v 0.368049 -0.265249 -0.758156 1.0000 1.0000 1.0000
v 0.315460 -0.244218 -0.753572 1.0000 1.0000 1.0000
v 0.315827 -0.247727 -0.762452 1.0000 1.0000 1.0000
v 0.312329 -0.267415 -0.735429 1.0000 1.0000 1.0000
v 0.318665 -0.247083 -0.742588 1.0000 1.0000 1.0000
v 0.306988 -0.256319 -0.736834 1.0000 1.0000 1.0000
v 0.314916 -0.276712 -0.758899 1.0000 1.0000 1.0000
v 0.323595 -0.267494 -0.764776 1.0000 1.0000 1.0000
v 0.305322 -0.276625 -0.740726 1.0000 1.0000 1.0000
v 0.308957 -0.280119 -0.749493 1.0000 1.0000 1.0000
v 0.305419 -0.256857 -0.767628 1.0000 1.0000 1.0000
v 0.271428 -0.268108 -0.767429 1.0000 1.0000 1.0000
v 0.261506 -0.247628 -0.745175 1.0000 1.0000 1.0000
v 0.259359 -0.256517 -0.738339 1.0000 1.0000 1.0000
v 0.240548 -0.279940 -0.750481 1.0000 1.0000 1.0000
v 0.265838 -0.276939 -0.760511 1.0000 1.0000 1.0000
v 0.242030 -0.267372 -0.736802 1.0000 1.0000 1.0000
v 0.244079 -0.276461 -0.741599 1.0000 1.0000 1.0000
v 0.242819 -0.256410 -0.767816 1.0000 1.0000 1.0000
v 0.230769 -0.247005 -0.762416 1.0000 1.0000 1.0000
v 0.208301 -0.242685 -0.751950 1.0000 1.0000 1.0000
v 0.210816 -0.255023 -0.735580 1.0000 1.0000 1.0000
v 0.199175 -0.274654 -0.756124 1.0000 1.0000 1.0000
v 0.214480 -0.266351 -0.764185 1.0000 1.0000 1.0000
v 0.196471 -0.245328 -0.740722 1.0000 1.0000 1.0000
v 0.173102 -0.263768 -0.729132 1.0000 1.0000 1.0000
v 0.164647 -0.272155 -0.732373 1.0000 1.0000 1.0000
v 0.175434 -0.252793 -0.760082 1.0000 1.0000 1.0000
v 0.153269 -0.274518 -0.738597 1.0000 1.0000 1.0000
v 0.150173 -0.241742 -0.750792 1.0000 1.0000 1.0000
v 0.144901 -0.250202 -0.724765 1.0000 1.0000 1.0000
v 0.146465 -0.261375 -0.753020 1.0000 1.0000 1.0000
v 0.117762 -0.234854 -0.734034 1.0000 1.0000 1.0000
v 0.119941 -0.238553 -0.725183 1.0000 1.0000 1.0000
v 0.117024 -0.267146 -0.738853 1.0000 1.0000 1.0000
v 0.086412 -0.254552 -0.707624 1.0000 1.0000 1.0000
v 0.096609 -0.244551 -0.740876 1.0000 1.0000 1.0000
v 0.080256 -0.262502 -0.709713 1.0000 1.0000 1.0000
v 0.064853 -0.240256 -0.701270 1.0000 1.0000 1.0000
v 0.047559 -0.261136 -0.706943 1.0000 1.0000 1.0000
v 0.073838 -0.252402 -0.731832 1.0000 1.0000 1.0000
v 0.047775 -0.228542 -0.719531 1.0000 1.0000 1.0000
v 0.031066 -0.254732 -0.709227 1.0000 1.0000 1.0000
v 0.036147 -0.226618 -0.696734 1.0000 1.0000 1.0000
v 0.033195 -0.222588 -0.704761 1.0000 1.0000 1.0000
v 0.027569 -0.233784 -0.715068 1.0000 1.0000 1.0000
v -0.017581 -0.245619 -0.669033 1.0000 1.0000 1.0000
v -0.005411 -0.238851 -0.699194 1.0000 1.0000 1.0000
v 0.002327 -0.240389 -0.673539 1.0000 1.0000 1.0000
v -0.021975 -0.224415 -0.662996 1.0000 1.0000 1.0000
v -0.044297 -0.219430 -0.680246 1.0000 1.0000 1.0000
v -0.054356 -0.208173 -0.670112 1.0000 1.0000 1.0000
v -0.068060 -0.237545 -0.649652 1.0000 1.0000 1.0000
v -0.067552 -0.201713 -0.654033 1.0000 1.0000 1.0000
v -0.044148 -0.210436 -0.657458 1.0000 1.0000 1.0000
v -0.047977 -0.238580 -0.670011 1.0000 1.0000 1.0000
v -0.057612 -0.227374 -0.641851 1.0000 1.0000 1.0000
v -0.090883 -0.219212 -0.651272 1.0000 1.0000 1.0000
v -0.104165 -0.204495 -0.614293 1.0000 1.0000 1.0000
v -0.102038 -0.225200 -0.637273 1.0000 1.0000 1.0000
v -0.123889 -0.219257 -0.604529 1.0000 1.0000 1.0000
v -0.113079 -0.193025 -0.614827 1.0000 1.0000 1.0000
v -0.122966 -0.210393 -0.600235 1.0000 1.0000 1.0000
v -0.128513 -0.197854 -0.627393 1.0000 1.0000 1.0000
v -0.140826 -0.185199 -0.613770 1.0000 1.0000 1.0000
v -0.154161 -0.213688 -0.591068 1.0000 1.0000 1.0000
v -0.168142 -0.206051 -0.590183 1.0000 1.0000 1.0000
v -0.160881 -0.199298 -0.602331 1.0000 1.0000 1.0000
v -0.168771 -0.173089 -0.583697 1.0000 1.0000 1.0000
v -0.180741 -0.181376 -0.557375 1.0000 1.0000 1.0000
v -0.173926 -0.174560 -0.569361 1.0000 1.0000 1.0000
v -0.192859 -0.188413 -0.546059 1.0000 1.0000 1.0000
v -0.203463 -0.174186 -0.569048 1.0000 1.0000 1.0000
v -0.203779 -0.193838 -0.541856 1.0000 1.0000 1.0000
v -0.224031 -0.157792 -0.546134 1.0000 1.0000 1.0000
v -0.230548 -0.187989 -0.527610 1.0000 1.0000 1.0000
v -0.222140 -0.178741 -0.551576 1.0000 1.0000 1.0000
v -0.235197 -0.182880 -0.532935 1.0000 1.0000 1.0000
v -0.241734 -0.150612 -0.510160 1.0000 1.0000 1.0000
v -0.249606 -0.144302 -0.512516 1.0000 1.0000 1.0000
v -0.241994 -0.159230 -0.502597 1.0000 1.0000 1.0000
v -0.265751 -0.161199 -0.478694 1.0000 1.0000 1.0000
v -0.284122 -0.143580 -0.493263 1.0000 1.0000 1.0000
v -0.294473 -0.158670 -0.454730 1.0000 1.0000 1.0000
v -0.290025 -0.152287 -0.486030 1.0000 1.0000 1.0000
v -0.287208 -0.162196 -0.481662 1.0000 1.0000 1.0000
v -0.296678 -0.128638 -0.473853 1.0000 1.0000 1.0000
v -0.306087 -0.132494 -0.436256 1.0000 1.0000 1.0000
v -0.320290 -0.150911 -0.435628 1.0000 1.0000 1.0000
v -0.311231 -0.118151 -0.447607 1.0000 1.0000 1.0000
v -0.311645 -0.120969 -0.436583 1.0000 1.0000 1.0000
v -0.356637 -0.130535 -0.402959 1.0000 1.0000 1.0000
v -0.331248 -0.131856 -0.405784 1.0000 1.0000 1.0000
v -0.348167 -0.125595 -0.419678 1.0000 1.0000 1.0000
v -0.364664 -0.106151 -0.400193 1.0000 1.0000 1.0000
v -0.359059 -0.099313 -0.400922 1.0000 1.0000 1.0000
v -0.376993 -0.085738 -0.366927 1.0000 1.0000 1.0000
v -0.368665 -0.092749 -0.366336 1.0000 1.0000 1.0000
v -0.363068 -0.104350 -0.366200 1.0000 1.0000 1.0000
v -0.377129 -0.118131 -0.353834 1.0000 1.0000 1.0000
v -0.386888 -0.102986 -0.333862 1.0000 1.0000 1.0000
v -0.393859 -0.113348 -0.342076 1.0000 1.0000 1.0000
v -0.402508 -0.097248 -0.349052 1.0000 1.0000 1.0000
v -0.411059 -0.077403 -0.298989 1.0000 1.0000 1.0000
v -0.421455 -0.064692 -0.314583 1.0000 1.0000 1.0000
v -0.427498 -0.091200 -0.304869 1.0000 1.0000 1.0000
v -0.439810 -0.063630 -0.294126 1.0000 1.0000 1.0000
v -0.418672 -0.064003 -0.294611 1.0000 1.0000 1.0000
v -0.434398 -0.084551 -0.270022 1.0000 1.0000 1.0000
v -0.445759 -0.082021 -0.263855 1.0000 1.0000 1.0000
v -0.450493 -0.041482 -0.256428 1.0000 1.0000 1.0000
v -0.437628 -0.072151 -0.256862 1.0000 1.0000 1.0000
v -0.461663 -0.060750 -0.257892 1.0000 1.0000 1.0000
v -0.469982 -0.038247 -0.201094 1.0000 1.0000 1.0000
v -0.472304 -0.061850 -0.231505 1.0000 1.0000 1.0000
v -0.488251 -0.019965 -0.202749 1.0000 1.0000 1.0000
v -0.466407 -0.032297 -0.215341 1.0000 1.0000 1.0000
v -0.489513 -0.035228 -0.164480 1.0000 1.0000 1.0000
v -0.500607 -0.037492 -0.152272 1.0000 1.0000 1.0000
v -0.502219 -0.041752 -0.163091 1.0000 1.0000 1.0000
v -0.510707 -0.013026 -0.167737 1.0000 1.0000 1.0000
v -0.507550 -0.027216 -0.173955 1.0000 1.0000 1.0000
v -0.522703 -0.023457 -0.135116 1.0000 1.0000 1.0000
v -0.519407 0.011113 -0.124719 1.0000 1.0000 1.0000
v -0.514185 0.005776 -0.120135 1.0000 1.0000 1.0000
v -0.524920 0.007205 -0.087174 1.0000 1.0000 1.0000
v -0.553492 0.013009 -0.073081 1.0000 1.0000 1.0000
v -0.556694 0.040018 -0.052326 1.0000 1.0000 1.0000
v -0.529942 0.000166 -0.075609 1.0000 1.0000 1.0000
v -0.550902 0.002022 -0.053288 1.0000 1.0000 1.0000
v -0.564472 0.036608 -0.042964 1.0000 1.0000 1.0000
v -0.555265 0.013680 -0.023864 1.0000 1.0000 1.0000
v -0.573853 0.026655 -0.009560 1.0000 1.0000 1.0000
v -0.547705 0.038375 -0.038125 1.0000 1.0000 1.0000
v -0.559895 0.031448 0.002855 1.0000 1.0000 1.0000
v -0.575291 0.069474 0.021865 1.0000 1.0000 1.0000
v -0.565498 0.050853 0.022481 1.0000 1.0000 1.0000
v -0.590239 0.047395 0.060761 1.0000 1.0000 1.0000
v -0.597073 0.062850 0.052190 1.0000 1.0000 1.0000
v -0.574376 0.069734 0.040709 1.0000 1.0000 1.0000
v -0.586353 0.052052 0.072633 1.0000 1.0000 1.0000
v -0.596512 0.075666 0.055254 1.0000 1.0000 1.0000
v -0.600239 0.095124 0.086278 1.0000 1.0000 1.0000
v -0.592943 0.076282 0.115671 1.0000 1.0000 1.0000
v -0.603759 0.065815 0.088952 1.0000 1.0000 1.0000
v -0.594112 0.092272 0.126744 1.0000 1.0000 1.0000
v -0.599226 0.107984 0.137029 1.0000 1.0000 1.0000
v -0.615045 0.104686 0.128336 1.0000 1.0000 1.0000
v -0.605809 0.116394 0.140015 1.0000 1.0000 1.0000
v -0.607818 0.087247 0.161288 1.0000 1.0000 1.0000
v -0.623170 0.105647 0.159994 1.0000 1.0000 1.0000
v -0.615783 0.089720 0.167383 1.0000 1.0000 1.0000
v -0.620657 0.094825 0.162044 1.0000 1.0000 1.0000
v -0.627670 0.149285 0.222827 1.0000 1.0000 1.0000
v -0.631848 0.140464 0.218561 1.0000 1.0000 1.0000
v -0.612182 0.116029 0.215900 1.0000 1.0000 1.0000
v -0.610911 0.128580 0.218317 1.0000 1.0000 1.0000
v -0.634805 0.128816 0.247808 1.0000 1.0000 1.0000
v -0.624765 0.163086 0.257832 1.0000 1.0000 1.0000
v -0.617891 0.152663 0.249757 1.0000 1.0000 1.0000
v -0.622702 0.123894 0.253760 1.0000 1.0000 1.0000
v -0.630582 0.126746 0.260815 1.0000 1.0000 1.0000
v -0.639782 0.148236 0.267472 1.0000 1.0000 1.0000
v -0.620466 0.143900 0.286289 1.0000 1.0000 1.0000
v -0.619784 0.161203 0.300726 1.0000 1.0000 1.0000
v -0.642656 0.187342 0.337019 1.0000 1.0000 1.0000
v -0.630547 0.168041 0.365367 1.0000 1.0000 1.0000
v -0.643429 0.175486 0.365795 1.0000 1.0000 1.0000
v -0.636737 0.161376 0.348364 1.0000 1.0000 1.0000
v -0.637739 0.211889 0.381116 1.0000 1.0000 1.0000
v -0.624259 0.172914 0.359668 1.0000 1.0000 1.0000
v -0.624296 0.196218 0.359895 1.0000 1.0000 1.0000
v -0.645293 0.191316 0.376428 1.0000 1.0000 1.0000
v -0.629990 0.216456 0.392845 1.0000 1.0000 1.0000
v -0.621845 0.199372 0.397319 1.0000 1.0000 1.0000
v -0.635821 0.198338 0.441964 1.0000 1.0000 1.0000
v -0.622147 0.204212 0.438957 1.0000 1.0000 1.0000
v -0.641126 0.224384 0.430843 1.0000 1.0000 1.0000
v -0.639994 0.232891 0.481801 1.0000 1.0000 1.0000
v -0.621049 0.228875 0.442645 1.0000 1.0000 1.0000
v -0.623830 0.217963 0.491903 1.0000 1.0000 1.0000
v -0.637182 0.224799 0.490777 1.0000 1.0000 1.0000
v -0.615972 0.229835 0.474571 1.0000 1.0000 1.0000
v -0.631602 0.260122 0.521518 1.0000 1.0000 1.0000
v -0.627068 0.261514 0.506986 1.0000 1.0000 1.0000
v -0.618568 0.263849 0.513078 1.0000 1.0000 1.0000
v -0.613513 0.234275 0.515252 1.0000 1.0000 1.0000
v -0.612698 0.255798 0.510986 1.0000 1.0000 1.0000
v -0.620171 0.245369 0.561370 1.0000 1.0000 1.0000
v -0.606295 0.254794 0.537968 1.0000 1.0000 1.0000
v -0.625256 0.267333 0.569314 1.0000 1.0000 1.0000
v -0.621078 0.260490 0.581476 1.0000 1.0000 1.0000
v -0.608172 0.251390 0.576866 1.0000 1.0000 1.0000
v -0.601822 0.257146 0.573404 1.0000 1.0000 1.0000
v -0.599133 0.281480 0.576295 1.0000 1.0000 1.0000
v -0.610115 0.293423 0.588133 1.0000 1.0000 1.0000
v -0.611574 0.294797 0.609739 1.0000 1.0000 1.0000
v -0.590687 0.308946 0.627844 1.0000 1.0000 1.0000
v -0.588878 0.282572 0.608665 1.0000 1.0000 1.0000
v -0.605901 0.295766 0.641709 1.0000 1.0000 1.0000
v -0.585301 0.280434 0.632715 1.0000 1.0000 1.0000
v -0.583902 0.284361 0.660854 1.0000 1.0000 1.0000
v -0.599751 0.289884 0.656350 1.0000 1.0000 1.0000
v -0.594567 0.281518 0.653432 1.0000 1.0000 1.0000
v -0.574612 0.312333 0.654927 1.0000 1.0000 1.0000
v -0.587063 0.321975 0.660906 1.0000 1.0000 1.0000
v -0.590756 0.319148 0.671831 1.0000 1.0000 1.0000
v -0.562642 0.311010 0.681217 1.0000 1.0000 1.0000
v -0.563971 0.302063 0.687926 1.0000 1.0000 1.0000
v -0.578445 0.323198 0.711743 1.0000 1.0000 1.0000
v -0.557602 0.315828 0.741080 1.0000 1.0000 1.0000
v -0.572701 0.315568 0.721943 1.0000 1.0000 1.0000
v -0.552747 0.343990 0.717370 1.0000 1.0000 1.0000
v -0.560215 0.345466 0.739104 1.0000 1.0000 1.0000
v -0.544165 0.357614 0.752044 1.0000 1.0000 1.0000
v -0.535453 0.324705 0.745852 1.0000 1.0000 1.0000
v -0.538615 0.321988 0.757074 1.0000 1.0000 1.0000
v -0.532049 0.347106 0.743866 1.0000 1.0000 1.0000
v -0.522350 0.341234 0.758590 1.0000 1.0000 1.0000
v -0.551362 0.343630 0.764045 1.0000 1.0000 1.0000
v -0.546833 0.334563 0.770583 1.0000 1.0000 1.0000
v -0.509629 0.371743 0.788547 1.0000 1.0000 1.0000
v -0.522927 0.368955 0.799364 1.0000 1.0000 1.0000
v -0.516206 0.364479 0.817574 1.0000 1.0000 1.0000
v -0.505254 0.347433 0.822202 1.0000 1.0000 1.0000
v -0.515316 0.353033 0.818012 1.0000 1.0000 1.0000
v -0.497552 0.346842 0.802699 1.0000 1.0000 1.0000
v -0.494070 0.347131 0.821674 1.0000 1.0000 1.0000
v -0.479522 0.375774 0.817557 1.0000 1.0000 1.0000
v -0.484417 0.389703 0.834550 1.0000 1.0000 1.0000
v -0.468397 0.369054 0.830162 1.0000 1.0000 1.0000
v -0.486169 0.386883 0.845531 1.0000 1.0000 1.0000
v -0.464839 0.361920 0.841564 1.0000 1.0000 1.0000
v -0.470962 0.373261 0.870163 1.0000 1.0000 1.0000
v -0.473708 0.383660 0.867032 1.0000 1.0000 1.0000
v -0.462117 0.393481 0.844586 1.0000 1.0000 1.0000
v -0.437649 0.370409 0.881798 1.0000 1.0000 1.0000
v -0.446685 0.372144 0.886002 1.0000 1.0000 1.0000
v -0.442808 0.403393 0.888246 1.0000 1.0000 1.0000
v -0.428793 0.395377 0.868257 1.0000 1.0000 1.0000
v -0.421896 0.377628 0.882238 1.0000 1.0000 1.0000
v -0.429496 0.410011 0.887124 1.0000 1.0000 1.0000
v -0.418857 0.387029 0.876718 1.0000 1.0000 1.0000
v -0.426209 0.400118 0.909704 1.0000 1.0000 1.0000
v -0.410790 0.411104 0.890287 1.0000 1.0000 1.0000
v -0.420845 0.390172 0.914034 1.0000 1.0000 1.0000
v -0.400219 0.415829 0.920631 1.0000 1.0000 1.0000
v -0.374603 0.410752 0.908331 1.0000 1.0000 1.0000
v -0.371822 0.400001 0.910554 1.0000 1.0000 1.0000
v -0.384241 0.390074 0.932716 1.0000 1.0000 1.0000
v -0.377219 0.389928 0.914323 1.0000 1.0000 1.0000
v -0.364871 0.390281 0.933648 1.0000 1.0000 1.0000
v -0.368159 0.426337 0.929752 1.0000 1.0000 1.0000
v -0.360431 0.405144 0.953221 1.0000 1.0000 1.0000
v -0.365853 0.415288 0.949385 1.0000 1.0000 1.0000
v -0.351080 0.425488 0.927965 1.0000 1.0000 1.0000
v -0.351850 0.426763 0.949332 1.0000 1.0000 1.0000
v -0.337506 0.398424 0.936671 1.0000 1.0000 1.0000
v -0.323092 0.402271 0.964886 1.0000 1.0000 1.0000
v -0.317267 0.410752 0.938924 1.0000 1.0000 1.0000
v -0.323580 0.420928 0.935167 1.0000 1.0000 1.0000
v -0.296261 0.402190 0.965245 1.0000 1.0000 1.0000
v -0.282208 0.440515 0.967461 1.0000 1.0000 1.0000
v -0.295931 0.434628 0.952269 1.0000 1.0000 1.0000
v -0.290228 0.405947 0.956588 1.0000 1.0000 1.0000
v -0.375414 -0.357166 1.089066 1.0000 1.0000 1.0000
v -0.407488 -0.369116 1.070509 1.0000 1.0000 1.0000
v -0.395178 -0.382675 1.107762 1.0000 1.0000 1.0000
v -0.389132 -0.352718 1.115695 1.0000 1.0000 1.0000
v -0.391236 -0.374277 1.118424 1.0000 1.0000 1.0000
v -0.385080 -0.349181 1.093149 1.0000 1.0000 1.0000
v -0.366125 -0.367908 1.090931 1.0000 1.0000 1.0000
v -0.347780 -0.381593 1.114892 1.0000 1.0000 1.0000
v -0.364162 -0.361011 1.131337 1.0000 1.0000 1.0000
v -0.344819 -0.346490 1.109728 1.0000 1.0000 1.0000
v -0.336430 -0.375581 1.107828 1.0000 1.0000 1.0000
v -0.344296 -0.344220 1.121864 1.0000 1.0000 1.0000
v -0.338017 -0.378317 1.129951 1.0000 1.0000 1.0000
v -0.340047 -0.370028 1.137654 1.0000 1.0000 1.0000
v -0.315781 -0.351716 1.110350 1.0000 1.0000 1.0000
v -0.304011 -0.361770 1.112074 1.0000 1.0000 1.0000
v -0.325102 -0.346783 1.138362 1.0000 1.0000 1.0000
v -0.314764 -0.355288 1.146267 1.0000 1.0000 1.0000
v -0.269873 -0.370943 1.134810 1.0000 1.0000 1.0000
v -0.293139 -0.339875 1.123946 1.0000 1.0000 1.0000
v -0.268373 -0.366035 1.124686 1.0000 1.0000 1.0000
v -0.273132 -0.334158 1.139311 1.0000 1.0000 1.0000
v -0.274712 -0.369047 1.144757 1.0000 1.0000 1.0000
v -0.279777 -0.361230 1.151814 1.0000 1.0000 1.0000
v -0.269303 -0.344508 1.120324 1.0000 1.0000 1.0000
v -0.254770 -0.335006 1.151512 1.0000 1.0000 1.0000
v -0.263039 -0.346430 1.155499 1.0000 1.0000 1.0000
v -0.234241 -0.349282 1.123314 1.0000 1.0000 1.0000
v -0.242303 -0.330548 1.131631 1.0000 1.0000 1.0000
v -0.217983 -0.334142 1.125958 1.0000 1.0000 1.0000
v -0.201182 -0.353168 1.150533 1.0000 1.0000 1.0000
v -0.206100 -0.345427 1.157843 1.0000 1.0000 1.0000
v -0.176092 -0.345476 1.130527 1.0000 1.0000 1.0000
v -0.209309 -0.334492 1.158970 1.0000 1.0000 1.0000
v -0.186453 -0.352274 1.139902 1.0000 1.0000 1.0000
v -0.170468 -0.310560 1.144186 1.0000 1.0000 1.0000
v -0.176332 -0.314879 1.133634 1.0000 1.0000 1.0000
v -0.158080 -0.330664 1.124447 1.0000 1.0000 1.0000
v -0.180609 -0.317284 1.153522 1.0000 1.0000 1.0000
v -0.154571 -0.317802 1.125028 1.0000 1.0000 1.0000
v -0.157389 -0.320534 1.156914 1.0000 1.0000 1.0000
v -0.131492 -0.333702 1.146143 1.0000 1.0000 1.0000
v -0.139659 -0.327021 1.153994 1.0000 1.0000 1.0000
v -0.120516 -0.333377 1.134675 1.0000 1.0000 1.0000
v -0.100286 -0.293063 1.144470 1.0000 1.0000 1.0000
v -0.100755 -0.292120 1.125187 1.0000 1.0000 1.0000
v -0.096179 -0.299765 1.117485 1.0000 1.0000 1.0000
v -0.082441 -0.316889 1.119197 1.0000 1.0000 1.0000
v -0.097269 -0.301771 1.148723 1.0000 1.0000 1.0000
v -0.071486 -0.303235 1.111743 1.0000 1.0000 1.0000
v -0.086015 -0.309657 1.145294 1.0000 1.0000 1.0000
v -0.072594 -0.279335 1.129330 1.0000 1.0000 1.0000
v -0.070760 -0.313640 1.135392 1.0000 1.0000 1.0000
v -0.053009 -0.310550 1.121544 1.0000 1.0000 1.0000
v -0.043708 -0.281273 1.105606 1.0000 1.0000 1.0000
v -0.013012 -0.260379 1.103493 1.0000 1.0000 1.0000
v -0.028060 -0.288562 1.130674 1.0000 1.0000 1.0000
v -0.032171 -0.278232 1.132647 1.0000 1.0000 1.0000
v 0.000287 -0.255755 1.117536 1.0000 1.0000 1.0000
v 0.020753 -0.277974 1.090141 1.0000 1.0000 1.0000
v -0.012747 -0.291945 1.119464 1.0000 1.0000 1.0000
v -0.004173 -0.277928 1.092961 1.0000 1.0000 1.0000
v -0.001162 -0.252076 1.108500 1.0000 1.0000 1.0000
v 0.012805 -0.259122 1.087817 1.0000 1.0000 1.0000
v 0.044434 -0.271934 1.089928 1.0000 1.0000 1.0000
v 0.022621 -0.256069 1.113868 1.0000 1.0000 1.0000
v 0.037967 -0.261533 1.107323 1.0000 1.0000 1.0000
v 0.049437 -0.266042 1.096472 1.0000 1.0000 1.0000
v 0.052877 -0.253948 1.071387 1.0000 1.0000 1.0000
v 0.070740 -0.221027 1.079462 1.0000 1.0000 1.0000
v 0.073327 -0.232733 1.062807 1.0000 1.0000 1.0000
v 0.080052 -0.220155 1.065830 1.0000 1.0000 1.0000
v 0.088528 -0.226744 1.085322 1.0000 1.0000 1.0000
v 0.120264 -0.201803 1.064296 1.0000 1.0000 1.0000
v 0.104222 -0.231331 1.077012 1.0000 1.0000 1.0000
v 0.131221 -0.217388 1.033647 1.0000 1.0000 1.0000
v 0.121849 -0.231898 1.043904 1.0000 1.0000 1.0000
v 0.108188 -0.238992 1.068994 1.0000 1.0000 1.0000
v 0.130263 -0.205509 1.033922 1.0000 1.0000 1.0000
v 0.168067 -0.212834 1.027236 1.0000 1.0000 1.0000
v 0.146287 -0.184314 1.039814 1.0000 1.0000 1.0000
v 0.161998 -0.179727 1.021470 1.0000 1.0000 1.0000
v 0.173820 -0.206065 1.032239 1.0000 1.0000 1.0000
v 0.161737 -0.190397 1.045176 1.0000 1.0000 1.0000
v 0.188222 -0.188779 1.029059 1.0000 1.0000 1.0000
v 0.211163 -0.162984 0.984286 1.0000 1.0000 1.0000
v 0.214627 -0.183521 0.987859 1.0000 1.0000 1.0000
v 0.216310 -0.172228 0.980479 1.0000 1.0000 1.0000
v 0.239055 -0.137900 0.988151 1.0000 1.0000 1.0000
v 0.231468 -0.138104 0.984347 1.0000 1.0000 1.0000
v 0.241049 -0.146863 0.992400 1.0000 1.0000 1.0000
v 0.235309 -0.172147 0.990951 1.0000 1.0000 1.0000
v 0.260004 -0.124944 0.954043 1.0000 1.0000 1.0000
v 0.275134 -0.152478 0.952441 1.0000 1.0000 1.0000
v 0.274662 -0.139275 0.966938 1.0000 1.0000 1.0000
v 0.278796 -0.135600 0.933690 1.0000 1.0000 1.0000
v 0.292012 -0.138571 0.947735 1.0000 1.0000 1.0000
v 0.294047 -0.113709 0.920683 1.0000 1.0000 1.0000
v 0.301871 -0.131722 0.921063 1.0000 1.0000 1.0000
v 0.325432 -0.095026 0.923910 1.0000 1.0000 1.0000
v 0.311079 -0.089508 0.920425 1.0000 1.0000 1.0000
v 0.343123 -0.073114 0.901772 1.0000 1.0000 1.0000
v 0.339599 -0.097004 0.881559 1.0000 1.0000 1.0000
v 0.337633 -0.099589 0.913588 1.0000 1.0000 1.0000
v 0.364461 -0.095329 0.874857 1.0000 1.0000 1.0000
v 0.350879 -0.100778 0.896316 1.0000 1.0000 1.0000
v 0.344699 -0.070950 0.880908 1.0000 1.0000 1.0000
v 0.370465 -0.063558 0.851493 1.0000 1.0000 1.0000
v 0.385683 -0.076381 0.844422 1.0000 1.0000 1.0000
v 0.381042 -0.042611 0.854885 1.0000 1.0000 1.0000
v 0.408368 -0.051175 0.845094 1.0000 1.0000 1.0000
v 0.402962 -0.042184 0.849328 1.0000 1.0000 1.0000
v 0.407816 -0.061502 0.840495 1.0000 1.0000 1.0000
v 0.404768 -0.051881 0.817294 1.0000 1.0000 1.0000
v 0.415769 -0.021003 0.809173 1.0000 1.0000 1.0000
v 0.431691 -0.010291 0.811083 1.0000 1.0000 1.0000
v 0.436347 -0.043955 0.800389 1.0000 1.0000 1.0000
v 0.443031 -0.010368 0.773351 1.0000 1.0000 1.0000
v 0.466154 0.020916 0.760683 1.0000 1.0000 1.0000
v 0.464785 -0.017518 0.757269 1.0000 1.0000 1.0000
v 0.474935 -0.011009 0.765323 1.0000 1.0000 1.0000
v 0.469803 -0.002548 0.743544 1.0000 1.0000 1.0000
v 0.479346 0.015711 0.762816 1.0000 1.0000 1.0000
v 0.491041 0.011934 0.750455 1.0000 1.0000 1.0000
v 0.516224 0.019094 0.704317 1.0000 1.0000 1.0000
v 0.485694 0.033668 0.726239 1.0000 1.0000 1.0000
v 0.508165 0.050532 0.718074 1.0000 1.0000 1.0000
v 0.499539 0.034991 0.703698 1.0000 1.0000 1.0000
v 0.546815 0.050717 0.650819 1.0000 1.0000 1.0000
v 0.552272 0.053640 0.664246 1.0000 1.0000 1.0000
v 0.524981 0.043477 0.671656 1.0000 1.0000 1.0000
v 0.538619 0.065571 0.684651 1.0000 1.0000 1.0000
v 0.538596 0.082219 0.664339 1.0000 1.0000 1.0000
v 0.572559 0.082346 0.638849 1.0000 1.0000 1.0000
v 0.547778 0.087363 0.641084 1.0000 1.0000 1.0000
v 0.549573 0.078904 0.633641 1.0000 1.0000 1.0000
v 0.575285 0.110595 0.621517 1.0000 1.0000 1.0000
v 0.586894 0.100151 0.579753 1.0000 1.0000 1.0000
v 0.596391 0.091895 0.586617 1.0000 1.0000 1.0000
v 0.588305 0.111162 0.610652 1.0000 1.0000 1.0000
v 0.594200 0.134605 0.578476 1.0000 1.0000 1.0000
v 0.602756 0.130005 0.549288 1.0000 1.0000 1.0000
v 0.623948 0.122169 0.551164 1.0000 1.0000 1.0000
v 0.606850 0.144682 0.546297 1.0000 1.0000 1.0000
v 0.625072 0.126650 0.525045 1.0000 1.0000 1.0000
v 0.630521 0.139576 0.543485 1.0000 1.0000 1.0000
v 0.649197 0.185859 0.494802 1.0000 1.0000 1.0000
v 0.648167 0.172401 0.507590 1.0000 1.0000 1.0000
v 0.658969 0.157026 0.476184 1.0000 1.0000 1.0000
v 0.648748 0.165052 0.469270 1.0000 1.0000 1.0000
v 0.651750 0.195705 0.474231 1.0000 1.0000 1.0000
v 0.671264 0.184026 0.467015 1.0000 1.0000 1.0000
v 0.650138 0.181369 0.461095 1.0000 1.0000 1.0000
v 0.675351 0.178317 0.454702 1.0000 1.0000 1.0000
v 0.661332 0.204595 0.442827 1.0000 1.0000 1.0000
v 0.687847 0.197744 0.401398 1.0000 1.0000 1.0000
v 0.695702 0.228269 0.409220 1.0000 1.0000 1.0000
v 0.684882 0.223369 0.386735 1.0000 1.0000 1.0000
v 0.695926 0.222320 0.367925 1.0000 1.0000 1.0000
v 0.706297 0.214275 0.374808 1.0000 1.0000 1.0000
v 0.714824 0.237601 0.371734 1.0000 1.0000 1.0000
v 0.714377 0.226615 0.368672 1.0000 1.0000 1.0000
v 0.698910 0.253924 0.370592 1.0000 1.0000 1.0000
v 0.719236 0.273230 0.338856 1.0000 1.0000 1.0000
v 0.714412 0.273586 0.318439 1.0000 1.0000 1.0000
v 0.736799 0.283722 0.308365 1.0000 1.0000 1.0000
v 0.723748 0.277033 0.288622 1.0000 1.0000 1.0000
v 0.729476 0.254492 0.297944 1.0000 1.0000 1.0000
v 0.748645 0.273957 0.265202 1.0000 1.0000 1.0000
v 0.747984 0.274192 0.281209 1.0000 1.0000 1.0000
v 0.728584 0.268605 0.282814 1.0000 1.0000 1.0000
v 0.756401 0.297761 0.260627 1.0000 1.0000 1.0000
v 0.742441 0.317594 0.252736 1.0000 1.0000 1.0000
v 0.761255 0.305311 0.202213 1.0000 1.0000 1.0000
v 0.753417 0.309220 0.205989 1.0000 1.0000 1.0000
v 0.764854 0.346421 0.200895 1.0000 1.0000 1.0000
v 0.752482 0.335661 0.201087 1.0000 1.0000 1.0000
v 0.782352 0.332734 0.169668 1.0000 1.0000 1.0000
v 0.770819 0.339992 0.201707 1.0000 1.0000 1.0000
v 0.753304 0.326757 0.194092 1.0000 1.0000 1.0000
v 0.792590 0.355166 0.108382 1.0000 1.0000 1.0000
v 0.787073 0.353399 0.153503 1.0000 1.0000 1.0000
v 0.776383 0.383223 0.125123 1.0000 1.0000 1.0000
v 0.782561 0.369215 0.088275 1.0000 1.0000 1.0000
v 0.772292 0.365790 0.117519 1.0000 1.0000 1.0000
v 0.790496 0.380227 0.122836 1.0000 1.0000 1.0000
v 0.786961 0.358599 0.097555 1.0000 1.0000 1.0000
v 0.775404 0.383855 0.106251 1.0000 1.0000 1.0000
v 0.797598 0.420468 0.053798 1.0000 1.0000 1.0000
v 0.804654 0.383828 0.068008 1.0000 1.0000 1.0000
v 0.807477 0.402119 0.056078 1.0000 1.0000 1.0000
v 0.805309 0.418994 0.044516 1.0000 1.0000 1.0000
v 0.785612 0.401119 0.046044 1.0000 1.0000 1.0000
v 0.805642 0.413785 -0.015286 1.0000 1.0000 1.0000
v 0.793233 0.429837 0.030411 1.0000 1.0000 1.0000
v 0.789097 0.423292 0.025807 1.0000 1.0000 1.0000
v 0.817681 0.425996 -0.018916 1.0000 1.0000 1.0000
v 0.816007 0.430035 -0.045785 1.0000 1.0000 1.0000
v 0.800326 0.429292 -0.036012 1.0000 1.0000 1.0000
v 0.795254 0.437144 -0.029050 1.0000 1.0000 1.0000
v 0.819039 0.443796 -0.030569 1.0000 1.0000 1.0000
v 0.817163 0.466679 -0.055389 1.0000 1.0000 1.0000
v 0.803507 0.478065 -0.071598 1.0000 1.0000 1.0000
v 0.797452 0.460844 -0.053424 1.0000 1.0000 1.0000
v 0.810036 0.475621 -0.062474 1.0000 1.0000 1.0000
v 0.824750 0.473708 -0.121572 1.0000 1.0000 1.0000
v 0.824541 0.483249 -0.115647 1.0000 1.0000 1.0000
v 0.800432 0.484713 -0.132447 1.0000 1.0000 1.0000
v 0.812524 0.466217 -0.128593 1.0000 1.0000 1.0000
v 0.804627 0.466997 -0.117857 1.0000 1.0000 1.0000
v 0.820029 0.493452 -0.185247 1.0000 1.0000 1.0000
v 0.812328 0.515178 -0.149583 1.0000 1.0000 1.0000
v 0.799923 0.509312 -0.160349 1.0000 1.0000 1.0000
v 0.819864 0.508537 -0.147418 1.0000 1.0000 1.0000
v 0.803565 0.525661 -0.177929 1.0000 1.0000 1.0000
v 0.803553 0.498685 -0.189275 1.0000 1.0000 1.0000
v 0.823223 0.519559 -0.197526 1.0000 1.0000 1.0000
v 0.809065 0.510389 -0.229246 1.0000 1.0000 1.0000
v 0.821974 0.518985 -0.224313 1.0000 1.0000 1.0000
v 0.816287 0.541824 -0.223809 1.0000 1.0000 1.0000
v 0.793906 0.532467 -0.242825 1.0000 1.0000 1.0000
v 0.805437 0.558085 -0.249335 1.0000 1.0000 1.0000
v 0.814711 0.556468 -0.284783 1.0000 1.0000 1.0000
v 0.796687 0.529355 -0.261665 1.0000 1.0000 1.0000
v 0.792522 0.569914 -0.283017 1.0000 1.0000 1.0000
v 0.788651 0.558661 -0.276953 1.0000 1.0000 1.0000
v 0.808050 0.541424 -0.299169 1.0000 1.0000 1.0000
v 0.812259 0.550975 -0.301248 1.0000 1.0000 1.0000
v 0.801940 0.583340 -0.324627 1.0000 1.0000 1.0000
v 0.792781 0.553672 -0.335110 1.0000 1.0000 1.0000
v 0.783633 0.558716 -0.334602 1.0000 1.0000 1.0000
v 0.779180 0.566360 -0.326828 1.0000 1.0000 1.0000
v 0.790118 0.592661 -0.335198 1.0000 1.0000 1.0000
v 0.799460 0.575477 -0.363187 1.0000 1.0000 1.0000
v 0.797883 0.588555 -0.365931 1.0000 1.0000 1.0000
v 0.782255 0.583943 -0.408663 1.0000 1.0000 1.0000
v 0.770248 0.590568 -0.358583 1.0000 1.0000 1.0000
v 0.770336 0.605887 -0.375855 1.0000 1.0000 1.0000
v 0.761240 0.590754 -0.391408 1.0000 1.0000 1.0000
v 0.765346 0.582936 -0.398988 1.0000 1.0000 1.0000
v 0.766616 0.587336 -0.425018 1.0000 1.0000 1.0000
v 0.777288 0.616665 -0.412940 1.0000 1.0000 1.0000
v 0.765512 0.623817 -0.418631 1.0000 1.0000 1.0000
v 0.780892 0.598509 -0.425077 1.0000 1.0000 1.0000
v 0.780132 0.610185 -0.424229 1.0000 1.0000 1.0000
v 0.748231 0.614599 -0.424640 1.0000 1.0000 1.0000
v 0.742538 0.632530 -0.450993 1.0000 1.0000 1.0000
v 0.744811 0.601865 -0.452811 1.0000 1.0000 1.0000
v 0.733716 0.615086 -0.461228 1.0000 1.0000 1.0000
v 0.751527 0.622920 -0.496110 1.0000 1.0000 1.0000
v 0.750457 0.634614 -0.495472 1.0000 1.0000 1.0000
v 0.752681 0.637875 -0.474147 1.0000 1.0000 1.0000
v 0.739691 0.608298 -0.486972 1.0000 1.0000 1.0000
v 0.746044 0.613547 -0.495136 1.0000 1.0000 1.0000
v 0.720312 0.655878 -0.515639 1.0000 1.0000 1.0000
v 0.721756 0.633470 -0.481669 1.0000 1.0000 1.0000
v 0.718424 0.618784 -0.505426 1.0000 1.0000 1.0000
v 0.721034 0.656341 -0.533169 1.0000 1.0000 1.0000
v 0.710274 0.651858 -0.512290 1.0000 1.0000 1.0000
v 0.698302 0.629764 -0.558166 1.0000 1.0000 1.0000
v 0.693645 0.636765 -0.532159 1.0000 1.0000 1.0000
v 0.709633 0.632573 -0.558087 1.0000 1.0000 1.0000
v 0.692326 0.648256 -0.531225 1.0000 1.0000 1.0000
v 0.714657 0.641815 -0.559020 1.0000 1.0000 1.0000
v 0.711440 0.654256 -0.561261 1.0000 1.0000 1.0000
v 0.687654 0.632517 -0.553380 1.0000 1.0000 1.0000
v 0.674212 0.666265 -0.564722 1.0000 1.0000 1.0000
v 0.683734 0.670484 -0.585707 1.0000 1.0000 1.0000
v 0.675788 0.654766 -0.609774 1.0000 1.0000 1.0000
v 0.662803 0.676430 -0.593839 1.0000 1.0000 1.0000
v 0.674147 0.666236 -0.608957 1.0000 1.0000 1.0000
v 0.658465 0.659465 -0.575276 1.0000 1.0000 1.0000
v 0.655723 0.649039 -0.580870 1.0000 1.0000 1.0000
v 0.643921 0.644913 -0.605620 1.0000 1.0000 1.0000
v 0.652854 0.649164 -0.627024 1.0000 1.0000 1.0000
v 0.638407 0.645325 -0.626552 1.0000 1.0000 1.0000
v 0.636533 0.681237 -0.636220 1.0000 1.0000 1.0000
v 0.616546 0.679090 -0.625741 1.0000 1.0000 1.0000
v 0.620690 0.667490 -0.614407 1.0000 1.0000 1.0000
v 0.610746 0.657841 -0.625778 1.0000 1.0000 1.0000
v 0.624877 0.675358 -0.656992 1.0000 1.0000 1.0000
v 0.621792 0.664468 -0.661758 1.0000 1.0000 1.0000
v 0.608878 0.685741 -0.644907 1.0000 1.0000 1.0000
v 0.594033 0.651786 -0.648976 1.0000 1.0000 1.0000
v 0.577300 0.651665 -0.675011 1.0000 1.0000 1.0000
v 0.587716 0.656674 -0.680360 1.0000 1.0000 1.0000
v 0.561460 0.672835 -0.659782 1.0000 1.0000 1.0000
v 0.585810 0.686139 -0.675641 1.0000 1.0000 1.0000
v 0.559804 0.661402 -0.662241 1.0000 1.0000 1.0000
v 0.570524 0.678720 -0.695005 1.0000 1.0000 1.0000
v 0.550567 0.683286 -0.672143 1.0000 1.0000 1.0000
v 0.571357 0.667384 -0.696466 1.0000 1.0000 1.0000
v 0.552789 0.688594 -0.682756 1.0000 1.0000 1.0000
v 0.544676 0.653610 -0.680618 1.0000 1.0000 1.0000
v 0.532911 0.686430 -0.706137 1.0000 1.0000 1.0000
v 0.512619 0.660768 -0.687494 1.0000 1.0000 1.0000
v 0.522950 0.656214 -0.715674 1.0000 1.0000 1.0000
v 0.528526 0.666556 -0.718754 1.0000 1.0000 1.0000
v 0.517235 0.650740 -0.706648 1.0000 1.0000 1.0000
v 0.528778 0.677895 -0.716586 1.0000 1.0000 1.0000
v 0.500944 0.671440 -0.690430 1.0000 1.0000 1.0000
v 0.479669 0.684973 -0.715696 1.0000 1.0000 1.0000
v 0.491974 0.680972 -0.699852 1.0000 1.0000 1.0000
v 0.476833 0.649850 -0.710411 1.0000 1.0000 1.0000
v 0.480930 0.674169 -0.735111 1.0000 1.0000 1.0000
v 0.465271 0.660951 -0.741730 1.0000 1.0000 1.0000
v 0.475671 0.681996 -0.728188 1.0000 1.0000 1.0000
v 0.459469 0.656142 -0.706870 1.0000 1.0000 1.0000
v 0.457824 0.645204 -0.727616 1.0000 1.0000 1.0000
v 0.459672 0.650084 -0.737485 1.0000 1.0000 1.0000
v 0.447644 0.666172 -0.708569 1.0000 1.0000 1.0000
v 0.409498 0.670570 -0.722888 1.0000 1.0000 1.0000
v 0.409258 0.672273 -0.743724 1.0000 1.0000 1.0000
v 0.410196 0.648838 -0.718197 1.0000 1.0000 1.0000
v 0.407779 0.663244 -0.751746 1.0000 1.0000 1.0000
v 0.405703 0.639340 -0.726845 1.0000 1.0000 1.0000
v 0.381483 0.669637 -0.736522 1.0000 1.0000 1.0000
v 0.385908 0.637407 -0.750548 1.0000 1.0000 1.0000
v 0.394355 0.657452 -0.718984 1.0000 1.0000 1.0000
v 0.371848 0.630050 -0.741995 1.0000 1.0000 1.0000
v 0.397418 0.649487 -0.754183 1.0000 1.0000 1.0000
v 0.355618 0.637814 -0.724188 1.0000 1.0000 1.0000
v 0.350509 0.627691 -0.731787 1.0000 1.0000 1.0000
v 0.329340 0.643263 -0.723761 1.0000 1.0000 1.0000
v 0.346962 0.638173 -0.757211 1.0000 1.0000 1.0000
v 0.335328 0.655926 -0.748684 1.0000 1.0000 1.0000
v 0.319788 0.643028 -0.755947 1.0000 1.0000 1.0000
v 0.313604 0.649011 -0.728522 1.0000 1.0000 1.0000
v 0.297673 0.615359 -0.750790 1.0000 1.0000 1.0000
v 0.298979 0.623384 -0.723725 1.0000 1.0000 1.0000
v 0.275979 0.642760 -0.735663 1.0000 1.0000 1.0000
v 0.276733 0.608065 -0.729326 1.0000 1.0000 1.0000
v 0.287168 0.607974 -0.740182 1.0000 1.0000 1.0000
v 0.281284 0.620330 -0.754197 1.0000 1.0000 1.0000
v 0.276198 0.639521 -0.745205 1.0000 1.0000 1.0000
v 0.257727 0.622910 -0.718459 1.0000 1.0000 1.0000
v 0.244248 0.606882 -0.717560 1.0000 1.0000 1.0000
v 0.213320 0.618495 -0.716602 1.0000 1.0000 1.0000
v 0.245303 0.620642 -0.747719 1.0000 1.0000 1.0000
v 0.199843 0.579474 -0.725496 1.0000 1.0000 1.0000
v 0.188163 0.579430 -0.731953 1.0000 1.0000 1.0000
v 0.219251 0.621123 -0.736048 1.0000 1.0000 1.0000
v 0.202586 0.594198 -0.739962 1.0000 1.0000 1.0000
v 0.191586 0.600688 -0.705917 1.0000 1.0000 1.0000
v 0.179000 0.574981 -0.710240 1.0000 1.0000 1.0000
v 0.187104 0.612952 -0.718926 1.0000 1.0000 1.0000
v 0.188440 0.587613 -0.705817 1.0000 1.0000 1.0000
v 0.180407 0.597887 -0.733284 1.0000 1.0000 1.0000
v 0.164969 0.601301 -0.722211 1.0000 1.0000 1.0000
v 0.114433 0.558610 -0.682533 1.0000 1.0000 1.0000
v 0.111778 0.558662 -0.711511 1.0000 1.0000 1.0000
v 0.100390 0.578584 -0.690782 1.0000 1.0000 1.0000
v 0.109515 0.578351 -0.685144 1.0000 1.0000 1.0000
v 0.120555 0.572990 -0.683879 1.0000 1.0000 1.0000
v 0.110134 0.543841 -0.696207 1.0000 1.0000 1.0000
v 0.114390 0.571492 -0.711344 1.0000 1.0000 1.0000
v 0.106589 0.577688 -0.702204 1.0000 1.0000 1.0000
v 0.096858 0.541458 -0.681421 1.0000 1.0000 1.0000
v 0.064646 0.527925 -0.686167 1.0000 1.0000 1.0000
v 0.063354 0.548011 -0.660158 1.0000 1.0000 1.0000
v 0.055493 0.545402 -0.686090 1.0000 1.0000 1.0000
v 0.026049 0.541237 -0.665938 1.0000 1.0000 1.0000
v 0.035871 0.523147 -0.647369 1.0000 1.0000 1.0000
v 0.016679 0.501002 -0.652919 1.0000 1.0000 1.0000
v 0.033786 0.544219 -0.651364 1.0000 1.0000 1.0000
v 0.036079 0.513612 -0.653300 1.0000 1.0000 1.0000
v 0.023460 0.518092 -0.670404 1.0000 1.0000 1.0000
v 0.016585 0.539954 -0.651484 1.0000 1.0000 1.0000
v 0.002744 0.519098 -0.629555 1.0000 1.0000 1.0000
v 0.000304 0.518723 -0.657443 1.0000 1.0000 1.0000
v -0.017423 0.496561 -0.617865 1.0000 1.0000 1.0000
v -0.038451 0.476001 -0.611075 1.0000 1.0000 1.0000
v -0.037050 0.477288 -0.630076 1.0000 1.0000 1.0000
v -0.048547 0.502718 -0.604822 1.0000 1.0000 1.0000
v -0.034993 0.488311 -0.636650 1.0000 1.0000 1.0000
v -0.077149 0.491329 -0.595420 1.0000 1.0000 1.0000
v -0.047139 0.503822 -0.623403 1.0000 1.0000 1.0000
v -0.058012 0.488262 -0.622094 1.0000 1.0000 1.0000
v -0.061092 0.485604 -0.590528 1.0000 1.0000 1.0000
v -0.087483 0.458747 -0.572676 1.0000 1.0000 1.0000
v -0.100748 0.437932 -0.577871 1.0000 1.0000 1.0000
v -0.096274 0.454562 -0.595621 1.0000 1.0000 1.0000
v -0.108316 0.469804 -0.581712 1.0000 1.0000 1.0000
v -0.133091 0.422797 -0.562200 1.0000 1.0000 1.0000
v -0.112097 0.434434 -0.559512 1.0000 1.0000 1.0000
v -0.115739 0.455556 -0.581400 1.0000 1.0000 1.0000
v -0.134135 0.443719 -0.537916 1.0000 1.0000 1.0000
v -0.129667 0.456544 -0.547158 1.0000 1.0000 1.0000
v -0.159985 0.416309 -0.545887 1.0000 1.0000 1.0000
v -0.203173 0.415126 -0.495849 1.0000 1.0000 1.0000
v -0.166529 0.411021 -0.510380 1.0000 1.0000 1.0000
v -0.182596 0.414682 -0.527578 1.0000 1.0000 1.0000
v -0.178782 0.426973 -0.525538 1.0000 1.0000 1.0000
v -0.170233 0.398743 -0.512377 1.0000 1.0000 1.0000
v -0.214978 0.402779 -0.474883 1.0000 1.0000 1.0000
v -0.217104 0.364727 -0.479573 1.0000 1.0000 1.0000
v -0.231608 0.380920 -0.452278 1.0000 1.0000 1.0000
v -0.225569 0.363098 -0.480684 1.0000 1.0000 1.0000
v -0.225281 0.373819 -0.487578 1.0000 1.0000 1.0000
v -0.242480 0.360499 -0.440100 1.0000 1.0000 1.0000
v -0.252678 0.343345 -0.434840 1.0000 1.0000 1.0000
v -0.240256 0.386181 -0.468879 1.0000 1.0000 1.0000
v -0.247483 0.371126 -0.466654 1.0000 1.0000 1.0000
v -0.300919 0.319664 -0.409002 1.0000 1.0000 1.0000
v -0.299353 0.343802 -0.407338 1.0000 1.0000 1.0000
v -0.314614 0.335850 -0.381229 1.0000 1.0000 1.0000
v -0.325572 0.290121 -0.373720 1.0000 1.0000 1.0000
v -0.303177 0.330841 -0.407882 1.0000 1.0000 1.0000
v -0.302360 0.340330 -0.384365 1.0000 1.0000 1.0000
v -0.316237 0.292386 -0.373542 1.0000 1.0000 1.0000
v -0.307753 0.325210 -0.370513 1.0000 1.0000 1.0000
v -0.320597 0.302289 -0.353853 1.0000 1.0000 1.0000
v -0.345172 0.272553 -0.328547 1.0000 1.0000 1.0000
v -0.352547 0.302369 -0.344600 1.0000 1.0000 1.0000
v -0.362421 0.284217 -0.336938 1.0000 1.0000 1.0000
v -0.362837 0.270624 -0.334156 1.0000 1.0000 1.0000
v -0.368974 0.287344 -0.303336 1.0000 1.0000 1.0000
v -0.370377 0.274958 -0.293357 1.0000 1.0000 1.0000
v -0.398639 0.267147 -0.274848 1.0000 1.0000 1.0000
v -0.373227 0.258987 -0.286621 1.0000 1.0000 1.0000
v -0.409519 0.214189 -0.251141 1.0000 1.0000 1.0000
v -0.403000 0.260058 -0.278359 1.0000 1.0000 1.0000
v -0.427133 0.203232 -0.236541 1.0000 1.0000 1.0000
v -0.412316 0.228070 -0.266827 1.0000 1.0000 1.0000
v -0.426493 0.228957 -0.249402 1.0000 1.0000 1.0000
v -0.407247 0.218782 -0.243221 1.0000 1.0000 1.0000
v -0.417289 0.219876 -0.223944 1.0000 1.0000 1.0000
v -0.449416 0.215585 -0.188119 1.0000 1.0000 1.0000
v -0.433488 0.218410 -0.202403 1.0000 1.0000 1.0000
v -0.455440 0.211942 -0.200261 1.0000 1.0000 1.0000
v -0.483687 0.187343 -0.144236 1.0000 1.0000 1.0000
v -0.471553 0.172148 -0.175102 1.0000 1.0000 1.0000
v -0.461947 0.166508 -0.157278 1.0000 1.0000 1.0000
v -0.474776 0.163772 -0.130828 1.0000 1.0000 1.0000
v -0.484628 0.172673 -0.156249 1.0000 1.0000 1.0000
v -0.481774 0.143224 -0.133102 1.0000 1.0000 1.0000
v -0.493174 0.158590 -0.102023 1.0000 1.0000 1.0000
v -0.494708 0.135643 -0.123420 1.0000 1.0000 1.0000
v -0.508196 0.158512 -0.110298 1.0000 1.0000 1.0000
v -0.524137 0.136853 -0.054105 1.0000 1.0000 1.0000
v -0.524003 0.115989 -0.079159 1.0000 1.0000 1.0000
v -0.526041 0.128206 -0.080114 1.0000 1.0000 1.0000
v -0.512777 0.111588 -0.062890 1.0000 1.0000 1.0000
v -0.546555 0.069561 -0.004840 1.0000 1.0000 1.0000
v -0.529431 0.102529 -0.024637 1.0000 1.0000 1.0000
v -0.553341 0.068062 -0.005299 1.0000 1.0000 1.0000
v -0.552844 0.109543 -0.009183 1.0000 1.0000 1.0000
v -0.550450 0.110109 -0.026012 1.0000 1.0000 1.0000
v -0.542608 0.101162 -0.001623 1.0000 1.0000 1.0000
v -0.565328 0.081357 0.002531 1.0000 1.0000 1.0000
v -0.570138 0.060197 0.019752 1.0000 1.0000 1.0000
v -0.549424 0.066981 0.016225 1.0000 1.0000 1.0000
v -0.569036 0.081179 0.045114 1.0000 1.0000 1.0000
v -0.588065 0.061953 0.060498 1.0000 1.0000 1.0000
v -0.563809 0.058285 0.054943 1.0000 1.0000 1.0000
v -0.581365 0.049574 0.091911 1.0000 1.0000 1.0000
v -0.606388 0.037076 0.122712 1.0000 1.0000 1.0000
v -0.607576 0.023324 0.108510 1.0000 1.0000 1.0000
v -0.584642 0.018085 0.105731 1.0000 1.0000 1.0000
v -0.610863 -0.013861 0.145494 1.0000 1.0000 1.0000
v -0.604854 0.029635 0.140199 1.0000 1.0000 1.0000
v -0.590506 0.019549 0.126523 1.0000 1.0000 1.0000
v -0.598436 -0.004122 0.130706 1.0000 1.0000 1.0000
v -0.603613 0.012686 0.107143 1.0000 1.0000 1.0000
v -0.625711 0.004895 0.166880 1.0000 1.0000 1.0000
v -0.632091 -0.033975 0.195432 1.0000 1.0000 1.0000
v -0.617171 -0.007909 0.200276 1.0000 1.0000 1.0000
v -0.612061 -0.027187 0.191511 1.0000 1.0000 1.0000
v -0.616970 -0.025411 0.212144 1.0000 1.0000 1.0000
v -0.644877 -0.040261 0.229672 1.0000 1.0000 1.0000
v -0.636201 -0.072886 0.263182 1.0000 1.0000 1.0000
v -0.645224 -0.043882 0.281833 1.0000 1.0000 1.0000
v -0.652770 -0.046784 0.284085 1.0000 1.0000 1.0000
v -0.648957 -0.038328 0.250423 1.0000 1.0000 1.0000
v -0.631849 -0.066568 0.268412 1.0000 1.0000 1.0000
v -0.646378 -0.082543 0.279048 1.0000 1.0000 1.0000
v -0.640657 -0.056236 0.295095 1.0000 1.0000 1.0000
v -0.640342 -0.075616 0.311222 1.0000 1.0000 1.0000
v -0.663544 -0.102099 0.330012 1.0000 1.0000 1.0000
v -0.667146 -0.080196 0.333781 1.0000 1.0000 1.0000
v -0.666316 -0.089188 0.326978 1.0000 1.0000 1.0000
v -0.650480 -0.115484 0.367272 1.0000 1.0000 1.0000
v -0.658450 -0.106844 0.398202 1.0000 1.0000 1.0000
v -0.669572 -0.151577 0.420302 1.0000 1.0000 1.0000
v -0.660973 -0.145601 0.411774 1.0000 1.0000 1.0000
v -0.677766 -0.124944 0.400454 1.0000 1.0000 1.0000
v -0.678622 -0.126478 0.447670 1.0000 1.0000 1.0000
v -0.668117 -0.111985 0.421176 1.0000 1.0000 1.0000
v -0.653574 -0.116677 0.395556 1.0000 1.0000 1.0000
v -0.683451 -0.137413 0.452499 1.0000 1.0000 1.0000
v -0.679402 -0.162910 0.457013 1.0000 1.0000 1.0000
v -0.660256 -0.149641 0.465472 1.0000 1.0000 1.0000
v -0.659613 -0.157017 0.454961 1.0000 1.0000 1.0000
v -0.685947 -0.167462 0.490879 1.0000 1.0000 1.0000
v -0.667527 -0.165606 0.524423 1.0000 1.0000 1.0000
v -0.674756 -0.158659 0.521753 1.0000 1.0000 1.0000
v -0.666796 -0.191849 0.511856 1.0000 1.0000 1.0000
v -0.662497 -0.194293 0.536643 1.0000 1.0000 1.0000
v -0.662373 -0.184486 0.542151 1.0000 1.0000 1.0000
v -0.674562 -0.213344 0.555533 1.0000 1.0000 1.0000
v -0.682233 -0.206826 0.553564 1.0000 1.0000 1.0000
v -0.687098 -0.185484 0.557870 1.0000 1.0000 1.0000
v -0.682152 -0.187648 0.582385 1.0000 1.0000 1.0000
v -0.686367 -0.208462 0.582264 1.0000 1.0000 1.0000
v -0.664526 -0.232806 0.604657 1.0000 1.0000 1.0000
v -0.671172 -0.208525 0.635199 1.0000 1.0000 1.0000
v -0.659448 -0.213227 0.608019 1.0000 1.0000 1.0000
v -0.681300 -0.229447 0.659376 1.0000 1.0000 1.0000
v -0.662856 -0.212463 0.631755 1.0000 1.0000 1.0000
v -0.658548 -0.228250 0.614741 1.0000 1.0000 1.0000
v -0.678130 -0.239781 0.629513 1.0000 1.0000 1.0000
v -0.668540 -0.250867 0.642764 1.0000 1.0000 1.0000
v -0.678765 -0.247776 0.674387 1.0000 1.0000 1.0000
v -0.674894 -0.224541 0.668902 1.0000 1.0000 1.0000
v -0.651157 -0.243148 0.679537 1.0000 1.0000 1.0000
v -0.650680 -0.254666 0.678190 1.0000 1.0000 1.0000
v -0.669747 -0.266685 0.694339 1.0000 1.0000 1.0000
v -0.652409 -0.270546 0.695793 1.0000 1.0000 1.0000
v -0.648557 -0.250738 0.725313 1.0000 1.0000 1.0000
v -0.650285 -0.293786 0.748916 1.0000 1.0000 1.0000
v -0.658839 -0.260758 0.758846 1.0000 1.0000 1.0000
v -0.654136 -0.251322 0.740397 1.0000 1.0000 1.0000
v -0.663671 -0.268905 0.757439 1.0000 1.0000 1.0000
v -0.661234 -0.283512 0.764083 1.0000 1.0000 1.0000
v -0.635592 -0.282829 0.749591 1.0000 1.0000 1.0000
v -0.656868 -0.291107 0.756142 1.0000 1.0000 1.0000
v -0.636984 -0.269670 0.746758 1.0000 1.0000 1.0000
v -0.633830 -0.300948 0.774159 1.0000 1.0000 1.0000
v -0.627793 -0.284947 0.830321 1.0000 1.0000 1.0000
v -0.627694 -0.279259 0.800754 1.0000 1.0000 1.0000
v -0.620045 -0.290783 0.803444 1.0000 1.0000 1.0000
v -0.638381 -0.314221 0.818166 1.0000 1.0000 1.0000
v -0.645616 -0.292199 0.819624 1.0000 1.0000 1.0000
v -0.642421 -0.306429 0.825852 1.0000 1.0000 1.0000
v -0.616811 -0.304783 0.809190 1.0000 1.0000 1.0000
v -0.622365 -0.300653 0.868466 1.0000 1.0000 1.0000
v -0.614235 -0.331769 0.854029 1.0000 1.0000 1.0000
v -0.599117 -0.333249 0.865822 1.0000 1.0000 1.0000
v -0.624338 -0.311490 0.874674 1.0000 1.0000 1.0000
v -0.605703 -0.299238 0.857741 1.0000 1.0000 1.0000
v -0.621883 -0.324223 0.877142 1.0000 1.0000 1.0000
v -0.590006 -0.315498 0.875532 1.0000 1.0000 1.0000
v -0.596436 -0.321769 0.858582 1.0000 1.0000 1.0000
v -0.613479 -0.335232 0.879092 1.0000 1.0000 1.0000
v -0.595691 -0.308559 0.901100 1.0000 1.0000 1.0000
v -0.594151 -0.341310 0.930888 1.0000 1.0000 1.0000
v -0.598749 -0.327753 0.925377 1.0000 1.0000 1.0000
v -0.572258 -0.319632 0.922082 1.0000 1.0000 1.0000
v -0.562083 -0.341552 0.922071 1.0000 1.0000 1.0000
v -0.582150 -0.351679 0.916527 1.0000 1.0000 1.0000
v -0.586872 -0.350760 0.928726 1.0000 1.0000 1.0000
v -0.573850 -0.328079 0.956979 1.0000 1.0000 1.0000
v -0.558057 -0.354706 0.936811 1.0000 1.0000 1.0000
v -0.560332 -0.325742 0.959340 1.0000 1.0000 1.0000
v -0.552136 -0.334417 0.939062 1.0000 1.0000 1.0000
v -0.569249 -0.341198 0.971976 1.0000 1.0000 1.0000
v -0.540172 -0.368704 0.978127 1.0000 1.0000 1.0000
v -0.552357 -0.364907 0.979706 1.0000 1.0000 1.0000
v -0.563858 -0.354176 0.976638 1.0000 1.0000 1.0000
v -0.521610 -0.337807 0.991115 1.0000 1.0000 1.0000
v -0.518700 -0.356385 0.979563 1.0000 1.0000 1.0000
v -0.515429 -0.368407 0.991348 1.0000 1.0000 1.0000
v -0.520156 -0.344773 0.980149 1.0000 1.0000 1.0000
v -0.532014 -0.363569 1.015499 1.0000 1.0000 1.0000
v -0.533597 -0.352025 1.016178 1.0000 1.0000 1.0000
v -0.508464 -0.347011 1.035979 1.0000 1.0000 1.0000
v -0.500966 -0.341892 1.028745 1.0000 1.0000 1.0000
v -0.512836 -0.374834 1.024068 1.0000 1.0000 1.0000
v -0.489280 -0.351428 1.012348 1.0000 1.0000 1.0000
v -0.482945 -0.363666 1.015899 1.0000 1.0000 1.0000
v -0.485889 -0.380165 1.034202 1.0000 1.0000 1.0000
v -0.487157 -0.371595 1.058605 1.0000 1.0000 1.0000
v -0.493913 -0.359410 1.054951 1.0000 1.0000 1.0000
v -0.456613 -0.377727 1.045181 1.0000 1.0000 1.0000
v -0.471132 -0.346575 1.039038 1.0000 1.0000 1.0000
v -0.474094 -0.380543 1.058565 1.0000 1.0000 1.0000
v -0.453375 -0.355993 1.042696 1.0000 1.0000 1.0000
v -0.446430 -0.367804 1.045636 1.0000 1.0000 1.0000
v -0.420833 -0.385112 1.081761 1.0000 1.0000 1.0000
v -0.455570 -0.362845 1.084142 1.0000 1.0000 1.0000
v -0.418325 -0.348556 1.090011 1.0000 1.0000 1.0000
v -0.442755 -0.353075 1.086402 1.0000 1.0000 1.0000
v -0.425796 -0.349746 1.071429 1.0000 1.0000 1.0000
v -0.438301 -0.374865 1.093328 1.0000 1.0000 1.0000
v -0.437302 -0.382764 1.084177 1.0000 1.0000 1.0000
v -0.419844 -0.357658 1.065233 1.0000 1.0000 1.0000
v -0.393554 -0.379383 1.084269 1.0000 1.0000 1.0000
v -0.414244 -0.363732 1.109182 1.0000 1.0000 1.0000
v 0.085659 0.959550 0.097305 0.9725 0.9611 0.9153
v 0.087848 0.954441 0.102966 0.9725 0.9611 0.9153
v 0.086647 0.963794 0.102932 0.9725 0.9611 0.9153
v 0.089879 0.947184 0.101398 0.9725 0.9611 0.9153
v 0.088111 0.949229 0.094577 0.9725 0.9611 0.9153
v 0.092508 0.950126 0.107933 0.9725 0.9611 0.9153
v 0.094635 0.941347 0.102215 0.9725 0.9611 0.9153
v 0.092331 0.942016 0.097297 0.9725 0.9611 0.9153
v 0.100936 0.936999 0.094646 0.9725 0.9611 0.9153
v 0.101642 0.938221 0.100060 0.9725 0.9611 0.9153
v 0.097990 0.942150 0.105443 0.9725 0.9611 0.9153
v 0.106875 0.939848 0.101146 0.9725 0.9611 0.9153
v 0.109197 0.939158 0.096069 0.9725 0.9611 0.9153
v 0.108950 0.939591 0.086435 0.9725 0.9611 0.9153
v 0.114785 0.942862 0.088658 0.9725 0.9611 0.9153
v 0.115348 0.944944 0.096380 0.9725 0.9611 0.9153
v 0.121441 0.952122 0.092107 0.9725 0.9611 0.9153
v 0.121474 0.951405 0.085071 0.9725 0.9611 0.9153
v 0.125884 0.960734 0.087629 0.9725 0.9611 0.9153
v 0.129062 0.972151 0.087183 0.9725 0.9611 0.9153
v 0.127387 0.965286 0.079532 0.9725 0.9611 0.9153
v 0.127181 0.970243 0.072986 0.9725 0.9611 0.9153
v 0.130062 0.976964 0.077581 0.9725 0.9611 0.9153
v 0.129882 0.984462 0.087404 0.9725 0.9611 0.9153
v 0.130842 0.986339 0.079892 0.9725 0.9611 0.9153
v 0.129891 0.987584 0.072726 0.9725 0.9611 0.9153
v 0.129603 0.997327 0.076136 0.9725 0.9611 0.9153
v 0.129177 0.997954 0.082866 0.9725 0.9611 0.9153
v 0.128727 0.995376 0.070644 0.9725 0.9611 0.9153
v 0.126266 1.004821 0.071634 0.9725 0.9611 0.9153
v 0.123458 1.001503 0.065314 0.9725 0.9611 0.9153
v 0.119705 1.006575 0.065549 0.9725 0.9611 0.9153
v 0.122234 1.010913 0.072572 0.9725 0.9611 0.9153
v 0.118855 1.012954 0.072448 0.9725 0.9611 0.9153
v 0.112816 1.014361 0.073686 0.9725 0.9611 0.9153
v 0.115374 1.010642 0.068148 0.9725 0.9611 0.9153
v 0.112564 1.004031 0.063720 0.9725 0.9611 0.9153
v 0.107283 1.013359 0.076958 0.9725 0.9611 0.9153
v 0.099310 1.007667 0.082374 0.9725 0.9611 0.9153
v 0.093792 1.000107 0.087236 0.9725 0.9611 0.9153
v 0.096115 1.000500 0.076471 0.9725 0.9611 0.9153
v 0.095876 1.001424 0.093775 0.9725 0.9611 0.9153
v 0.089667 0.990343 0.093754 0.9725 0.9611 0.9153
v 0.092550 0.987436 0.103288 0.9725 0.9611 0.9153
v 0.097755 0.998769 0.099826 0.9725 0.9611 0.9153
v 0.087598 0.978351 0.100774 0.9725 0.9611 0.9153
v 0.091507 0.978388 0.106995 0.9725 0.9611 0.9153
v 0.097147 0.986566 0.107842 0.9725 0.9611 0.9153
v 0.089213 0.968551 0.106994 0.9725 0.9611 0.9153
v 0.101890 0.984193 0.110284 0.9725 0.9611 0.9153
v 0.098391 0.974015 0.112353 0.9725 0.9611 0.9153
v 0.093141 0.966701 0.111039 0.9725 0.9611 0.9153
v 0.105786 0.969512 0.113089 0.9725 0.9611 0.9153
v 0.096926 0.961366 0.112859 0.9725 0.9611 0.9153
v 0.101758 0.958836 0.113143 0.9725 0.9611 0.9153
v 0.104808 0.958099 0.112793 0.9725 0.9611 0.9153
v 0.109579 0.953252 0.109530 0.9725 0.9611 0.9153
v 0.103203 0.945584 0.108266 0.9725 0.9611 0.9153
v 0.115393 0.955219 0.105843 0.9725 0.9611 0.9153
v 0.123797 0.962510 0.097182 0.9725 0.9611 0.9153
v 0.117951 0.965631 0.106371 0.9725 0.9611 0.9153
v 0.125564 0.971967 0.097322 0.9725 0.9611 0.9153
v 0.117115 0.949889 0.100096 0.9725 0.9611 0.9153
v 0.109021 0.944575 0.104734 0.9725 0.9611 0.9153
v 0.098195 0.948405 0.110000 0.9725 0.9611 0.9153
v 0.091237 0.955735 0.108741 0.9725 0.9611 0.9153
v 0.086794 0.979639 0.095969 0.9725 0.9611 0.9153
v 0.085528 0.974922 0.091224 0.9725 0.9611 0.9153
v 0.089587 0.989887 0.084914 0.9725 0.9611 0.9153
v 0.089071 0.980864 0.079267 0.9725 0.9611 0.9153
v 0.094486 0.990092 0.072401 0.9725 0.9611 0.9153
v 0.102501 0.997607 0.066102 0.9725 0.9611 0.9153
v 0.095296 0.975542 0.069371 0.9725 0.9611 0.9153
v 0.099799 0.984176 0.065450 0.9725 0.9611 0.9153
v 0.093928 0.961218 0.073777 0.9725 0.9611 0.9153
v 0.100704 0.961960 0.068057 0.9725 0.9611 0.9153
v 0.103566 0.975080 0.063499 0.9725 0.9611 0.9153
v 0.108828 0.972814 0.062049 0.9725 0.9611 0.9153
v 0.107501 0.951265 0.071574 0.9725 0.9611 0.9153
v 0.112084 0.966168 0.063708 0.9725 0.9611 0.9153
v 0.116971 0.961400 0.067106 0.9725 0.9611 0.9153
v 0.113961 0.948600 0.075646 0.9725 0.9611 0.9153
v 0.115819 0.946101 0.081363 0.9725 0.9611 0.9153
v 0.122791 0.956399 0.077567 0.9725 0.9611 0.9153
v 0.121928 0.961682 0.070762 0.9725 0.9611 0.9153
v 0.121152 0.974914 0.063615 0.9725 0.9611 0.9153
v 0.123412 0.984358 0.063129 0.9725 0.9611 0.9153
v 0.117045 0.984798 0.060285 0.9725 0.9611 0.9153
v 0.113146 0.988200 0.060114 0.9725 0.9611 0.9153
v 0.119955 0.996033 0.061746 0.9725 0.9611 0.9153
v 0.114032 0.997228 0.061238 0.9725 0.9611 0.9153
v 0.107257 0.991001 0.061646 0.9725 0.9611 0.9153
v 0.103809 1.008783 0.072986 0.9725 0.9611 0.9153
v 0.108458 1.007892 0.067808 0.9725 0.9611 0.9153
v 0.125694 0.994074 0.065284 0.9725 0.9611 0.9153
v 0.127443 0.980385 0.068079 0.9725 0.9611 0.9153
v 0.103358 0.938836 0.086062 0.9725 0.9611 0.9153
v 0.104847 0.943858 0.078466 0.9725 0.9611 0.9153
v 0.094743 0.940812 0.089797 0.9725 0.9611 0.9153
v 0.098244 0.943630 0.081641 0.9725 0.9611 0.9153
v 0.098727 0.951051 0.074827 0.9725 0.9611 0.9153
v 0.092245 0.945741 0.086017 0.9725 0.9611 0.9153
v 0.089417 0.955125 0.082802 0.9725 0.9611 0.9153
v 0.089234 0.965634 0.078843 0.9725 0.9611 0.9153
v 0.085804 0.966337 0.088012 0.9725 0.9611 0.9153
v 0.086479 0.956168 0.091261 0.9725 0.9611 0.9153
v 0.127170 0.985440 0.094116 0.9725 0.9611 0.9153
v 0.126826 0.993333 0.092612 0.9725 0.9611 0.9153
v 0.124915 1.004871 0.087695 0.9725 0.9611 0.9153
v 0.121075 1.004948 0.093030 0.9725 0.9611 0.9153
v 0.120904 0.990428 0.101328 0.9725 0.9611 0.9153
v 0.115309 0.998679 0.101692 0.9725 0.9611 0.9153
v 0.114505 1.010908 0.091666 0.9725 0.9611 0.9153
v 0.114642 1.004648 0.097872 0.9725 0.9611 0.9153
v 0.119163 1.012773 0.084698 0.9725 0.9611 0.9153
v 0.108877 1.007653 0.096189 0.9725 0.9611 0.9153
v 0.102503 1.000317 0.101716 0.9725 0.9611 0.9153
v 0.106118 0.996876 0.104900 0.9725 0.9611 0.9153
v 0.105730 1.009987 0.092290 0.9725 0.9611 0.9153
v 0.103508 1.010926 0.087178 0.9725 0.9611 0.9153
v 0.108406 1.013948 0.084594 0.9725 0.9611 0.9153
v 0.113052 1.015155 0.082592 0.9725 0.9611 0.9153
v 0.118641 1.014266 0.078735 0.9725 0.9611 0.9153
v 0.125401 1.008273 0.078570 0.9725 0.9611 0.9153
v 0.107546 0.978777 0.111666 0.9725 0.9611 0.9153
v 0.115361 0.986819 0.106595 0.9725 0.9611 0.9153
v 0.114676 0.971326 0.109545 0.9725 0.9611 0.9153
v 0.122102 0.979595 0.102417 0.9725 0.9611 0.9153
v 0.109458 0.990512 0.107672 0.9725 0.9611 0.9153
v 0.097312 0.954696 0.101623 0.9725 0.9611 0.9153
v 0.099805 0.955995 0.105913 0.9725 0.9611 0.9153
v 0.098782 0.939954 0.109206 0.9725 0.9611 0.9153
v 0.103818 0.956469 0.107078 0.9725 0.9611 0.9153
v 0.108561 0.956207 0.105435 0.9725 0.9611 0.9153
v 0.110789 0.954609 0.099376 0.9725 0.9611 0.9153
v 0.098849 0.893062 0.122892 0.9725 0.9611 0.9153
v 0.101429 0.886193 0.127307 0.9725 0.9611 0.9153
v 0.104099 0.883683 0.128861 0.9725 0.9611 0.9153
v 0.106985 0.884354 0.128318 0.9725 0.9611 0.9153
v 0.110403 0.855420 0.135042 0.9725 0.9611 0.9153
v 0.111501 0.883891 0.119906 0.9725 0.9611 0.9153
v 0.113555 0.852172 0.127432 0.9725 0.9611 0.9153
v 0.110728 0.853719 0.124093 0.9725 0.9611 0.9153
v 0.106137 0.823592 0.131568 0.9725 0.9611 0.9153
v 0.101615 0.863428 0.122870 0.9725 0.9611 0.9153
v 0.107003 0.815234 0.134842 0.9725 0.9611 0.9153
v 0.103609 0.833735 0.136288 0.9725 0.9611 0.9153
v 0.104674 0.843652 0.137664 0.9725 0.9611 0.9153
v 0.110295 0.830478 0.140445 0.9725 0.9611 0.9153
v 0.115217 0.833345 0.137574 0.9725 0.9611 0.9153
v 0.119352 0.821332 0.136176 0.9725 0.9611 0.9153
v 0.123220 0.807666 0.134498 0.9725 0.9611 0.9153
v 0.123545 0.799554 0.131556 0.9725 0.9611 0.9153
v 0.116105 0.829155 0.129433 0.9725 0.9611 0.9153
v 0.117498 0.803645 0.129972 0.9725 0.9611 0.9153
v 0.124071 0.756550 0.139434 0.9725 0.9611 0.9153
v 0.124481 0.757520 0.136695 0.9725 0.9611 0.9153
v 0.110749 0.801948 0.139055 0.9725 0.9611 0.9153
v 0.126581 0.757437 0.144484 0.9725 0.9611 0.9153
v 0.129893 0.758229 0.145400 0.9725 0.9611 0.9153
v 0.132488 0.759659 0.144847 0.9725 0.9611 0.9153
v 0.136485 0.762360 0.140317 0.9725 0.9611 0.9153
v 0.135510 0.762662 0.134487 0.9725 0.9611 0.9153
v 0.133424 0.762297 0.132798 0.9725 0.9611 0.9153
v 0.138099 0.703295 0.143812 0.9725 0.9611 0.9153
v 0.140372 0.703656 0.148392 0.9725 0.9611 0.9153
v 0.145225 0.705767 0.149621 0.9725 0.9611 0.9153
v 0.149259 0.708091 0.147057 0.9725 0.9611 0.9153
v 0.150941 0.709468 0.143322 0.9725 0.9611 0.9153
v 0.150152 0.709718 0.139337 0.9725 0.9611 0.9153
v 0.147662 0.708899 0.137016 0.9725 0.9611 0.9153
v 0.143843 0.707183 0.136402 0.9725 0.9611 0.9153
v 0.139853 0.704894 0.138921 0.9725 0.9611 0.9153
v 0.124886 0.755630 0.142112 0.9725 0.9611 0.9153
v 0.111392 0.810686 0.130901 0.9725 0.9611 0.9153
v 0.128267 0.759828 0.132743 0.9725 0.9611 0.9153
v 0.130841 0.761326 0.132182 0.9725 0.9611 0.9153
v 0.136550 0.763027 0.136843 0.9725 0.9611 0.9153
v 0.117390 0.812325 0.141927 0.9725 0.9611 0.9153
v 0.118231 0.797077 0.143446 0.9725 0.9611 0.9153
v 0.111853 0.805909 0.141760 0.9725 0.9611 0.9153
v 0.112717 0.829256 0.127732 0.9725 0.9611 0.9153
v 0.116693 0.834420 0.131091 0.9725 0.9611 0.9153
v 0.112995 0.862138 0.128675 0.9725 0.9611 0.9153
v 0.107095 0.854300 0.136211 0.9725 0.9611 0.9153
v 0.100448 0.858765 0.132046 0.9725 0.9611 0.9153
v 0.098231 0.885379 0.121857 0.9725 0.9611 0.9153
v 0.100236 0.853913 0.129117 0.9725 0.9611 0.9153
v 0.105992 0.884963 0.115225 0.9725 0.9611 0.9153
v 0.106935 0.848215 0.124761 0.9725 0.9611 0.9153
v 0.109727 0.885803 0.116787 0.9725 0.9611 0.9153
v 0.111643 0.889381 0.122013 0.9725 0.9611 0.9153
v 0.098481 0.907462 0.112810 0.9725 0.9611 0.9153
v 0.099245 0.953476 0.096906 0.9725 0.9611 0.9153
v 0.102376 0.953113 0.095164 0.9725 0.9611 0.9153
v 0.105506 0.953154 0.094869 0.9725 0.9611 0.9153
v 0.109322 0.937548 0.101038 0.9725 0.9611 0.9153
v 0.110729 0.955333 0.102001 0.9725 0.9611 0.9153
v 0.015323 0.107134 0.068296 0.9725 0.9611 0.9153
v 0.017571 0.110384 0.068720 0.9725 0.9611 0.9153
v 0.019096 0.113770 0.066761 0.9725 0.9611 0.9153
v 0.019448 0.116691 0.061663 0.9725 0.9611 0.9153
v 0.017809 0.116112 0.057254 0.9725 0.9611 0.9153
v 0.015622 0.113455 0.055493 0.9725 0.9611 0.9153
v 0.013591 0.109647 0.056778 0.9725 0.9611 0.9153
v 0.012506 0.105964 0.061068 0.9725 0.9611 0.9153
v 0.013547 0.105441 0.065596 0.9725 0.9611 0.9153
v 0.019190 0.103620 0.057995 0.9725 0.9611 0.9153
v 0.023548 0.099393 0.060067 0.9725 0.9611 0.9153
v 0.034980 0.093385 0.063349 0.9725 0.9611 0.9153
v 0.027580 0.100279 0.066379 0.9725 0.9611 0.9153
v 0.030509 0.106208 0.053517 0.9725 0.9611 0.9153
v 0.032391 0.108238 0.061142 0.9725 0.9611 0.9153
v 0.030251 0.103055 0.052997 0.9725 0.9611 0.9153
v 0.030105 0.100015 0.053587 0.9725 0.9611 0.9153
v 0.030824 0.094998 0.062897 0.9725 0.9611 0.9153
v 0.032175 0.095743 0.054610 0.9725 0.9611 0.9153
v 0.033649 0.092230 0.059450 0.9725 0.9611 0.9153
v 0.036765 0.102707 0.063141 0.9725 0.9611 0.9153
v 0.034389 0.099755 0.065389 0.9725 0.9611 0.9153
v 0.040786 0.101548 0.052589 0.9725 0.9611 0.9153
v 0.032986 0.108448 0.057227 0.9725 0.9611 0.9153
v 0.044874 0.095604 0.049290 0.9725 0.9611 0.9153
v 0.047610 0.088824 0.061277 0.9725 0.9611 0.9153
v 0.041745 0.086328 0.054415 0.9725 0.9611 0.9153
v 0.047997 0.097454 0.054418 0.9725 0.9611 0.9153
v 0.044699 0.087931 0.061517 0.9725 0.9611 0.9153
v 0.046374 0.088428 0.047962 0.9725 0.9611 0.9153
v 0.053779 0.087039 0.058513 0.9725 0.9611 0.9153
v 0.048230 0.083451 0.048689 0.9725 0.9611 0.9153
v 0.053879 0.086322 0.045091 0.9725 0.9611 0.9153
v 0.058184 0.088633 0.051428 0.9725 0.9611 0.9153
v 0.058626 0.087456 0.046740 0.9725 0.9611 0.9153
v 0.050028 0.079256 0.054959 0.9725 0.9611 0.9153
v 0.050094 0.093906 0.057865 0.9725 0.9611 0.9153
v 0.068955 0.078726 0.044606 0.9725 0.9611 0.9153
v 0.063270 0.073195 0.040358 0.9725 0.9611 0.9153
v 0.058674 0.071551 0.046742 0.9725 0.9611 0.9153
v 0.065205 0.067304 0.040948 0.9725 0.9611 0.9153
v 0.062164 0.074799 0.054755 0.9725 0.9611 0.9153
v 0.067423 0.065935 0.050450 0.9725 0.9611 0.9153
v 0.062828 0.082578 0.052493 0.9725 0.9611 0.9153
v 0.075863 0.068304 0.035492 0.9725 0.9611 0.9153
v 0.060663 0.069119 0.048513 0.9725 0.9611 0.9153
v 0.071653 0.075327 0.046128 0.9725 0.9611 0.9153
v 0.074027 0.066073 0.034660 0.9725 0.9611 0.9153
v 0.077015 0.066081 0.046450 0.9725 0.9611 0.9153
v 0.070554 0.060348 0.046247 0.9725 0.9611 0.9153
v 0.080148 0.066251 0.035552 0.9725 0.9611 0.9153
v 0.074558 0.065644 0.048381 0.9725 0.9611 0.9153
v 0.088146 0.056319 0.038798 0.9725 0.9611 0.9153
v 0.083008 0.052597 0.042873 0.9725 0.9611 0.9153
v 0.082236 0.047686 0.032634 0.9725 0.9611 0.9153
v 0.089840 0.056341 0.035449 0.9725 0.9611 0.9153
v 0.089120 0.057585 0.032839 0.9725 0.9611 0.9153
v 0.077912 0.051469 0.039066 0.9725 0.9611 0.9153
v 0.088190 0.044088 0.026574 0.9725 0.9611 0.9153
v 0.103084 0.026678 0.027835 0.9725 0.9611 0.9153
v 0.092844 0.042679 0.022803 0.9725 0.9611 0.9153
v 0.095769 0.043937 0.035416 0.9725 0.9611 0.9153
v 0.107473 0.019066 0.017910 0.9725 0.9611 0.9153
v 0.110141 0.030777 0.013709 0.9725 0.9611 0.9153
v 0.103418 0.034794 0.016421 0.9725 0.9611 0.9153
v 0.104296 0.031311 0.029686 0.9725 0.9611 0.9153
v 0.121083 0.021169 0.008900 0.9725 0.9611 0.9153
v 0.112564 0.014383 0.019460 0.9725 0.9611 0.9153
v 0.105432 0.026238 0.027722 0.9725 0.9611 0.9153
v 0.124396 0.018630 0.009726 0.9725 0.9611 0.9153
v 0.140081 0.000735 0.002549 0.9725 0.9611 0.9153
v 0.133394 -0.009469 0.002135 0.9725 0.9611 0.9153
v 0.134447 -0.004635 -0.004908 0.9725 0.9611 0.9153
v 0.133311 -0.007683 -0.002102 0.9725 0.9611 0.9153
v 0.139643 -0.001112 0.005059 0.9725 0.9611 0.9153
v 0.135701 -0.002291 -0.005767 0.9725 0.9611 0.9153
v 0.137863 -0.004896 0.007252 0.9725 0.9611 0.9153
v 0.137496 0.000327 -0.005385 0.9725 0.9611 0.9153
v 0.140066 0.001956 -0.000177 0.9725 0.9611 0.9153
v 0.139001 0.001761 -0.003400 0.9725 0.9611 0.9153
v 0.135094 -0.008613 0.005975 0.9725 0.9611 0.9153
v 0.138441 0.865685 0.064016 0.9725 0.9611 0.9153
v 0.138356 0.871676 0.061152 0.9725 0.9611 0.9153
v 0.138535 0.857303 0.061444 0.9725 0.9611 0.9153
v 0.143367 0.849770 0.057820 0.9725 0.9611 0.9153
v 0.142870 0.854713 0.065355 0.9725 0.9611 0.9153
v 0.145898 0.851521 0.063836 0.9725 0.9611 0.9153
v 0.147833 0.847356 0.055466 0.9725 0.9611 0.9153
v 0.154685 0.847112 0.054435 0.9725 0.9611 0.9153
v 0.153659 0.848952 0.060552 0.9725 0.9611 0.9153
v 0.159609 0.847606 0.048690 0.9725 0.9611 0.9153
v 0.153973 0.847033 0.046335 0.9725 0.9611 0.9153
v 0.163118 0.850291 0.055307 0.9725 0.9611 0.9153
v 0.166156 0.850263 0.045204 0.9725 0.9611 0.9153
v 0.172795 0.855423 0.049039 0.9725 0.9611 0.9153
v 0.173969 0.855664 0.040213 0.9725 0.9611 0.9153
v 0.175168 0.859234 0.031479 0.9725 0.9611 0.9153
v 0.181643 0.864078 0.041408 0.9725 0.9611 0.9153
v 0.184857 0.869260 0.036531 0.9725 0.9611 0.9153
v 0.184603 0.871152 0.028578 0.9725 0.9611 0.9153
v 0.185456 0.872993 0.044988 0.9725 0.9611 0.9153
v 0.187181 0.878767 0.026202 0.9725 0.9611 0.9153
v 0.188418 0.877572 0.035136 0.9725 0.9611 0.9153
v 0.187497 0.884095 0.024424 0.9725 0.9611 0.9153
v 0.189639 0.885587 0.031602 0.9725 0.9611 0.9153
v 0.185438 0.889463 0.021451 0.9725 0.9611 0.9153
v 0.187974 0.892025 0.026445 0.9725 0.9611 0.9153
v 0.184516 0.897933 0.025902 0.9725 0.9611 0.9153
v 0.181778 0.894439 0.020608 0.9725 0.9611 0.9153
v 0.176300 0.892481 0.018180 0.9725 0.9611 0.9153
v 0.178530 0.902823 0.029645 0.9725 0.9611 0.9153
v 0.178459 0.899660 0.023521 0.9725 0.9611 0.9153
v 0.172442 0.902257 0.027697 0.9725 0.9611 0.9153
v 0.171535 0.904201 0.034144 0.9725 0.9611 0.9153
v 0.166178 0.903400 0.039450 0.9725 0.9611 0.9153
v 0.160989 0.899196 0.031513 0.9725 0.9611 0.9153
v 0.159761 0.900341 0.037832 0.9725 0.9611 0.9153
v 0.158185 0.899279 0.048647 0.9725 0.9611 0.9153
v 0.152182 0.895141 0.040912 0.9725 0.9611 0.9153
v 0.154813 0.894334 0.057075 0.9725 0.9611 0.9153
v 0.148349 0.892039 0.048487 0.9725 0.9611 0.9153
v 0.149370 0.886241 0.063144 0.9725 0.9611 0.9153
v 0.148434 0.879689 0.067867 0.9725 0.9611 0.9153
v 0.158026 0.890327 0.063573 0.9725 0.9611 0.9153
v 0.149987 0.875642 0.070407 0.9725 0.9611 0.9153
v 0.161984 0.882001 0.068354 0.9725 0.9611 0.9153
v 0.155658 0.878457 0.070418 0.9725 0.9611 0.9153
v 0.151737 0.867863 0.071963 0.9725 0.9611 0.9153
v 0.152221 0.861624 0.071041 0.9725 0.9611 0.9153
v 0.161240 0.868853 0.070450 0.9725 0.9611 0.9153
v 0.158209 0.859537 0.069059 0.9725 0.9611 0.9153
v 0.176465 0.869315 0.059402 0.9725 0.9611 0.9153
v 0.168453 0.863808 0.064916 0.9725 0.9611 0.9153
v 0.177082 0.863056 0.053699 0.9725 0.9611 0.9153
v 0.170065 0.856106 0.056240 0.9725 0.9611 0.9153
v 0.162374 0.854397 0.062888 0.9725 0.9611 0.9153
v 0.155106 0.852410 0.064816 0.9725 0.9611 0.9153
v 0.149678 0.854452 0.067554 0.9725 0.9611 0.9153
v 0.143723 0.859366 0.068775 0.9725 0.9611 0.9153
v 0.145580 0.866430 0.070554 0.9725 0.9611 0.9153
v 0.143058 0.869170 0.068775 0.9725 0.9611 0.9153
v 0.141821 0.878209 0.062628 0.9725 0.9611 0.9153
v 0.145274 0.886497 0.056765 0.9725 0.9611 0.9153
v 0.140662 0.881018 0.051983 0.9725 0.9611 0.9153
v 0.143278 0.882652 0.040603 0.9725 0.9611 0.9153
v 0.150388 0.887381 0.031165 0.9725 0.9611 0.9153
v 0.156057 0.888844 0.025586 0.9725 0.9611 0.9153
v 0.163770 0.891374 0.021236 0.9725 0.9611 0.9153
v 0.144339 0.874202 0.033609 0.9725 0.9611 0.9153
v 0.151729 0.876709 0.025331 0.9725 0.9611 0.9153
v 0.159574 0.881895 0.020367 0.9725 0.9611 0.9153
v 0.150196 0.864157 0.028317 0.9725 0.9611 0.9153
v 0.156914 0.871489 0.021907 0.9725 0.9611 0.9153
v 0.164680 0.877848 0.017803 0.9725 0.9611 0.9153
v 0.157150 0.864197 0.023969 0.9725 0.9611 0.9153
v 0.163256 0.868764 0.019932 0.9725 0.9611 0.9153
v 0.160478 0.856273 0.028571 0.9725 0.9611 0.9153
v 0.165955 0.861260 0.024068 0.9725 0.9611 0.9153
v 0.174614 0.864716 0.023468 0.9725 0.9611 0.9153
v 0.162510 0.850371 0.037726 0.9725 0.9611 0.9153
v 0.168886 0.855286 0.031842 0.9725 0.9611 0.9153
v 0.180134 0.864188 0.030256 0.9725 0.9611 0.9153
v 0.171761 0.869511 0.019368 0.9725 0.9611 0.9153
v 0.173626 0.877975 0.016588 0.9725 0.9611 0.9153
v 0.181025 0.875761 0.019973 0.9725 0.9611 0.9153
v 0.182943 0.882020 0.019310 0.9725 0.9611 0.9153
v 0.171893 0.884841 0.016430 0.9725 0.9611 0.9153
v 0.179311 0.887402 0.017315 0.9725 0.9611 0.9153
v 0.170716 0.895332 0.020465 0.9725 0.9611 0.9153
v 0.167839 0.887440 0.017715 0.9725 0.9611 0.9153
v 0.166273 0.898158 0.025239 0.9725 0.9611 0.9153
v 0.153277 0.849630 0.038993 0.9725 0.9611 0.9153
v 0.144725 0.849158 0.048822 0.9725 0.9611 0.9153
v 0.148057 0.853806 0.036789 0.9725 0.9611 0.9153
v 0.144652 0.851856 0.043031 0.9725 0.9611 0.9153
v 0.139343 0.853215 0.055226 0.9725 0.9611 0.9153
v 0.138953 0.855935 0.048642 0.9725 0.9611 0.9153
v 0.144861 0.858220 0.036363 0.9725 0.9611 0.9153
v 0.140928 0.858806 0.041591 0.9725 0.9611 0.9153
v 0.152541 0.856264 0.031389 0.9725 0.9611 0.9153
v 0.144907 0.866484 0.032664 0.9725 0.9611 0.9153
v 0.139222 0.870989 0.042292 0.9725 0.9611 0.9153
v 0.138215 0.874818 0.050554 0.9725 0.9611 0.9153
v 0.137686 0.862971 0.046737 0.9725 0.9611 0.9153
v 0.136634 0.867735 0.052915 0.9725 0.9611 0.9153
v 0.136464 0.862242 0.056932 0.9725 0.9611 0.9153
v 0.183728 0.878756 0.051867 0.9725 0.9611 0.9153
v 0.186884 0.887084 0.045907 0.9725 0.9611 0.9153
v 0.188689 0.883034 0.040339 0.9725 0.9611 0.9153
v 0.182583 0.891401 0.051271 0.9725 0.9611 0.9153
v 0.187237 0.894630 0.040140 0.9725 0.9611 0.9153
v 0.184282 0.899728 0.039098 0.9725 0.9611 0.9153
v 0.179379 0.898607 0.048503 0.9725 0.9611 0.9153
v 0.175470 0.894686 0.055854 0.9725 0.9611 0.9153
v 0.168001 0.898076 0.055784 0.9725 0.9611 0.9153
v 0.176699 0.901978 0.045491 0.9725 0.9611 0.9153
v 0.167591 0.901178 0.050572 0.9725 0.9611 0.9153
v 0.165406 0.902462 0.045878 0.9725 0.9611 0.9153
v 0.173307 0.904019 0.041595 0.9725 0.9611 0.9153
v 0.180801 0.903006 0.035093 0.9725 0.9611 0.9153
v 0.186779 0.897265 0.030639 0.9725 0.9611 0.9153
v 0.189595 0.889695 0.033581 0.9725 0.9611 0.9153
v 0.165233 0.890548 0.063269 0.9725 0.9611 0.9153
v 0.161408 0.874619 0.070289 0.9725 0.9611 0.9153
v 0.169465 0.885335 0.064684 0.9725 0.9611 0.9153
v 0.171646 0.875385 0.065101 0.9725 0.9611 0.9153
v 0.178748 0.879863 0.058606 0.9725 0.9611 0.9153
v 0.175603 0.886416 0.060325 0.9725 0.9611 0.9153
v 0.146982 0.864566 0.061546 0.9725 0.9611 0.9153
v 0.148974 0.864894 0.064611 0.9725 0.9611 0.9153
v 0.146363 0.852909 0.071663 0.9725 0.9611 0.9153
v 0.155538 0.862783 0.065859 0.9725 0.9611 0.9153
v 0.158838 0.860482 0.063004 0.9725 0.9611 0.9153
v 0.154099 0.845743 0.067100 0.9725 0.9611 0.9153
v 0.158497 0.858590 0.057328 0.9725 0.9611 0.9153
v 0.150204 0.860907 0.054733 0.9725 0.9611 0.9153
v 0.128750 0.818989 0.084194 0.9725 0.9611 0.9153
v 0.125878 0.805886 0.095647 0.9725 0.9611 0.9153
v 0.130769 0.809861 0.094603 0.9725 0.9611 0.9153
v 0.125614 0.809417 0.092010 0.9725 0.9611 0.9153
v 0.131233 0.801766 0.097780 0.9725 0.9611 0.9153
v 0.131191 0.793918 0.099627 0.9725 0.9611 0.9153
v 0.138374 0.806596 0.089156 0.9725 0.9611 0.9153
v 0.133221 0.793608 0.090811 0.9725 0.9611 0.9153
v 0.130653 0.793861 0.088585 0.9725 0.9611 0.9153
v 0.123076 0.778054 0.094579 0.9725 0.9611 0.9153
v 0.125799 0.772258 0.097386 0.9725 0.9611 0.9153
v 0.118930 0.765313 0.098882 0.9725 0.9611 0.9153
v 0.120027 0.788538 0.093803 0.9725 0.9611 0.9153
v 0.114500 0.769659 0.102708 0.9725 0.9611 0.9153
v 0.118671 0.783392 0.104431 0.9725 0.9611 0.9153
v 0.115880 0.765842 0.110753 0.9725 0.9611 0.9153
v 0.113521 0.763219 0.108593 0.9725 0.9611 0.9153
v 0.121203 0.776728 0.108612 0.9725 0.9611 0.9153
v 0.124454 0.779528 0.107081 0.9725 0.9611 0.9153
v 0.123802 0.760383 0.111198 0.9725 0.9611 0.9153
v 0.125110 0.755323 0.109679 0.9725 0.9611 0.9153
v 0.125537 0.753606 0.107222 0.9725 0.9611 0.9153
v 0.124374 0.745504 0.106167 0.9725 0.9611 0.9153
v 0.122453 0.745210 0.104104 0.9725 0.9611 0.9153
v 0.113849 0.739881 0.105885 0.9725 0.9611 0.9153
v 0.109152 0.701413 0.119440 0.9725 0.9611 0.9153
v 0.111565 0.703973 0.122213 0.9725 0.9611 0.9153
v 0.114625 0.703101 0.123588 0.9725 0.9611 0.9153
v 0.116774 0.744215 0.116641 0.9725 0.9611 0.9153
v 0.118296 0.704438 0.122603 0.9725 0.9611 0.9153
v 0.122359 0.703999 0.118552 0.9725 0.9611 0.9153
v 0.122959 0.704304 0.115711 0.9725 0.9611 0.9153
v 0.122114 0.704635 0.112478 0.9725 0.9611 0.9153
v 0.105656 0.658330 0.125307 0.9725 0.9611 0.9153
v 0.106750 0.658104 0.130682 0.9725 0.9611 0.9153
v 0.111475 0.657899 0.132823 0.9725 0.9611 0.9153
v 0.116518 0.657840 0.130731 0.9725 0.9611 0.9153
v 0.116906 0.658212 0.120295 0.9725 0.9611 0.9153
v 0.112024 0.658376 0.119394 0.9725 0.9611 0.9153
v 0.108089 0.658409 0.121361 0.9725 0.9611 0.9153
v 0.119345 0.657943 0.125866 0.9725 0.9611 0.9153
v 0.109927 0.704161 0.114851 0.9725 0.9611 0.9153
v 0.114671 0.704026 0.110423 0.9725 0.9611 0.9153
v 0.118862 0.703985 0.110268 0.9725 0.9611 0.9153
v 0.120072 0.748101 0.115414 0.9725 0.9611 0.9153
v 0.112727 0.739301 0.115947 0.9725 0.9611 0.9153
v 0.111398 0.745817 0.111470 0.9725 0.9611 0.9153
v 0.111412 0.741000 0.109296 0.9725 0.9611 0.9153
v 0.119058 0.747618 0.102588 0.9725 0.9611 0.9153
v 0.127730 0.771934 0.099769 0.9725 0.9611 0.9153
v 0.130803 0.782859 0.099849 0.9725 0.9611 0.9153
v 0.118682 0.789927 0.099024 0.9725 0.9611 0.9153
v 0.123190 0.802996 0.089747 0.9725 0.9611 0.9153
v 0.127940 0.801608 0.085313 0.9725 0.9611 0.9153
v 0.134399 0.807693 0.081598 0.9725 0.9611 0.9153
v 0.138946 0.809894 0.082803 0.9725 0.9611 0.9153
v 0.147010 0.863236 0.057843 0.9725 0.9611 0.9153
v 0.154567 0.859077 0.054438 0.9725 0.9611 0.9153
v 0.186779 0.844250 0.295453 0.9725 0.9611 0.9153
v 0.191618 0.841786 0.298235 0.9725 0.9611 0.9153
v 0.189625 0.850556 0.304043 0.9725 0.9611 0.9153
v 0.189523 0.832730 0.291256 0.9725 0.9611 0.9153
v 0.184151 0.835376 0.288734 0.9725 0.9611 0.9153
v 0.181390 0.831339 0.287277 0.9725 0.9611 0.9153
v 0.186155 0.825585 0.288387 0.9725 0.9611 0.9153
v 0.182265 0.823894 0.287672 0.9725 0.9611 0.9153
v 0.182437 0.818087 0.292208 0.9725 0.9611 0.9153
v 0.176692 0.828019 0.288785 0.9725 0.9611 0.9153
v 0.177895 0.834031 0.288588 0.9725 0.9611 0.9153
v 0.175735 0.821215 0.293513 0.9725 0.9611 0.9153
v 0.178745 0.816918 0.297909 0.9725 0.9611 0.9153
v 0.177332 0.823411 0.289797 0.9725 0.9611 0.9153
v 0.174942 0.818637 0.304819 0.9725 0.9611 0.9153
v 0.171956 0.824600 0.297384 0.9725 0.9611 0.9153
v 0.170161 0.824922 0.311848 0.9725 0.9611 0.9153
v 0.171387 0.827719 0.327322 0.9725 0.9611 0.9153
v 0.174762 0.820754 0.318383 0.9725 0.9611 0.9153
v 0.169664 0.834372 0.333280 0.9725 0.9611 0.9153
v 0.171676 0.838980 0.342998 0.9725 0.9611 0.9153
v 0.176713 0.831480 0.341551 0.9725 0.9611 0.9153
v 0.176217 0.838934 0.348702 0.9725 0.9611 0.9153
v 0.178491 0.845204 0.355095 0.9725 0.9611 0.9153
v 0.173197 0.848190 0.351456 0.9725 0.9611 0.9153
v 0.183278 0.846114 0.357337 0.9725 0.9611 0.9153
v 0.181587 0.837665 0.351031 0.9725 0.9611 0.9153
v 0.186272 0.854691 0.359355 0.9725 0.9611 0.9153
v 0.180867 0.855132 0.359231 0.9725 0.9611 0.9153
v 0.187325 0.848210 0.357697 0.9725 0.9611 0.9153
v 0.181436 0.861566 0.358082 0.9725 0.9611 0.9153
v 0.190242 0.857104 0.356070 0.9725 0.9611 0.9153
v 0.185199 0.860644 0.358251 0.9725 0.9611 0.9153
v 0.186806 0.863666 0.354890 0.9725 0.9611 0.9153
v 0.189944 0.864403 0.348333 0.9725 0.9611 0.9153
v 0.192364 0.859645 0.351012 0.9725 0.9611 0.9153
v 0.184365 0.868313 0.346590 0.9725 0.9611 0.9153
v 0.193046 0.861844 0.342400 0.9725 0.9611 0.9153
v 0.188998 0.865878 0.336398 0.9725 0.9611 0.9153
v 0.193506 0.860443 0.330122 0.9725 0.9611 0.9153
v 0.187111 0.864201 0.324922 0.9725 0.9611 0.9153
v 0.184560 0.868140 0.335858 0.9725 0.9611 0.9153
v 0.180388 0.865778 0.324756 0.9725 0.9611 0.9153
v 0.184272 0.859731 0.312645 0.9725 0.9611 0.9153
v 0.179135 0.861888 0.315810 0.9725 0.9611 0.9153
v 0.179416 0.852365 0.301333 0.9725 0.9611 0.9153
v 0.175352 0.855762 0.307418 0.9725 0.9611 0.9153
v 0.170868 0.853186 0.308983 0.9725 0.9611 0.9153
v 0.174806 0.845176 0.296203 0.9725 0.9611 0.9153
v 0.174096 0.835726 0.291672 0.9725 0.9611 0.9153
v 0.169322 0.838840 0.299882 0.9725 0.9611 0.9153
v 0.170777 0.831853 0.295644 0.9725 0.9611 0.9153
v 0.165522 0.840020 0.317751 0.9725 0.9611 0.9153
v 0.167979 0.830311 0.307165 0.9725 0.9611 0.9153
v 0.166846 0.833867 0.319982 0.9725 0.9611 0.9153
v 0.180281 0.844141 0.293461 0.9725 0.9611 0.9153
v 0.185405 0.853723 0.304399 0.9725 0.9611 0.9153
v 0.189458 0.858879 0.316402 0.9725 0.9611 0.9153
v 0.194713 0.853814 0.317624 0.9725 0.9611 0.9153
v 0.197461 0.853945 0.332078 0.9725 0.9611 0.9153
v 0.197926 0.852017 0.338197 0.9725 0.9611 0.9153
v 0.197992 0.845613 0.341166 0.9725 0.9611 0.9153
v 0.199135 0.840431 0.334279 0.9725 0.9611 0.9153
v 0.199600 0.835340 0.319113 0.9725 0.9611 0.9153
v 0.197983 0.831424 0.328782 0.9725 0.9611 0.9153
v 0.197383 0.826938 0.312068 0.9725 0.9611 0.9153
v 0.196207 0.824095 0.318401 0.9725 0.9611 0.9153
v 0.194001 0.829485 0.336879 0.9725 0.9611 0.9153
v 0.192947 0.819547 0.315383 0.9725 0.9611 0.9153
v 0.191684 0.823162 0.329515 0.9725 0.9611 0.9153
v 0.186896 0.815293 0.306881 0.9725 0.9611 0.9153
v 0.187906 0.817083 0.317601 0.9725 0.9611 0.9153
v 0.184467 0.817441 0.320112 0.9725 0.9611 0.9153
v 0.182012 0.814897 0.305021 0.9725 0.9611 0.9153
v 0.179819 0.816540 0.313318 0.9725 0.9611 0.9153
v 0.178162 0.822083 0.328181 0.9725 0.9611 0.9153
v 0.184941 0.821812 0.331057 0.9725 0.9611 0.9153
v 0.183178 0.830239 0.343844 0.9725 0.9611 0.9153
v 0.187214 0.828717 0.341776 0.9725 0.9611 0.9153
v 0.191380 0.837750 0.348812 0.9725 0.9611 0.9153
v 0.187409 0.838430 0.351725 0.9725 0.9611 0.9153
v 0.193767 0.846400 0.351519 0.9725 0.9611 0.9153
v 0.191194 0.849695 0.355302 0.9725 0.9611 0.9153
v 0.195991 0.837938 0.342726 0.9725 0.9611 0.9153
v 0.194751 0.853477 0.349742 0.9725 0.9611 0.9153
v 0.186641 0.816055 0.299079 0.9725 0.9611 0.9153
v 0.187801 0.819288 0.293380 0.9725 0.9611 0.9153
v 0.190489 0.817446 0.303013 0.9725 0.9611 0.9153
v 0.192013 0.825804 0.294164 0.9725 0.9611 0.9153
v 0.193874 0.821056 0.304138 0.9725 0.9611 0.9153
v 0.192296 0.821982 0.297608 0.9725 0.9611 0.9153
v 0.196955 0.829814 0.305348 0.9725 0.9611 0.9153
v 0.199144 0.842617 0.317994 0.9725 0.9611 0.9153
v 0.195972 0.845310 0.309367 0.9725 0.9611 0.9153
v 0.195065 0.835664 0.300452 0.9725 0.9611 0.9153
v 0.166689 0.844050 0.334026 0.9725 0.9611 0.9153
v 0.169334 0.850215 0.344845 0.9725 0.9611 0.9153
v 0.167345 0.853688 0.336482 0.9725 0.9611 0.9153
v 0.171117 0.856690 0.348681 0.9725 0.9611 0.9153
v 0.170186 0.860793 0.341188 0.9725 0.9611 0.9153
v 0.173836 0.864017 0.348309 0.9725 0.9611 0.9153
v 0.172569 0.864943 0.334368 0.9725 0.9611 0.9153
v 0.177152 0.868049 0.343551 0.9725 0.9611 0.9153
v 0.179504 0.868371 0.335119 0.9725 0.9611 0.9153
v 0.174139 0.862704 0.321109 0.9725 0.9611 0.9153
v 0.178569 0.865390 0.353158 0.9725 0.9611 0.9153
v 0.182403 0.866585 0.352693 0.9725 0.9611 0.9153
v 0.177491 0.861142 0.356260 0.9725 0.9611 0.9153
v 0.176558 0.854250 0.356594 0.9725 0.9611 0.9153
v 0.169873 0.859220 0.322927 0.9725 0.9611 0.9153
v 0.167622 0.851463 0.314826 0.9725 0.9611 0.9153
v 0.170015 0.844365 0.301370 0.9725 0.9611 0.9153
v 0.166819 0.841054 0.308007 0.9725 0.9611 0.9153
v 0.165745 0.848733 0.321883 0.9725 0.9611 0.9153
v 0.168045 0.858073 0.330539 0.9725 0.9611 0.9153
v 0.182146 0.836508 0.298147 0.9725 0.9611 0.9153
v 0.178823 0.839160 0.297579 0.9725 0.9611 0.9153
v 0.174725 0.838953 0.299006 0.9725 0.9611 0.9153
v 0.162578 0.797016 0.239348 0.9725 0.9611 0.9153
v 0.172491 0.836006 0.301509 0.9725 0.9611 0.9153
v 0.173037 0.832936 0.303200 0.9725 0.9611 0.9153
v 0.162909 0.791862 0.245645 0.9725 0.9611 0.9153
v 0.166437 0.791047 0.246966 0.9725 0.9611 0.9153
v 0.167669 0.784934 0.236361 0.9725 0.9611 0.9153
v 0.182796 0.833749 0.299619 0.9725 0.9611 0.9153
v 0.172081 0.799531 0.244699 0.9725 0.9611 0.9153
v 0.169257 0.796870 0.237447 0.9725 0.9611 0.9153
v 0.166896 0.797986 0.237571 0.9725 0.9611 0.9153
v 0.164972 0.798946 0.239550 0.9725 0.9611 0.9153
v 0.157470 0.781567 0.222050 0.9725 0.9611 0.9153
v 0.158542 0.782965 0.229181 0.9725 0.9611 0.9153
v 0.156524 0.768792 0.216059 0.9725 0.9611 0.9153
v 0.161211 0.772050 0.222159 0.9725 0.9611 0.9153
v 0.162176 0.761230 0.207341 0.9725 0.9611 0.9153
v 0.170330 0.788847 0.234261 0.9725 0.9611 0.9153
v 0.164918 0.773259 0.210303 0.9725 0.9611 0.9153
v 0.159037 0.757861 0.192342 0.9725 0.9611 0.9153
v 0.162800 0.777419 0.211878 0.9725 0.9611 0.9153
v 0.155742 0.759604 0.193008 0.9725 0.9611 0.9153
v 0.151985 0.758083 0.194529 0.9725 0.9611 0.9153
v 0.146338 0.737905 0.181291 0.9725 0.9611 0.9153
v 0.149737 0.748362 0.193839 0.9725 0.9611 0.9153
v 0.149683 0.739802 0.189632 0.9725 0.9611 0.9153
v 0.151193 0.732909 0.185383 0.9725 0.9611 0.9153
v 0.156410 0.738572 0.186998 0.9725 0.9611 0.9153
v 0.146148 0.705977 0.150618 0.9725 0.9611 0.9153
v 0.143577 0.706635 0.149942 0.9725 0.9611 0.9153
v 0.140048 0.706635 0.151497 0.9725 0.9611 0.9153
v 0.139005 0.704663 0.160010 0.9725 0.9611 0.9153
v 0.145256 0.702818 0.161288 0.9725 0.9611 0.9153
v 0.137772 0.663801 0.118429 0.9725 0.9611 0.9153
v 0.135233 0.665373 0.116008 0.9725 0.9611 0.9153
v 0.131912 0.666326 0.116193 0.9725 0.9611 0.9153
v 0.128532 0.666138 0.119899 0.9725 0.9611 0.9153
v 0.128088 0.664713 0.124645 0.9725 0.9611 0.9153
v 0.134854 0.661834 0.127114 0.9725 0.9611 0.9153
v 0.137868 0.662293 0.122921 0.9725 0.9611 0.9153
v 0.130813 0.662924 0.127554 0.9725 0.9611 0.9153
v 0.148290 0.704775 0.153118 0.9725 0.9611 0.9153
v 0.148026 0.703173 0.158118 0.9725 0.9611 0.9153
v 0.142046 0.703342 0.161982 0.9725 0.9611 0.9153
v 0.147780 0.736002 0.174152 0.9725 0.9611 0.9153
v 0.150572 0.734469 0.171666 0.9725 0.9611 0.9153
v 0.154246 0.736271 0.174672 0.9725 0.9611 0.9153
v 0.160379 0.751286 0.191555 0.9725 0.9611 0.9153
v 0.157040 0.753595 0.202741 0.9725 0.9611 0.9153
v 0.155420 0.756636 0.205390 0.9725 0.9611 0.9153
v 0.159661 0.779282 0.213951 0.9725 0.9611 0.9153
v 0.170186 0.789417 0.239650 0.9725 0.9611 0.9153
v 0.177969 0.828962 0.284167 0.9725 0.9611 0.9153
v 0.181014 0.830717 0.302025 0.9725 0.9611 0.9153
v 0.176937 0.829956 0.303777 0.9725 0.9611 0.9153
vt 0.789097 0.511152
vt 0.766297 0.500102
vt 0.819513 0.500081
vt 0.181322 0.500000
vt 0.166319 0.540056
vt 0.123870 0.500030
vt 0.411691 0.536504
vt 0.385149 0.500014
vt 0.415003 0.509922
vt 0.366667 0.536379
vt 0.316874 0.500005
vt 0.979233 0.543523
vt 0.896574 0.500026
vt 0.966667 0.500000
vt 0.740197 0.536082
vt 0.329336 0.537888
vt 0.250148 0.500006
vt 0.547355 0.552197
vt 0.483904 0.543750
vt 0.516394 0.499999
vt 0.449519 0.500011
vt 0.252880 0.539723
vt 0.917516 0.538551
vt 0.600000 0.542349
vt 0.582466 0.499999
vt 0.200000 0.544079
vt 0.063874 0.560251
vt 0.000000 0.543003
vt 0.015751 0.500001
vt 0.121373 0.554831
vt 0.852209 0.542666
vt 0.306469 0.548632
vt 0.800000 0.536746
vt 0.793103 0.553067
vt 0.419150 0.552969
vt 0.693014 0.557959
vt 0.700000 0.537777
vt 0.650625 0.546327
vt 0.249753 0.558636
vt 0.455322 0.564105
vt 0.750249 0.560248
vt 0.620481 0.563750
vt 0.000000 0.560169
vt 0.910125 0.553397
vt 0.849688 0.560266
vt 0.178266 0.559445
vt 0.985530 0.560495
vt 0.919437 0.565803
vt 0.373715 0.560505
vt 0.839457 0.570285
vt 0.694317 0.577175
vt 0.583847 0.577129
vt 0.493449 0.580540
vt 0.000000 0.576877
vt 0.982578 0.577104
vt 0.898355 0.579152
vt 0.632677 0.583990
vt 0.366413 0.583651
vt 0.326281 0.573671
vt 0.404020 0.576545
vt 0.111158 0.576626
vt 0.127824 0.585272
vt 0.258476 0.579905
vt 0.183221 0.577333
vt 0.726043 0.586997
vt 0.751158 0.575971
vt 0.016835 0.591365
vt 0.894679 0.587504
vt 0.814171 0.577491
vt 0.580452 0.594036
vt 0.448075 0.588246
vt 0.247876 0.588313
vt 1.000000 0.591373
vt 0.950644 0.593537
vt 0.684355 0.591625
vt 0.183776 0.588531
vt 0.818054 0.596005
vt 0.789493 0.585513
vt 0.381904 0.595624
vt 0.316054 0.587608
vt 0.749450 0.597267
vt 0.649214 0.597210
vt 0.531406 0.601454
vt 0.467056 0.596962
vt 0.306813 0.596335
vt 0.254045 0.598309
vt 1.000000 0.603384
vt 0.682867 0.606213
vt 0.413931 0.608116
vt 0.316044 0.607756
vt 0.616750 0.608608
vt 0.483336 0.608501
vt 0.240194 0.609132
vt 0.183440 0.607759
vt 0.984163 0.635265
vt 0.949714 0.608443
vt 0.047265 0.635583
vt 0.027480 0.606522
vt 0.112868 0.597298
vt 0.875097 0.629334
vt 0.883071 0.608396
vt 0.366667 0.607748
vt 0.350086 0.628125
vt 0.294751 0.635195
vt 0.157177 0.627494
vt 0.121502 0.608115
vt 0.933333 0.635467
vt 0.482854 0.635383
vt 0.416789 0.635393
vt 0.682878 0.636103
vt 0.618420 0.635740
vt 0.110347 0.636377
vt 0.000000 0.635201
vt 0.752149 0.627646
vt 0.816778 0.638606
vt 0.816170 0.628042
vt 0.250229 0.638575
vt 0.216201 0.628007
vt 0.183138 0.638544
vt 0.350514 0.638703
vt 0.889937 0.638950
vt 0.987177 0.665347
vt 0.749290 0.638395
vt 0.721562 0.662820
vt 0.433333 0.666411
vt 0.266667 0.667815
vt 0.228799 0.666560
vt 0.149444 0.663756
vt 0.100000 0.672593
vt 0.893653 0.669631
vt 0.844477 0.664059
vt 0.677008 0.670657
vt 0.628255 0.668925
vt 0.941384 0.679090
vt 0.815627 0.679661
vt 0.783822 0.663110
vt 0.760053 0.678606
vt 0.383453 0.677607
vt 0.380277 0.664002
vt 0.200000 0.677040
vt 0.319033 0.678330
vt 0.316911 0.663831
vt 0.533333 0.675405
vt 0.482973 0.681188
vt 0.490202 0.664655
vt 0.423044 0.685341
vt 0.712878 0.685292
vt 0.251025 0.684728
vt 0.948307 0.690132
vt 0.656528 0.683560
vt 0.883168 0.684812
vt 0.009713 0.698177
vt 0.000000 0.685460
vt 0.049516 0.671141
vt 0.182069 0.689941
vt 0.151347 0.679501
vt 0.325040 0.688293
vt 0.112287 0.695086
vt 0.066667 0.696091
vt 0.837017 0.693965
vt 0.659459 0.693140
vt 0.616597 0.698506
vt 0.588862 0.678298
vt 0.552201 0.705833
vt 0.482640 0.699897
vt 0.339519 0.694659
vt 0.230976 0.696096
vt 1.000000 0.699833
vt 0.947773 0.700571
vt 0.888557 0.698731
vt 0.446771 0.694303
vt 0.379535 0.699544
vt 0.309926 0.700160
vt 0.151436 0.701970
vt 0.812936 0.703325
vt 0.743534 0.696163
vt 0.747990 0.702928
vt 0.684944 0.702221
vt 0.281299 0.704913
vt 0.417185 0.708144
vt 0.220040 0.704163
vt 0.882075 0.710305
vt 0.011716 0.720281
vt 0.725962 0.709814
vt 0.634965 0.713634
vt 0.350363 0.709929
vt 0.079437 0.717935
vt 0.235766 0.711345
vt 0.817939 0.712200
vt 0.150043 0.715853
vt 0.947262 0.715721
vt 0.484782 0.713874
vt 0.291292 0.718500
vt 0.555544 0.726821
vt 0.420844 0.719573
vt 0.349831 0.718939
vt 0.752980 0.717205
vt 0.684630 0.720019
vt 0.890376 0.727035
vt 0.822377 0.722356
vt 0.748970 0.729886
vt 0.243383 0.730976
vt 0.214540 0.720099
vt 0.115460 0.730968
vt 0.681527 0.731583
vt 0.620059 0.731399
vt 0.386220 0.731817
vt 1.000000 0.719095
vt 0.950245 0.731741
vt 0.181858 0.732079
vt 0.825022 0.732436
vt 0.889055 0.764210
vt 0.426090 0.761105
vt 0.459060 0.730999
vt 0.108006 0.766090
vt 0.952972 0.762318
vt 0.848539 0.758726
vt 0.551322 0.766891
vt 0.497628 0.766622
vt 0.037276 0.767721
vt 0.783903 0.758487
vt 0.716997 0.760092
vt 0.182073 0.759505
vt 0.818631 0.768283
vt 0.316651 0.769788
vt 0.282490 0.758654
vt 0.362765 0.761684
vt 0.241732 0.763723
vt 0.206553 0.775704
vt 0.700000 0.776816
vt 0.662365 0.762720
vt 0.161757 0.777632
vt 0.642261 0.779408
vt 0.600000 0.767215
vt 0.450127 0.778830
vt 0.810815 0.782572
vt 0.754502 0.774530
vt 1.000000 0.767138
vt 0.935789 0.778259
vt 0.883570 0.784260
vt 0.356013 0.781951
vt 0.283448 0.785424
vt 0.727739 0.812288
vt 0.472750 0.823787
vt 0.093353 0.823701
vt 0.418523 0.815317
vt 0.400000 0.775078
vt 0.876793 0.810101
vt 0.788280 0.815610
vt 0.209724 0.818519
vt 0.833333 0.815799
vt 0.648808 0.822314
vt 0.282877 0.817160
vt 0.976153 0.816159
vt 0.933333 0.817801
vt 0.345365 0.812672
vt 0.033333 0.838051
vt 0.000000 0.813245
vt 0.712839 0.827070
vt 0.341177 0.830982
vt 0.741903 0.835608
vt 0.411312 0.834550
vt 0.223893 0.836552
vt 0.929508 0.843173
vt 0.879869 0.827069
vt 0.586873 0.842240
vt 0.516520 0.837306
vt 0.586466 0.818696
vt 0.884804 0.844206
vt 0.653215 0.841564
vt 0.286650 0.845149
vt 0.473587 0.845335
vt 0.347123 0.842396
vt 0.158434 0.836634
vt 0.105385 0.846667
vt 0.807129 0.846806
vt 0.813277 0.835435
vt 0.720499 0.847226
vt 0.000000 0.851923
vt 0.000000 0.833265
vt 0.414809 0.846884
vt 0.219022 0.847402
vt 0.626382 0.853591
vt 0.357651 0.852199
vt 0.682206 0.854589
vt 0.174570 0.855025
vt 0.912174 0.857068
vt 0.848707 0.854923
vt 0.779395 0.858314
vt 0.551121 0.864166
vt 0.450621 0.856865
vt 0.320902 0.857378
vt 0.252210 0.857816
vt 0.121435 0.863890
vt 0.066667 0.864393
vt 0.500000 0.864391
vt 0.382675 0.866389
vt 0.850850 0.866786
vt 0.441530 0.866670
vt 0.186246 0.866668
vt 0.666667 0.867099
vt 0.618744 0.868060
vt 0.935151 0.868545
vt 0.985872 0.852041
vt 0.311566 0.867680
vt 0.784286 0.870160
vt 0.712715 0.866030
vt 0.886659 0.886465
vt 0.748546 0.886547
vt 0.669611 0.886712
vt 0.516941 0.901204
vt 0.266908 0.886868
vt 0.244022 0.869047
vt 0.181826 0.886483
vt 0.104061 0.886901
vt 0.819598 0.887222
vt 0.575624 0.915388
vt 0.633333 0.913602
vt 0.854851 0.905586
vt 0.216727 0.901056
vt 0.133333 0.913919
vt 0.711683 0.903948
vt 0.666667 0.915438
vt 0.500000 0.915937
vt 0.449914 0.889983
vt 1.000000 0.909094
vt 0.966667 0.916714
vt 0.944974 0.886813
vt 0.933333 0.912972
vt 0.346726 0.904063
vt 0.284092 0.903052
vt 0.349781 0.886875
vt 0.104116 0.920142
vt 0.900000 0.921298
vt 0.385522 0.924732
vt 0.400000 0.886440
vt 0.784417 0.927690
vt 0.781471 0.900014
vt 0.222939 0.928615
vt 0.719897 0.931831
vt 0.436900 0.926694
vt 0.314279 0.934320
vt 0.841843 0.937358
vt 0.933333 1.000000
vt 0.751369 0.999961
vt 0.576869 1.000000
vt 0.449670 0.999999
vt 0.400000 1.000000
vt 0.253751 0.999991
vt 0.200000 0.999999
vt 0.166667 0.922426
vt 0.149757 0.999998
vt 0.819185 0.999971
vt 0.633333 1.000000
vt 0.366608 0.999968
vt 0.684930 0.999992
vt 0.315948 0.999996
vt 0.266667 0.931974
vt 0.986463 1.000000
vt 0.516730 1.000000
vt 0.891319 0.999997
vt 0.225929 0.007530
vt 0.300939 0.010353
vt 0.396358 0.057580
vt 0.470951 0.147204
vt 0.493660 0.224391
vt 0.487513 0.304549
vt 0.370674 0.461681
vt 0.028665 0.148074
vt 0.078651 0.076408
vt 0.150350 0.026182
vt 0.275052 0.492366
vt 0.089069 0.432971
vt 0.173976 0.481495
vt 0.553096 0.393521
vt 0.699062 0.489646
vt 0.627027 0.460353
vt 0.993658 0.252135
vt 0.932070 0.086063
vt 0.973586 0.153126
vt 0.674224 0.018425
vt 0.605993 0.051791
vt 0.526961 0.151899
vt 0.506342 0.244220
vt 0.516990 0.325709
vt 0.933767 0.509266
vt 0.900957 0.519241
vt 0.909091 0.500000
vt 0.884981 0.500000
vt 0.804133 0.512841
vt 0.753008 0.511751
vt 0.815824 0.500000
vt 0.720880 0.522330
vt 0.680703 0.502090
vt 0.718279 0.500000
vt 0.388891 0.500000
vt 0.396351 0.517134
vt 0.321526 0.507423
vt 0.241314 0.507957
vt 0.219901 0.523584
vt 0.204519 0.501414
vt 0.099725 0.524400
vt 0.042819 0.509829
vt 0.107094 0.500000
vt 0.984107 0.508178
vt 0.941448 0.536651
vt 0.625006 0.506335
vt 0.608611 0.524835
vt 0.578507 0.504279
vt 0.527429 0.523770
vt 0.537007 0.502866
vt 0.495237 0.504918
vt 0.476723 0.525708
vt 0.462108 0.503382
vt 0.445888 0.535089
vt 0.431621 0.510750
vt 0.204307 0.532810
vt 0.175565 0.518483
vt 0.145657 0.514624
vt 0.160919 0.502722
vt 0.840103 0.535876
vt 0.861648 0.509916
vt 0.653364 0.511860
vt 0.643081 0.533790
vt 0.325621 0.540951
vt 0.295420 0.542608
vt 0.278125 0.506781
vt 0.756970 0.543729
vt 0.680606 0.518155
vt 0.672764 0.536048
vt 0.488491 0.557478
vt 0.416897 0.547547
vt 0.254055 0.538036
vt 0.126241 0.553630
vt 0.913094 0.552833
vt 0.881325 0.554122
vt 0.704329 0.546647
vt 0.393101 0.554858
vt 0.192515 0.555911
vt 0.159425 0.557164
vt 0.737238 0.553592
vt 0.536138 0.568578
vt 0.561229 0.535681
vt 0.507174 0.573267
vt 0.462676 0.558756
vt 0.846709 0.577923
vt 0.670480 0.558559
vt 0.613719 0.563757
vt 0.596947 0.539826
vt 0.263449 0.574288
vt 0.236834 0.565183
vt 0.023679 0.547909
vt 0.000000 0.563125
vt 0.000000 0.533643
vt 0.986454 0.538086
vt 0.977828 0.568187
vt 0.931779 0.574646
vt 0.643616 0.562891
vt 0.566300 0.574725
vt 0.439394 0.574643
vt 0.802124 0.565485
vt 0.763962 0.572500
vt 0.699720 0.576742
vt 0.417415 0.576888
vt 0.221181 0.583778
vt 0.734163 0.584125
vt 0.460631 0.588700
vt 0.894217 0.594530
vt 0.824475 0.596168
vt 0.007327 0.626330
vt 0.659390 0.618451
vt 0.489754 0.618598
vt 0.295271 0.575588
vt 0.280359 0.613001
vt 0.247479 0.614904
vt 0.400865 0.637679
vt 0.361302 0.635478
vt 0.337715 0.611710
vt 0.309019 0.617673
vt 0.328377 0.570568
vt 0.194394 0.628141
vt 0.063731 0.558787
vt 0.047033 0.627340
vt 0.847942 0.637738
vt 0.563209 0.667376
vt 0.430810 0.643327
vt 0.218435 0.621431
vt 0.144100 0.644229
vt 0.794605 0.587335
vt 0.765207 0.623134
vt 0.742424 0.691896
vt 0.719293 0.664644
vt 0.522633 0.655355
vt 0.809900 0.688869
vt 0.085700 0.640166
vt 0.776973 0.669799
vt 0.602613 0.616449
vt 0.462127 0.683554
vt 0.674346 0.680588
vt 0.689715 0.621670
vt 0.644236 0.678210
vt 0.630080 0.615394
vt 0.605956 0.675692
vt 0.324601 0.704021
vt 0.280403 0.713119
vt 0.877939 0.694762
vt 0.886317 0.639022
vt 0.840472 0.710514
vt 0.312458 0.722982
vt 0.250192 0.706486
vt 0.220890 0.699324
vt 0.044948 0.694555
vt 0.006736 0.685256
vt 0.764956 0.705831
vt 0.493065 0.696515
vt 0.355902 0.719913
vt 0.197608 0.751824
vt 0.173012 0.642174
vt 0.520029 0.724730
vt 0.422839 0.725800
vt 0.130686 0.732457
vt 0.801950 0.723390
vt 0.689830 0.743771
vt 0.707057 0.688440
vt 0.659061 0.741291
vt 0.628195 0.741932
vt 0.598033 0.742936
vt 0.564993 0.739217
vt 0.091837 0.736392
vt 0.878507 0.732706
vt 0.482410 0.818838
vt 0.735549 0.754079
vt 0.235430 0.758151
vt 0.999615 0.808763
vt 0.951854 0.716721
vt 0.993745 0.685411
vt 0.265684 0.764165
vt 0.295454 0.767995
vt 0.342369 0.770543
vt 0.641500 0.819047
vt 0.562865 0.810427
vt 0.513745 0.806276
vt 0.138589 0.823710
vt 0.159721 0.729640
vt 0.877259 0.814404
vt 0.915269 0.718429
vt 0.702745 0.817408
vt 0.308987 0.814801
vt 0.265820 0.833332
vt 0.213795 0.839749
vt 0.080204 0.793644
vt 0.051624 0.834374
vt 0.009162 0.806032
vt 0.926748 0.836245
vt 0.931294 0.797044
vt 0.533538 0.846003
vt 0.360274 0.809331
vt 0.325484 0.856575
vt 0.094190 0.837867
vt 0.400891 0.810795
vt 0.371348 0.858920
vt 0.437796 0.863333
vt 0.440661 0.814107
vt 0.593146 0.869249
vt 0.021324 0.865774
vt 0.856579 0.861840
vt 0.820989 0.819432
vt 0.781756 0.868915
vt 0.749685 0.816904
vt 0.783310 0.817187
vt 0.704117 0.857966
vt 0.645687 0.862584
vt 0.598442 0.815892
vt 0.290398 0.880309
vt 0.235393 0.887247
vt 0.870558 0.920369
vt 0.977419 0.842667
vt 0.976598 0.936905
vt 0.194217 0.894695
vt 0.175345 0.842497
vt 0.098959 0.892933
vt 0.557144 0.897807
vt 0.156642 0.899616
vt 1.000000 0.849012
vt 0.604915 0.910491
vt 0.805848 0.937128
vt 0.371594 0.931210
vt 0.276682 0.948291
vt 0.923460 0.939222
vt 0.714479 0.954258
vt 0.726928 0.886577
vt 0.062940 0.950598
vt 0.667097 0.898000
vt 0.579495 0.951729
vt 0.506866 0.883125
vt 0.475327 0.946985
vt 0.221523 0.953551
vt 0.646060 0.955388
vt 0.145258 0.958318
vt 0.748706 0.976612
vt 0.432705 0.929032
vt 0.355149 0.965051
vt 0.609101 0.983165
vt 0.971402 0.978601
vt 0.849667 0.978721
vt 0.012770 0.971345
vt 0.002439 0.940931
vt 0.379463 0.999734
vt 0.069681 0.982316
vt 0.682073 0.999924
vt 0.194998 0.998884
vt 0.380010 0.087456
vt 0.437542 0.103498
vt 0.396706 0.123871
vt 0.468460 0.347369
vt 0.449571 0.392114
vt 0.407661 0.399978
vt 0.157366 0.423293
vt 0.158471 0.466194
vt 0.117543 0.456107
vt 0.034965 0.299528
vt 0.009843 0.237205
vt 0.046697 0.260826
vt 0.106034 0.086055
vt 0.053653 0.127098
vt 0.064841 0.089559
vt 0.229625 0.056065
vt 0.196789 0.020013
vt 0.226711 0.006109
vt 0.443869 0.219507
vt 0.444904 0.157518
vt 0.489412 0.246330
vt 0.417082 0.341140
vt 0.453404 0.305659
vt 0.368402 0.456660
vt 0.337895 0.429200
vt 0.099340 0.321768
vt 0.038744 0.357344
vt 0.068672 0.214162
vt 0.284190 0.061176
vt 0.347055 0.030332
vt 0.353334 0.064233
vt 0.398664 0.172602
vt 0.411071 0.266454
vt 0.375439 0.380853
vt 0.291040 0.473965
vt 0.265079 0.422188
vt 0.231397 0.409527
vt 0.208367 0.474931
vt 0.036656 0.176294
vt 0.098969 0.158448
vt 0.185287 0.103280
vt 0.266312 0.100241
vt 0.322971 0.394390
vt 0.154920 0.349125
vt 0.105697 0.417359
vt 0.236555 0.253509
vt 0.210662 0.301321
vt 0.189953 0.274803
vt 0.264202 0.270491
vt 0.318068 0.256374
vt 0.281422 0.303790
vt 0.238836 0.216739
vt 0.193642 0.205957
vt 0.239737 0.176893
vt 0.299914 0.221778
vt 0.332559 0.205208
vt 0.243239 0.338253
vt 0.197955 0.237364
vt 0.162071 0.253508
vt 0.310776 0.161786
vt 0.353510 0.264905
vt 0.335727 0.308275
vt 0.289619 0.357345
vt 0.299114 0.130666
vt 0.150991 0.159999
vt 0.211443 0.150842
vt 0.362027 0.163410
vt 0.370860 0.239624
vt 0.367040 0.325446
vt 0.329009 0.359394
vt 0.218086 0.371348
vt 0.389684 0.301991
vt 0.375000 0.030333
vt 0.375000 0.030333
vt 0.375000 0.030333
vt 0.890738 0.381671
vt 0.869518 0.376683
vt 0.881345 0.340955
vt 0.868448 0.428007
vt 0.851100 0.442094
vt 0.923741 0.470988
vt 0.885225 0.432672
vt 0.909397 0.426075
vt 0.375000 0.030333
vt 0.886054 0.477236
vt 0.870463 0.452249
vt 0.835007 0.468690
vt 0.849672 0.476650
vt 0.870830 0.500868
vt 0.825132 0.455275
vt 0.831529 0.510731
vt 0.816069 0.494950
vt 0.801727 0.472605
vt 0.826215 0.531994
vt 0.779112 0.500787
vt 0.853666 0.537921
vt 0.854618 0.518232
vt 0.879485 0.530364
vt 0.846630 0.560307
vt 0.816222 0.542262
vt 0.837244 0.572728
vt 0.409003 0.602939
vt 0.429591 0.584607
vt 0.417644 0.608447
vt 0.399954 0.644046
vt 0.391291 0.624639
vt 0.377573 0.621839
vt 0.413042 0.548098
vt 0.502883 0.503203
vt 0.455146 0.544529
vt 0.449796 0.512985
vt 0.427560 0.513465
vt 0.398433 0.532578
vt 0.393052 0.558898
vt 0.420198 0.494151
vt 0.371481 0.544799
vt 0.362916 0.520984
vt 0.381346 0.492709
vt 0.384322 0.459879
vt 0.351017 0.487820
vt 0.387203 0.432383
vt 0.410333 0.470602
vt 0.403070 0.436181
vt 0.442366 0.472694
vt 0.441182 0.443260
vt 0.471259 0.465931
vt 0.351713 0.455456
vt 0.367218 0.433490
vt 0.410433 0.410096
vt 0.375000 0.030333
vt 0.381536 0.373834
vt 0.405086 0.373542
vt 0.426752 0.412829
vt 0.335522 0.390461
vt 0.356372 0.375091
vt 0.368427 0.389182
vt 0.350707 0.351453
vt 0.358607 0.325890
vt 0.314268 0.429824
vt 0.288947 0.457007
vt 0.323365 0.446605
vt 0.280913 0.466866
vt 0.375000 0.030333
vt 0.283758 0.478747
vt 0.305594 0.481837
vt 0.249843 0.493867
vt 0.268513 0.502153
vt 0.313518 0.494924
vt 0.331217 0.512437
vt 0.319054 0.525258
vt 0.289681 0.524356
vt 0.263024 0.514333
vt 0.277035 0.532555
vt 0.245914 0.516740
vt 0.355245 0.566662
vt 0.318595 0.553827
vt 0.303971 0.551764
vt 0.319008 0.578317
vt 0.363793 0.627740
vt 0.346008 0.630780
vt 0.372725 0.572437
vt 0.382870 0.678619
vt 0.364654 0.684722
vt 0.375000 0.030333
vt 0.371702 0.711210
vt 0.376664 0.727257
vt 0.875365 0.666667
vt 0.873068 0.643578
vt 0.885633 0.642735
vt 0.848303 0.596985
vt 0.858314 0.619888
vt 0.878114 0.566054
vt 0.874099 0.554268
vt 0.915133 0.565708
vt 0.898466 0.599964
vt 0.906582 0.552495
vt 0.936750 0.519501
vt 0.918480 0.522535
vt 0.911273 0.508172
vt 0.948894 0.529105
vt 0.930106 0.545503
vt 0.974520 0.500637
vt 0.926848 0.491607
vt 0.989929 0.510983
vt 0.999996 0.493025
vt 0.991351 0.489401
vt 0.019708 0.503055
vt 0.048879 0.499625
vt 0.050641 0.502545
vt 0.024037 0.495602
vt 0.070904 0.500461
vt 0.198248 0.493834
vt 0.182557 0.499796
vt 0.185179 0.493253
vt 0.211273 0.489303
vt 0.218753 0.504966
vt 0.231739 0.487442
vt 0.252764 0.478546
vt 0.366690 0.285162
vt 0.377308 0.286388
vt 0.386482 0.312641
vt 0.834598 0.435337
vt 0.767420 0.488328
vt 0.758770 0.510459
vt 0.744350 0.501159
vt 0.699981 0.497401
vt 0.709365 0.500797
vt 0.677747 0.500071
vt 0.577068 0.501675
vt 0.561257 0.507358
vt 0.559727 0.499064
vt 0.525116 0.485469
vt 0.537478 0.495912
vt 0.511087 0.487744
vt 0.487098 0.496047
vt 0.512534 0.515181
vt 0.493564 0.520704
vt 0.494477 0.478617
vt 0.250000 0.678433
vt 0.265088 0.647669
vt 0.268186 0.689829
vt 0.272138 0.601418
vt 0.274810 0.666997
vt 0.281250 0.621632
vt 0.297686 0.539144
vt 0.291566 0.605390
vt 0.318888 0.588537
vt 0.319084 0.641995
vt 0.291502 0.655035
vt 0.245853 0.582332
vt 0.273100 0.558762
vt 0.249557 0.537085
vt 0.258483 0.498253
vt 0.273094 0.517137
vt 0.281250 0.508687
vt 0.289062 0.493143
vt 0.287481 0.546021
vt 0.297851 0.501945
vt 0.315012 0.552924
vt 0.332654 0.514019
vt 0.348268 0.560692
vt 0.345276 0.510104
vt 0.351562 0.503109
vt 0.359375 0.510869
vt 0.370965 0.546805
vt 0.365155 0.576049
vt 0.367188 0.501845
vt 0.385226 0.535085
vt 0.336337 0.635999
vt 0.339499 0.580047
vt 0.348133 0.639490
vt 0.356365 0.604582
vt 0.375000 0.607141
vt 0.367188 0.637924
vt 0.359375 0.672542
vt 0.271793 0.463665
vt 0.264039 0.404550
vt 0.273438 0.424201
vt 0.281250 0.439444
vt 0.292468 0.394777
vt 0.316550 0.504646
vt 0.253797 0.357909
vt 0.245742 0.393178
vt 0.265625 0.370153
vt 0.273759 0.362303
vt 0.281250 0.381397
vt 0.262288 0.326228
vt 0.289423 0.301636
vt 0.313168 0.369971
vt 0.328853 0.421645
vt 0.332325 0.387327
vt 0.348025 0.405470
vt 0.329675 0.315916
vt 0.349565 0.341385
vt 0.362433 0.285597
vt 0.359375 0.392457
vt 0.367188 0.324072
vt 0.378217 0.316839
vt 0.377358 0.388304
vt 0.367188 0.395648
vt 0.375000 0.490515
vt 0.385021 0.477647
vt 0.398308 0.383581
vt 0.408458 0.458591
vt 0.440519 0.372407
vt 0.432730 0.455517
vt 0.433741 0.488144
vt 0.402861 0.510685
vt 0.388482 0.339894
vt 0.473243 0.489858
vt 0.439297 0.520141
vt 0.484582 0.312366
vt 0.484577 0.450767
vt 0.498767 0.482944
vt 0.506858 0.509475
vt 0.490489 0.513675
vt 0.382812 0.645959
vt 0.378647 0.675757
vt 0.382812 0.586958
vt 0.390625 0.630992
vt 0.409156 0.587497
vt 0.418075 0.626124
vt 0.400901 0.637522
vt 0.437568 0.575373
vt 0.445224 0.607644
vt 0.438517 0.655695
vt 0.407889 0.678988
vt 0.394459 0.576165
vt 0.402257 0.544103
vt 0.420539 0.550661
vt 0.479815 0.533102
vt 0.484037 0.563360
vt 0.487345 0.683810
vt 0.510484 0.610546
vt 0.744923 0.550643
vt 0.762271 0.543240
vt 0.752486 0.616574
vt 0.777635 0.576365
vt 0.767430 0.636446
vt 0.808958 0.630044
vt 0.792111 0.566226
vt 0.823037 0.611568
vt 0.814675 0.662442
vt 0.794340 0.660850
vt 0.775710 0.520847
vt 0.759783 0.500304
vt 0.785158 0.482999
vt 0.790453 0.520667
vt 0.825287 0.516304
vt 0.831289 0.542719
vt 0.818648 0.563253
vt 0.847867 0.522947
vt 0.852730 0.573573
vt 0.831038 0.584935
vt 0.835938 0.501970
vt 0.843898 0.485801
vt 0.859375 0.503082
vt 0.859375 0.544192
vt 0.870526 0.537701
vt 0.871151 0.581065
vt 0.828157 0.659886
vt 0.851705 0.643049
vt 0.849838 0.605656
vt 0.771672 0.465858
vt 0.768432 0.486817
vt 0.738677 0.411742
vt 0.774022 0.438374
vt 0.744270 0.469084
vt 0.824172 0.460762
vt 0.811413 0.482865
vt 0.782516 0.404292
vt 0.801670 0.336334
vt 0.820536 0.372500
vt 0.820717 0.414033
vt 0.868000 0.358524
vt 0.866317 0.418075
vt 0.834183 0.339357
vt 0.880022 0.386642
vt 0.826302 0.489837
vt 0.837227 0.444091
vt 0.849287 0.463386
vt 0.868138 0.478779
vt 0.893277 0.487373
vt 0.873659 0.503484
vt 0.903973 0.457353
vt 0.891614 0.422335
vt 0.921411 0.438472
vt 0.934601 0.417032
vt 0.935848 0.467893
vt 0.940331 0.516741
vt 0.914785 0.482964
vt 0.893444 0.371530
vt 0.907307 0.349167
vt 0.939003 0.351867
vt 0.921875 0.333333
vt 0.949913 0.364199
vt 0.949944 0.425186
vt 0.957635 0.367878
vt 0.960938 0.333333
vt 0.964796 0.380079
vt 0.972212 0.333333
vt 0.980806 0.352621
vt 0.980870 0.430659
vt 0.988563 0.388301
vt 0.996209 0.430341
vt 0.952251 0.512716
vt 0.956551 0.443999
vt 0.965045 0.488399
vt 0.966712 0.447450
vt 0.981102 0.476050
vt 0.869264 0.622532
vt 0.886181 0.651835
vt 0.870574 0.657187
vt 0.888484 0.610897
vt 0.886108 0.565338
vt 0.905164 0.572162
vt 0.910384 0.617577
vt 0.935989 0.592116
vt 0.905500 0.658903
vt 0.886713 0.522211
vt 0.904556 0.537291
vt 0.906384 0.512382
vt 0.936350 0.546682
vt 0.945312 0.560185
vt 0.960938 0.528805
vt 0.968750 0.579670
vt 0.960938 0.596601
vt 0.968750 0.517360
vt 0.953125 0.563706
vt 0.980089 0.523139
vt 0.984375 0.565645
vt 0.976562 0.574613
vt 0.994929 0.554973
vt 1.000000 0.593168
vt 0.995925 0.612410
vt 0.960938 0.666667
vt 0.952129 0.644712
vt 0.993161 0.642698
vt 0.976562 0.641319
vt 0.559397 0.654809
vt 0.516146 0.658131
vt 0.530839 0.573032
vt 0.572712 0.602162
vt 0.514854 0.540478
vt 0.547335 0.512515
vt 0.566297 0.507845
vt 0.561152 0.535994
vt 0.593704 0.587304
vt 0.582960 0.509545
vt 0.599820 0.540323
vt 0.596988 0.505721
vt 0.612966 0.510794
vt 0.626406 0.512299
vt 0.546764 0.478764
vt 0.568395 0.447470
vt 0.514011 0.428116
vt 0.575238 0.354237
vt 0.554594 0.432763
vt 0.591242 0.410917
vt 0.604362 0.333333
vt 0.629518 0.333410
vt 0.630670 0.379646
vt 0.593212 0.453812
vt 0.605254 0.452920
vt 0.575690 0.481166
vt 0.633576 0.481955
vt 0.647587 0.510420
vt 0.651347 0.442405
vt 0.655147 0.487739
vt 0.670323 0.403803
vt 0.683153 0.459063
vt 0.694144 0.487017
vt 0.673824 0.496758
vt 0.664193 0.338555
vt 0.660292 0.373981
vt 0.698287 0.346337
vt 0.709038 0.386915
vt 0.754453 0.392971
vt 0.706655 0.469913
vt 0.718912 0.476351
vt 0.694944 0.429905
vt 0.725581 0.433069
vt 0.731123 0.493896
vt 0.706599 0.507664
vt 0.681770 0.665244
vt 0.612668 0.643890
vt 0.645650 0.529132
vt 0.687912 0.579768
vt 0.613686 0.572233
vt 0.677934 0.517134
vt 0.735491 0.609693
vt 0.659218 0.604561
vt 0.673073 0.651271
vt 0.038525 0.572648
vt 0.052335 0.605132
vt 0.024055 0.613725
vt 0.081011 0.614269
vt 0.071214 0.652052
vt 0.035567 0.654605
vt 0.071555 0.666667
vt 0.000365 0.511285
vt 0.025242 0.535357
vt 0.006029 0.581843
vt 0.028994 0.499617
vt 0.041149 0.535735
vt 0.050484 0.484840
vt 0.056307 0.515105
vt 0.059422 0.550381
vt 0.076167 0.558469
vt 0.068010 0.584880
vt 0.094956 0.582188
vt 0.090031 0.551939
vt 0.089636 0.512756
vt 0.098032 0.491991
vt 0.105270 0.523212
vt 0.125135 0.508191
vt 0.120962 0.541066
vt 0.110168 0.565894
vt 0.128736 0.572803
vt 0.108763 0.627274
vt 0.109091 0.661950
vt 0.005342 0.469759
vt 0.014236 0.452957
vt 0.029467 0.467487
vt 0.000000 0.430339
vt 0.012010 0.413611
vt 0.048659 0.452830
vt 0.073086 0.485397
vt 0.006424 0.374220
vt 0.030736 0.355830
vt 0.034476 0.375864
vt 0.033825 0.406815
vt 0.059065 0.352572
vt 0.065042 0.370226
vt 0.083001 0.456440
vt 0.069013 0.412108
vt 0.111973 0.405567
vt 0.120160 0.426918
vt 0.119671 0.481943
vt 0.141716 0.425463
vt 0.156246 0.497010
vt 0.170100 0.469820
vt 0.182895 0.407217
vt 0.199812 0.484720
vt 0.164807 0.427951
vt 0.125416 0.372189
vt 0.159430 0.382767
vt 0.162507 0.361155
vt 0.204559 0.404949
vt 0.209218 0.367986
vt 0.230319 0.412391
vt 0.214882 0.397925
vt 0.173108 0.340834
vt 0.185078 0.335840
vt 0.199785 0.335793
vt 0.230822 0.384547
vt 0.222139 0.345898
vt 0.213034 0.454559
vt 0.226562 0.449541
vt 0.245228 0.445168
vt 0.234375 0.476416
vt 0.226562 0.494922
vt 0.215117 0.506802
vt 0.111074 0.603184
vt 0.128602 0.598396
vt 0.143609 0.619545
vt 0.161827 0.607162
vt 0.195852 0.613830
vt 0.177367 0.641699
vt 0.173444 0.588744
vt 0.143647 0.665934
vt 0.189470 0.646352
vt 0.148763 0.555599
vt 0.148378 0.591042
vt 0.136472 0.535688
vt 0.155135 0.526299
vt 0.163711 0.559321
vt 0.174063 0.526322
vt 0.183245 0.564493
vt 0.197110 0.555520
vt 0.211516 0.594438
vt 0.204260 0.526603
vt 0.215437 0.568835
vt 0.188561 0.519854
vt 0.232154 0.524248
vt 0.242188 0.523197
vt 0.245230 0.490077
vt 0.231442 0.572394
vt 0.228486 0.606819
vt 0.229861 0.638729
vt 0.209387 0.652582
vt 0.495600 0.995729
vt 0.448991 0.988790
vt 0.492091 0.910190
vt 0.433257 0.996558
vt 0.433919 0.971409
vt 0.453133 0.950676
vt 0.414645 0.959120
vt 0.394278 0.957625
vt 0.379426 1.000396
vt 0.367772 0.948463
vt 0.392068 0.973677
vt 0.396721 0.942812
vt 0.383547 0.921506
vt 0.401602 0.925215
vt 0.417813 0.938994
vt 0.417166 0.908340
vt 0.406250 0.873528
vt 0.419546 0.865247
vt 0.398438 0.891107
vt 0.370176 0.898972
vt 0.387743 0.895522
vt 0.371659 0.865025
vt 0.382812 0.863626
vt 0.390625 0.819320
vt 0.398438 0.828236
vt 0.468484 0.884732
vt 0.427382 0.848836
vt 0.453878 0.842688
vt 0.477910 0.798863
vt 0.344500 0.998576
vt 0.315607 0.962927
vt 0.344969 0.951713
vt 0.317884 0.925052
vt 0.340781 0.909811
vt 0.357240 0.919550
vt 0.313083 0.994837
vt 0.304688 0.955377
vt 0.295264 0.956319
vt 0.277228 0.976177
vt 0.294454 0.922262
vt 0.273438 0.901366
vt 0.281250 0.918161
vt 0.306847 0.920876
vt 0.289062 0.895137
vt 0.308467 0.885684
vt 0.297116 0.871050
vt 0.253905 0.899515
vt 0.261368 0.868960
vt 0.260074 0.940526
vt 0.250000 0.859580
vt 0.281250 0.824302
vt 0.265625 0.835464
vt 0.268685 0.800585
vt 0.312500 0.826099
vt 0.352157 0.860845
vt 0.322571 0.825985
vt 0.351738 0.834083
vt 0.323707 0.861138
vt 0.313482 0.780029
vt 0.316309 0.757930
vt 0.347149 0.766112
vt 0.375000 0.798322
vt 0.365661 0.761410
vt 0.375000 0.743986
vt 0.296875 0.778308
vt 0.304688 0.795806
vt 0.284585 0.783251
vt 0.254055 0.807874
vt 0.271214 0.766070
vt 0.252012 0.760939
vt 0.268040 0.774245
vt 0.251570 0.739529
vt 0.299395 0.760113
vt 0.284433 0.735002
vt 0.292101 0.730397
vt 0.301026 0.724342
vt 0.300576 0.694824
vt 0.260753 0.728071
vt 0.284474 0.693257
vt 0.333849 0.706385
vt 0.351308 0.712987
vt 0.367188 0.699692
vt 0.375000 0.697100
vt 0.498993 0.748978
vt 0.500000 0.846079
vt 0.448219 0.791606
vt 0.451362 0.698721
vt 0.401173 0.795949
vt 0.382812 0.789028
vt 0.385417 0.751474
vt 0.410124 0.745738
vt 0.418444 0.709279
vt 0.393675 0.696591
vt 0.410752 0.315187
vt 0.396623 0.261886
vt 0.419630 0.212824
vt 0.459271 0.247915
vt 0.435532 0.167238
vt 0.382187 0.257021
vt 0.405112 0.170038
vt 0.378535 0.234039
vt 0.396120 0.176728
vt 0.414134 0.172761
vt 0.475624 0.218175
vt 0.346260 0.286382
vt 0.364511 0.194039
vt 0.296028 0.326216
vt 0.325195 0.251100
vt 0.268000 0.291479
vt 0.286625 0.251972
vt 0.274760 0.294428
vt 0.292204 0.270496
vt 0.293725 0.248899
vt 0.310759 0.224091
vt 0.283700 0.212559
vt 0.303565 0.164840
vt 0.310065 0.200626
vt 0.320455 0.184313
vt 0.252656 0.260380
vt 0.271574 0.218279
vt 0.255953 0.277415
vt 0.252931 0.237094
vt 0.265625 0.195177
vt 0.273438 0.147553
vt 0.250000 0.167574
vt 0.257812 0.147526
vt 0.257812 0.197573
vt 0.281250 0.141894
vt 0.294509 0.137703
vt 0.315414 0.146759
vt 0.380181 0.180449
vt 0.347674 0.188664
vt 0.351529 0.145830
vt 0.348885 0.166950
vt 0.348071 0.211817
vt 0.374940 0.151541
vt 0.375588 0.130043
vt 0.340573 0.135967
vt 0.315022 0.112119
vt 0.339590 0.100984
vt 0.344878 0.069274
vt 0.358047 0.101628
vt 0.363323 0.067458
vt 0.377513 0.072714
vt 0.388854 0.087805
vt 0.289062 0.116887
vt 0.301031 0.100624
vt 0.265625 0.102471
vt 0.250000 0.094408
vt 0.253091 0.064171
vt 0.274961 0.075023
vt 0.285059 0.070059
vt 0.292474 0.053531
vt 0.304688 0.071940
vt 0.309544 0.033096
vt 0.314637 0.079666
vt 0.265625 0.054831
vt 0.267692 0.014631
vt 0.277788 0.014270
vt 0.254557 0.014337
vt 0.293757 0.023019
vt 0.339705 0.010107
vt 0.356521 0.003401
vt 0.437960 0.124337
vt 0.415238 0.125398
vt 0.393973 0.132957
vt 0.391362 0.108129
vt 0.360839 0.119990
vt 0.425392 0.092194
vt 0.427410 0.057039
vt 0.398135 0.060297
vt 0.382256 0.005505
vt 0.446980 0.008494
vt 0.445220 0.033433
vt 0.414780 0.005922
vt 0.476315 0.105097
vt 0.485356 0.054822
vt 0.498684 0.117479
vt 0.446741 0.056038
vt 0.492336 0.014096
vt 0.500000 0.059091
vt 0.217891 0.645678
vt 0.241801 0.586094
vt 0.271200 0.636997
vt 0.280058 0.580989
vt 0.287253 0.659346
vt 0.300336 0.547569
vt 0.295904 0.606079
vt 0.274964 0.537980
vt 0.289100 0.525001
vt 0.239877 0.532019
vt 0.245698 0.491103
vt 0.296875 0.514611
vt 0.277686 0.490036
vt 0.306901 0.509140
vt 0.317689 0.537629
vt 0.332539 0.582764
vt 0.336239 0.524422
vt 0.344186 0.553426
vt 0.348808 0.496235
vt 0.360979 0.519882
vt 0.380344 0.584006
vt 0.354787 0.585792
vt 0.341688 0.672718
vt 0.300646 0.651866
vt 0.340402 0.622828
vt 0.363113 0.635734
vt 0.237018 0.345482
vt 0.268273 0.418646
vt 0.243266 0.439847
vt 0.286535 0.467142
vt 0.289062 0.425584
vt 0.298254 0.461523
vt 0.281250 0.371449
vt 0.300851 0.390290
vt 0.335993 0.475106
vt 0.264829 0.358567
vt 0.273438 0.372314
vt 0.290384 0.332296
vt 0.333664 0.308291
vt 0.332684 0.432293
vt 0.358756 0.290419
vt 0.348636 0.431563
vt 0.366189 0.298231
vt 0.360474 0.431138
vt 0.376770 0.321769
vt 0.385184 0.364267
vt 0.361031 0.487284
vt 0.383011 0.482890
vt 0.402965 0.450687
vt 0.402752 0.495780
vt 0.390625 0.518549
vt 0.421740 0.490784
vt 0.441129 0.495606
vt 0.423757 0.519507
vt 0.401693 0.366973
vt 0.420613 0.359868
vt 0.507036 0.369919
vt 0.440326 0.447416
vt 0.482974 0.425100
vt 0.435651 0.326654
vt 0.469047 0.331029
vt 0.512552 0.415642
vt 0.477712 0.467685
vt 0.497957 0.469004
vt 0.499384 0.514710
vt 0.480463 0.500103
vt 0.388821 0.638238
vt 0.394839 0.575794
vt 0.402297 0.618572
vt 0.409877 0.565544
vt 0.421643 0.590043
vt 0.416399 0.650005
vt 0.402745 0.685473
vt 0.380319 0.522806
vt 0.402387 0.531873
vt 0.438330 0.537956
vt 0.442092 0.608947
vt 0.478095 0.538402
vt 0.480912 0.575884
vt 0.503060 0.553362
vt 0.498213 0.638552
vt 0.769172 0.618105
vt 0.781250 0.533723
vt 0.781250 0.633330
vt 0.789062 0.549153
vt 0.793417 0.644212
vt 0.796875 0.583243
vt 0.805516 0.604657
vt 0.815922 0.659996
vt 0.804688 0.659603
vt 0.769584 0.495446
vt 0.785638 0.491168
vt 0.797826 0.492787
vt 0.807361 0.498438
vt 0.800547 0.537081
vt 0.821197 0.555029
vt 0.831551 0.515374
vt 0.850856 0.556429
vt 0.861996 0.526116
vt 0.873949 0.571170
vt 0.831235 0.492611
vt 0.855435 0.485520
vt 0.864085 0.604490
vt 0.839320 0.601916
vt 0.851803 0.644840
vt 0.814150 0.622280
vt 0.727419 0.449563
vt 0.766975 0.468163
vt 0.734808 0.481600
vt 0.770347 0.449734
vt 0.783978 0.459172
vt 0.753622 0.438103
vt 0.754791 0.392522
vt 0.770032 0.407558
vt 0.781250 0.406938
vt 0.792744 0.432217
vt 0.805325 0.465102
vt 0.771888 0.356222
vt 0.796875 0.387116
vt 0.804688 0.334429
vt 0.807580 0.380313
vt 0.789062 0.375784
vt 0.817466 0.399148
vt 0.836523 0.416533
vt 0.807675 0.436425
vt 0.851298 0.361791
vt 0.823766 0.356671
vt 0.851332 0.338744
vt 0.859714 0.367567
vt 0.848165 0.434073
vt 0.829306 0.467559
vt 0.856750 0.457841
vt 0.839290 0.471969
vt 0.863202 0.411230
vt 0.873101 0.442364
vt 0.881476 0.391644
vt 0.869675 0.472258
vt 0.884947 0.503462
vt 0.887213 0.465606
vt 0.900723 0.497507
vt 0.900131 0.439470
vt 0.907476 0.470285
vt 0.921973 0.453529
vt 0.935590 0.411295
vt 0.970553 0.434689
vt 0.918204 0.516605
vt 0.927238 0.489714
vt 0.928601 0.367994
vt 0.873151 0.365031
vt 0.893352 0.341530
vt 0.958261 0.379894
vt 0.972808 0.402165
vt 0.981482 0.348523
vt 0.997186 0.347861
vt 0.993850 0.383625
vt 0.989275 0.424042
vt 0.974640 0.464485
vt 1.000000 0.404009
vt 0.997482 0.445571
vt 0.988831 0.480396
vt 0.894950 0.636630
vt 0.902444 0.663523
vt 0.899961 0.574388
vt 0.925140 0.594794
vt 0.925602 0.636628
vt 0.887540 0.531947
vt 0.902744 0.532564
vt 0.933590 0.514831
vt 0.918360 0.559892
vt 0.932037 0.546437
vt 0.964467 0.513515
vt 0.966317 0.554255
vt 0.950804 0.562128
vt 0.980313 0.518275
vt 0.995343 0.525122
vt 0.977668 0.574043
vt 0.966123 0.619896
vt 0.949107 0.614804
vt 0.947650 0.657014
vt 0.987878 0.567409
vt 0.998198 0.615301
vt 1.000000 0.576518
vt 0.983123 0.656893
vt 0.966026 0.666667
vt 0.999986 0.658769
vt 0.556419 0.561808
vt 0.555547 0.666796
vt 0.503829 0.631019
vt 0.594339 0.663561
vt 0.532069 0.525079
vt 0.515844 0.493003
vt 0.547363 0.492455
vt 0.563123 0.505756
vt 0.581889 0.512439
vt 0.592709 0.556153
vt 0.625229 0.613335
vt 0.591881 0.626253
vt 0.624650 0.664879
vt 0.525311 0.449068
vt 0.584040 0.432648
vt 0.561269 0.463279
vt 0.567886 0.352977
vt 0.570055 0.375063
vt 0.547842 0.337776
vt 0.634605 0.407401
vt 0.588368 0.472989
vt 0.605278 0.492264
vt 0.623883 0.446324
vt 0.637762 0.475462
vt 0.629193 0.502822
vt 0.606300 0.512737
vt 0.649252 0.497414
vt 0.656179 0.448358
vt 0.670704 0.477000
vt 0.668346 0.495566
vt 0.683879 0.490645
vt 0.631474 0.338771
vt 0.700508 0.377027
vt 0.682784 0.333996
vt 0.651364 0.385655
vt 0.685166 0.430118
vt 0.731979 0.375236
vt 0.697110 0.407341
vt 0.707721 0.466145
vt 0.682991 0.460627
vt 0.712524 0.488449
vt 0.745538 0.498881
vt 0.667462 0.635481
vt 0.706539 0.560134
vt 0.695081 0.592764
vt 0.643990 0.512960
vt 0.670280 0.512515
vt 0.691078 0.543521
vt 0.695906 0.491167
vt 0.721104 0.528719
vt 0.765730 0.539523
vt 0.732419 0.575170
vt 0.752522 0.636229
vt 0.714555 0.606915
vt 0.695605 0.663602
vt 0.006098 0.578372
vt 0.037052 0.633819
vt 0.016238 0.639468
vt 0.056739 0.563858
vt 0.075206 0.598382
vt 0.041012 0.582920
vt 0.080952 0.664545
vt 0.047533 0.666667
vt 0.000247 0.520074
vt 0.032373 0.534815
vt 0.028421 0.503235
vt 0.048267 0.488960
vt 0.051323 0.521833
vt 0.065288 0.495105
vt 0.074194 0.543414
vt 0.091386 0.571713
vt 0.074410 0.571731
vt 0.089725 0.511636
vt 0.102335 0.541917
vt 0.105245 0.508833
vt 0.120076 0.493976
vt 0.120947 0.518393
vt 0.121867 0.552226
vt 0.117097 0.589240
vt 0.132386 0.582523
vt 0.079528 0.619817
vt 0.087174 0.652978
vt 0.100472 0.594097
vt 0.112163 0.619593
vt 0.120984 0.660915
vt 0.000000 0.500000
vt 0.020525 0.479603
vt 0.000000 0.473517
vt 0.005140 0.451383
vt 0.006502 0.399010
vt 0.018489 0.421176
vt 0.065467 0.422635
vt 0.040691 0.468377
vt 0.042026 0.365654
vt 0.050191 0.380728
vt 0.109279 0.333333
vt 0.133636 0.338285
vt 0.111409 0.351477
vt 0.137246 0.369332
vt 0.099247 0.368587
vt 0.104455 0.405186
vt 0.092717 0.485995
vt 0.087212 0.452399
vt 0.121073 0.416069
vt 0.144672 0.466906
vt 0.172344 0.498701
vt 0.138033 0.427794
vt 0.168097 0.423868
vt 0.172695 0.463664
vt 0.208194 0.459658
vt 0.164128 0.389947
vt 0.162593 0.354313
vt 0.186127 0.383507
vt 0.176312 0.342789
vt 0.213172 0.394462
vt 0.229241 0.452535
vt 0.212466 0.364478
vt 0.210938 0.333333
vt 0.214709 0.510050
vt 0.199908 0.506226
vt 0.231279 0.497758
vt 0.145324 0.621023
vt 0.158738 0.662410
vt 0.159388 0.599122
vt 0.161050 0.578048
vt 0.187777 0.638274
vt 0.199167 0.656109
vt 0.140166 0.531510
vt 0.146971 0.561025
vt 0.137443 0.512016
vt 0.155476 0.516504
vt 0.163907 0.545242
vt 0.175617 0.524750
vt 0.190129 0.526239
vt 0.183341 0.563313
vt 0.198780 0.555996
vt 0.190275 0.592925
vt 0.210460 0.541397
vt 0.224100 0.529643
vt 0.255233 0.560450
vt 0.225610 0.610512
vt 0.467144 0.980173
vt 0.477005 0.939485
vt 0.484375 1.000000
vt 0.496594 0.996357
vt 0.494674 0.930032
vt 0.456583 0.998366
vt 0.442476 0.986797
vt 0.449139 0.952479
vt 0.460751 0.920946
vt 0.434299 0.934708
vt 0.441743 0.894774
vt 0.434237 0.995399
vt 0.424860 0.964304
vt 0.390625 1.000000
vt 0.374292 0.990186
vt 0.396084 0.987847
vt 0.379048 0.955519
vt 0.411202 0.934844
vt 0.372338 0.920385
vt 0.395339 0.905322
vt 0.418360 0.907408
vt 0.426471 0.887551
vt 0.399696 0.875117
vt 0.349558 0.876283
vt 0.367222 0.853589
vt 0.429688 0.848558
vt 0.444967 0.852997
vt 0.407251 0.844848
vt 0.418212 0.816390
vt 0.472774 0.866220
vt 0.500000 0.869365
vt 0.360618 0.997092
vt 0.343160 0.989898
vt 0.333602 0.938906
vt 0.352162 0.947271
vt 0.327840 0.998645
vt 0.320312 0.927573
vt 0.343354 0.907398
vt 0.259232 0.966176
vt 0.277178 0.936887
vt 0.269987 0.985338
vt 0.253517 0.933541
vt 0.266443 0.898508
vt 0.304460 0.991971
vt 0.297775 0.948556
vt 0.309731 0.904681
vt 0.281618 0.885998
vt 0.251362 0.890399
vt 0.266184 0.847001
vt 0.250000 0.838727
vt 0.272784 0.814020
vt 0.310888 0.847540
vt 0.320312 0.819220
vt 0.327190 0.781345
vt 0.364867 0.804162
vt 0.365159 0.757349
vt 0.307599 0.771242
vt 0.347873 0.744539
vt 0.300363 0.782480
vt 0.252170 0.791059
vt 0.265781 0.768200
vt 0.282251 0.734690
vt 0.298645 0.713334
vt 0.308964 0.717540
vt 0.278460 0.697995
vt 0.251937 0.737012
vt 0.250000 0.708322
vt 0.362078 0.717421
vt 0.327839 0.744459
vt 0.469996 0.763587
vt 0.491180 0.799193
vt 0.397786 0.757519
vt 0.434269 0.678681
vt 0.416949 0.712281
vt 0.372480 0.710915
vt 0.387800 0.697139
vt 0.496984 0.307315
vt 0.472022 0.268599
vt 0.424062 0.225188
vt 0.410544 0.215318
vt 0.396089 0.217354
vt 0.438182 0.179177
vt 0.400603 0.183142
vt 0.425658 0.166143
vt 0.417744 0.147550
vt 0.480453 0.192995
vt 0.463096 0.131794
vt 0.500000 0.220933
vt 0.495182 0.155980
vt 0.351221 0.270547
vt 0.277365 0.280847
vt 0.284312 0.288115
vt 0.252464 0.265956
vt 0.292768 0.239512
vt 0.299123 0.256699
vt 0.309120 0.208383
vt 0.253025 0.222099
vt 0.271703 0.182679
vt 0.272420 0.226366
vt 0.250000 0.177100
vt 0.262218 0.180023
vt 0.319889 0.221527
vt 0.354315 0.197677
vt 0.346664 0.239543
vt 0.349270 0.160663
vt 0.324759 0.156548
vt 0.330272 0.166992
vt 0.354557 0.122316
vt 0.386239 0.083904
vt 0.389167 0.144337
vt 0.312329 0.133607
vt 0.321821 0.122752
vt 0.344868 0.105405
vt 0.319056 0.096173
vt 0.384424 0.043211
vt 0.298557 0.199180
vt 0.294461 0.122349
vt 0.286106 0.182440
vt 0.253808 0.144974
vt 0.270350 0.133113
vt 0.276041 0.095714
vt 0.261109 0.085806
vt 0.301497 0.053808
vt 0.265719 0.041528
vt 0.251569 0.053375
vt 0.252813 0.007780
vt 0.269425 0.005472
vt 0.294036 0.019342
vt 0.379426 0.034234
vt 0.319570 0.011794
vt 0.348416 0.014954
vt 0.363854 0.008065
vt 0.379788 0.000446
vt 0.484906 0.102479
vt 0.435673 0.107581
vt 0.454449 0.050433
vt 0.449933 0.113397
vt 0.476225 0.063940
vt 0.398583 0.151046
vt 0.409732 0.138074
vt 0.403339 0.110330
vt 0.418262 0.087597
vt 0.434913 0.044100
vt 0.429458 0.087519
vt 0.406718 0.026045
vt 0.387761 0.003818
vt 0.425230 0.005407
vt 0.437500 0.002530
vt 0.500000 0.035187
vt 0.450435 0.016181
vt 0.477528 0.005403
vt 0.460938 0.002837
vt 0.495944 0.022132
vt 0.242243 0.631058
vt 0.261922 0.598302
vt 0.262337 0.646609
vt 0.268079 0.573559
vt 0.306665 0.556694
vt 0.294562 0.618684
vt 0.329470 0.587341
vt 0.298332 0.670258
vt 0.248191 0.579451
vt 0.259625 0.540406
vt 0.274456 0.543541
vt 0.287964 0.521180
vt 0.331435 0.511831
vt 0.341195 0.552953
vt 0.300523 0.525173
vt 0.358672 0.508108
vt 0.375000 0.544453
vt 0.361732 0.553783
vt 0.338734 0.631117
vt 0.363946 0.597472
vt 0.368494 0.652291
vt 0.340944 0.683185
vt 0.256325 0.475560
vt 0.267420 0.495829
vt 0.252838 0.524640
vt 0.262987 0.405546
vt 0.286239 0.427375
vt 0.302103 0.408478
vt 0.325309 0.470726
vt 0.296227 0.487333
vt 0.230367 0.362390
vt 0.239382 0.408190
vt 0.257346 0.359360
vt 0.286775 0.380031
vt 0.290468 0.327456
vt 0.320597 0.320937
vt 0.302727 0.371284
vt 0.329392 0.404066
vt 0.333486 0.357251
vt 0.355039 0.403322
vt 0.363642 0.317477
vt 0.371510 0.356990
vt 0.365523 0.471234
vt 0.385146 0.372759
vt 0.341395 0.468466
vt 0.379846 0.443259
vt 0.379050 0.487990
vt 0.442545 0.412095
vt 0.422298 0.480536
vt 0.408315 0.475434
vt 0.444023 0.464961
vt 0.408980 0.514346
vt 0.423110 0.349957
vt 0.433572 0.368759
vt 0.414198 0.310020
vt 0.505269 0.346912
vt 0.511327 0.394752
vt 0.483990 0.481148
vt 0.444339 0.506610
vt 0.487793 0.444705
vt 0.506284 0.488979
vt 0.481671 0.510716
vt 0.384218 0.595069
vt 0.402378 0.610722
vt 0.389083 0.655520
vt 0.416930 0.576442
vt 0.441117 0.620884
vt 0.419491 0.651293
vt 0.402319 0.693644
vt 0.382812 0.522765
vt 0.390625 0.554647
vt 0.394491 0.513992
vt 0.402364 0.549278
vt 0.429670 0.523015
vt 0.511894 0.539690
vt 0.482565 0.548694
vt 0.477081 0.591143
vt 0.514390 0.626878
vt 0.506195 0.563377
vt 0.748912 0.613423
vt 0.765625 0.526147
vt 0.754648 0.637911
vt 0.785403 0.614205
vt 0.808900 0.613523
vt 0.811207 0.665532
vt 0.773438 0.502201
vt 0.776438 0.565895
vt 0.745680 0.547803
vt 0.755427 0.517500
vt 0.753039 0.578752
vt 0.763222 0.480977
vt 0.781250 0.508825
vt 0.789722 0.496802
vt 0.789183 0.541079
vt 0.817980 0.492805
vt 0.810675 0.522717
vt 0.817675 0.586835
vt 0.825147 0.557109
vt 0.831723 0.521921
vt 0.839667 0.560189
vt 0.831859 0.491297
vt 0.846211 0.513947
vt 0.860131 0.497486
vt 0.863201 0.526544
vt 0.883904 0.511028
vt 0.861090 0.574437
vt 0.850274 0.601402
vt 0.823865 0.633592
vt 0.831200 0.620835
vt 0.839015 0.617786
vt 0.894111 0.639109
vt 0.876428 0.653069
vt 0.853837 0.664313
vt 0.841469 0.666667
vt 0.867188 0.666667
vt 0.754946 0.458663
vt 0.736007 0.485789
vt 0.769182 0.443470
vt 0.780387 0.466455
vt 0.755185 0.414905
vt 0.771415 0.379280
vt 0.782897 0.438019
vt 0.785956 0.409767
vt 0.809855 0.459995
vt 0.742925 0.357019
vt 0.762027 0.390643
vt 0.753299 0.340189
vt 0.783980 0.352018
vt 0.809306 0.407382
vt 0.828125 0.429278
vt 0.838710 0.364943
vt 0.838338 0.423225
vt 0.820312 0.409166
vt 0.828125 0.340264
vt 0.855976 0.337795
vt 0.860003 0.382125
vt 0.860632 0.445442
vt 0.885703 0.447064
vt 0.820312 0.459636
vt 0.837258 0.463197
vt 0.857181 0.471334
vt 0.871686 0.480875
vt 0.892388 0.482751
vt 0.913574 0.424790
vt 0.906250 0.473976
vt 0.928605 0.445070
vt 0.926497 0.484563
vt 0.914062 0.491417
vt 0.923653 0.513861
vt 0.891441 0.378665
vt 0.880711 0.343001
vt 0.893880 0.335707
vt 0.905039 0.349983
vt 0.948794 0.387218
vt 0.972889 0.344062
vt 0.983895 0.385699
vt 0.940053 0.333632
vt 0.995117 0.337598
vt 1.000000 0.377172
vt 0.956549 0.485547
vt 0.981886 0.423093
vt 0.976357 0.459071
vt 0.971399 0.486065
vt 0.965072 0.507970
vt 0.978864 0.501928
vt 0.989117 0.472640
vt 0.986824 0.532138
vt 0.912406 0.662942
vt 0.902663 0.617597
vt 0.873129 0.565787
vt 0.910159 0.580637
vt 0.903422 0.508078
vt 0.950023 0.515501
vt 0.894204 0.535248
vt 0.948353 0.556941
vt 0.971517 0.538889
vt 0.963813 0.573800
vt 0.980697 0.575597
vt 0.954526 0.642085
vt 0.945312 0.666667
vt 0.981557 0.655689
vt 0.994793 0.637547
vt 1.000000 0.595964
vt 0.550649 0.594856
vt 0.513321 0.517814
vt 0.546243 0.515142
vt 0.556324 0.538763
vt 0.549002 0.480442
vt 0.566358 0.513165
vt 0.582316 0.542999
vt 0.620170 0.565948
vt 0.585858 0.582853
vt 0.624648 0.506083
vt 0.630620 0.523950
vt 0.603424 0.512924
vt 0.643315 0.661811
vt 0.651307 0.609201
vt 0.574702 0.334550
vt 0.584029 0.363539
vt 0.552743 0.418198
vt 0.579122 0.401602
vt 0.621237 0.338452
vt 0.617037 0.366076
vt 0.583994 0.431739
vt 0.613420 0.395874
vt 0.616207 0.423618
vt 0.565624 0.462410
vt 0.582064 0.507812
vt 0.585406 0.465998
vt 0.601398 0.483277
vt 0.628424 0.445214
vt 0.627118 0.477778
vt 0.644921 0.481391
vt 0.660352 0.494642
vt 0.646622 0.506747
vt 0.656240 0.415102
vt 0.658976 0.455141
vt 0.680886 0.482840
vt 0.642797 0.385746
vt 0.667562 0.333333
vt 0.693397 0.361173
vt 0.659102 0.358679
vt 0.675759 0.390761
vt 0.687539 0.427026
vt 0.706997 0.401402
vt 0.712273 0.334628
vt 0.730165 0.371295
vt 0.739458 0.420995
vt 0.683633 0.452401
vt 0.698753 0.482562
vt 0.708835 0.442991
vt 0.719662 0.468238
vt 0.717312 0.495161
vt 0.698074 0.501137
vt 0.738884 0.460165
vt 0.673599 0.587697
vt 0.704450 0.611591
vt 0.669350 0.516101
vt 0.703181 0.536908
vt 0.644192 0.640097
vt 0.036200 0.564769
vt 0.056964 0.598958
vt 0.027530 0.599238
vt 0.085474 0.634012
vt 0.049390 0.626879
vt 0.021469 0.656985
vt 0.043614 0.509566
vt 0.054635 0.544435
vt 0.039194 0.541545
vt 0.023558 0.513030
vt 0.058429 0.498590
vt 0.059199 0.513363
vt 0.070870 0.543627
vt 0.073961 0.508236
vt 0.086702 0.520146
vt 0.089398 0.491904
vt 0.089681 0.550632
vt 0.105110 0.555060
vt 0.081904 0.577895
vt 0.083114 0.602191
vt 0.111705 0.588242
vt 0.111064 0.609691
vt 0.078737 0.661330
vt 0.122898 0.666667
vt 0.140189 0.654905
vt 0.000000 0.467619
vt 0.014149 0.473613
vt 0.000084 0.525881
vt 0.030853 0.432269
vt 0.044535 0.461065
vt 0.036173 0.490048
vt 0.000000 0.423797
vt 0.017819 0.358867
vt 0.066580 0.464212
vt 0.075816 0.371186
vt 0.048192 0.434568
vt 0.079395 0.406118
vt 0.100456 0.333360
vt 0.112237 0.354361
vt 0.110521 0.393049
vt 0.102150 0.430729
vt 0.089245 0.421852
vt 0.127668 0.406550
vt 0.149368 0.431620
vt 0.122608 0.440498
vt 0.177013 0.405517
vt 0.200447 0.432150
vt 0.174389 0.440220
vt 0.144825 0.364979
vt 0.152452 0.394354
vt 0.104150 0.375046
vt 0.138775 0.333444
vt 0.173897 0.373405
vt 0.194865 0.398950
vt 0.217610 0.377842
vt 0.224491 0.415958
vt 0.197314 0.350068
vt 0.206341 0.333333
vt 0.215775 0.523016
vt 0.236350 0.491696
vt 0.250000 0.499570
vt 0.238479 0.515360
vt 0.138683 0.604711
vt 0.171441 0.644869
vt 0.136081 0.565920
vt 0.157042 0.578946
vt 0.183624 0.612359
vt 0.197110 0.662526
vt 0.120719 0.555246
vt 0.135925 0.526620
vt 0.151867 0.542670
vt 0.146073 0.513668
vt 0.146814 0.484397
vt 0.174346 0.521046
vt 0.177051 0.485274
vt 0.195400 0.520253
vt 0.167541 0.543206
vt 0.193153 0.540286
vt 0.192661 0.573160
vt 0.222606 0.535615
vt 0.231779 0.570199
vt 0.223128 0.622271
vt 0.464425 0.999612
vt 0.440609 0.967712
vt 0.426488 0.902465
vt 0.426135 1.000000
vt 0.399112 0.972524
vt 0.425486 0.959310
vt 0.376926 0.966372
vt 0.387504 0.922274
vt 0.406665 0.958208
vt 0.396942 0.917414
vt 0.482927 0.961005
vt 0.438814 0.825065
vt 0.367487 0.805794
vt 0.404859 0.876756
vt 0.390653 0.814318
vt 0.419924 0.723542
vt 0.462386 0.867789
vt 0.499419 0.851432
vt 0.480315 0.881380
vt 0.484857 0.786062
vt 0.364943 1.000000
vt 0.337468 0.996459
vt 0.356547 0.978174
vt 0.334085 0.925008
vt 0.304213 0.976509
vt 0.317012 0.943882
vt 0.250000 0.927083
vt 0.253249 0.887651
vt 0.254242 0.972284
vt 0.274095 0.936333
vt 0.277381 0.887099
vt 0.299617 0.861115
vt 0.254645 0.833479
vt 0.279446 0.844965
vt 0.327597 0.848630
vt 0.350831 0.813060
vt 0.269859 0.789501
vt 0.291609 0.801381
vt 0.250000 0.793248
vt 0.253774 0.744372
vt 0.282042 0.758137
vt 0.318837 0.794391
vt 0.314985 0.750103
vt 0.265708 0.722513
vt 0.286633 0.730636
vt 0.250000 0.693951
vt 0.263842 0.683107
vt 0.383441 0.759171
vt 0.353125 0.760571
vt 0.374306 0.706179
vt 0.346899 0.727081
vt 0.304967 0.708697
vt 0.470160 0.780819
vt 0.487211 0.662309
vt 0.500000 0.730548
vt 0.500000 0.697917
vt 0.470000 0.271881
vt 0.451747 0.228164
vt 0.487270 0.322716
vt 0.486947 0.231670
vt 0.383147 0.282300
vt 0.417256 0.259020
vt 0.372967 0.262562
vt 0.382812 0.215234
vt 0.391259 0.197471
vt 0.363952 0.198842
vt 0.383903 0.148516
vt 0.465964 0.193572
vt 0.428078 0.179174
vt 0.442034 0.151745
vt 0.490705 0.169690
vt 0.343035 0.295568
vt 0.301417 0.281695
vt 0.345652 0.251275
vt 0.250000 0.295881
vt 0.269484 0.230320
vt 0.258872 0.319337
vt 0.283150 0.282645
vt 0.290175 0.247606
vt 0.324369 0.164988
vt 0.325505 0.195831
vt 0.290461 0.195095
vt 0.250000 0.245956
vt 0.258425 0.187854
vt 0.254297 0.266277
vt 0.284155 0.172694
vt 0.307742 0.134350
vt 0.347181 0.165585
vt 0.347386 0.202990
vt 0.375097 0.137503
vt 0.313027 0.095072
vt 0.270656 0.122326
vt 0.299695 0.079414
vt 0.255455 0.120977
vt 0.260106 0.038390
vt 0.292948 0.048171
vt 0.318305 0.021879
vt 0.282247 0.083491
vt 0.250000 0.047190
vt 0.276578 0.014188
vt 0.356797 0.051945
vt 0.378804 0.031445
vt 0.371826 0.101282
vt 0.330133 0.043502
vt 0.334820 0.002686
vt 0.476212 0.129417
vt 0.495564 0.118491
vt 0.500000 0.140502
vt 0.456819 0.134213
vt 0.474847 0.074256
vt 0.441512 0.111276
vt 0.462850 0.068117
vt 0.495210 0.062154
vt 0.411490 0.139931
vt 0.391787 0.114098
vt 0.414053 0.102717
vt 0.396305 0.066175
vt 0.402566 0.082543
vt 0.417186 0.065960
vt 0.417908 0.008931
vt 0.394024 0.010198
vt 0.429688 0.005104
vt 0.433745 0.055010
vt 0.440603 0.001494
vt 0.498283 0.027779
vt 0.450718 0.060857
vt 0.464856 0.010647
vt 0.492328 0.011885
vt 0.480844 0.000937
vt 0.268126 0.644906
vt 0.320597 0.621952
vt 0.320972 0.707378
vt 0.280726 0.669337
vt 0.237599 0.591927
vt 0.269902 0.552373
vt 0.261520 0.586334
vt 0.252291 0.536910
vt 0.263628 0.512846
vt 0.308168 0.568514
vt 0.314559 0.529620
vt 0.332880 0.555545
vt 0.333783 0.490595
vt 0.339378 0.525128
vt 0.344064 0.558999
vt 0.365501 0.553954
vt 0.364216 0.616098
vt 0.337421 0.630265
vt 0.342609 0.678204
vt 0.379403 0.590716
vt 0.372918 0.649223
vt 0.255866 0.435356
vt 0.269658 0.481706
vt 0.249844 0.463075
vt 0.257829 0.405845
vt 0.297765 0.462641
vt 0.272308 0.305807
vt 0.305293 0.358614
vt 0.300776 0.400243
vt 0.335036 0.371862
vt 0.333974 0.423795
vt 0.346897 0.411854
vt 0.352262 0.301369
vt 0.371234 0.372520
vt 0.334455 0.468118
vt 0.346270 0.474214
vt 0.362591 0.518778
vt 0.365894 0.498756
vt 0.374028 0.452951
vt 0.389674 0.480892
vt 0.379685 0.509130
vt 0.395211 0.516179
vt 0.382812 0.449996
vt 0.390625 0.434916
vt 0.407244 0.452744
vt 0.435584 0.364979
vt 0.436525 0.453292
vt 0.409471 0.482741
vt 0.419533 0.500676
vt 0.398438 0.350538
vt 0.398438 0.455377
vt 0.376850 0.312959
vt 0.390248 0.338175
vt 0.425502 0.305296
vt 0.415690 0.354498
vt 0.406250 0.345324
vt 0.447833 0.360176
vt 0.468032 0.366465
vt 0.453112 0.463162
vt 0.483317 0.337052
vt 0.521434 0.342399
vt 0.488639 0.437550
vt 0.443819 0.496463
vt 0.457778 0.496189
vt 0.445312 0.451438
vt 0.474190 0.465233
vt 0.482498 0.515301
vt 0.486213 0.485957
vt 0.505827 0.481467
vt 0.508420 0.519151
vt 0.382812 0.632915
vt 0.390625 0.597293
vt 0.394555 0.641689
vt 0.427215 0.598895
vt 0.445845 0.634433
vt 0.426983 0.639524
vt 0.408174 0.642148
vt 0.421505 0.683952
vt 0.426869 0.691837
vt 0.440536 0.672593
vt 0.375000 0.539033
vt 0.386377 0.548238
vt 0.400361 0.553216
vt 0.416861 0.527994
vt 0.442384 0.541948
vt 0.434429 0.564511
vt 0.419423 0.565702
vt 0.401062 0.594827
vt 0.466389 0.557722
vt 0.446031 0.593033
vt 0.461127 0.516846
vt 0.456538 0.671014
vt 0.468559 0.608736
vt 0.489963 0.668815
vt 0.501923 0.658849
vt 0.777259 0.605849
vt 0.789062 0.534830
vt 0.791687 0.631550
vt 0.800973 0.574875
vt 0.811030 0.642233
vt 0.762821 0.620540
vt 0.778996 0.537342
vt 0.726841 0.552454
vt 0.768213 0.510089
vt 0.754788 0.547138
vt 0.784564 0.492933
vt 0.799584 0.502371
vt 0.799431 0.531060
vt 0.820189 0.531722
vt 0.854519 0.488164
vt 0.855940 0.525111
vt 0.840180 0.529471
vt 0.871382 0.508200
vt 0.872149 0.536089
vt 0.859181 0.577890
vt 0.871967 0.578992
vt 0.837913 0.594287
vt 0.848462 0.655906
vt 0.832563 0.649557
vt 0.863632 0.626540
vt 0.880808 0.623773
vt 0.737609 0.481348
vt 0.742845 0.442976
vt 0.763497 0.480114
vt 0.778206 0.437937
vt 0.795169 0.440545
vt 0.801704 0.466459
vt 0.773438 0.341989
vt 0.784741 0.388023
vt 0.767595 0.385036
vt 0.802313 0.381775
vt 0.840577 0.424172
vt 0.872598 0.363761
vt 0.873069 0.414646
vt 0.836565 0.379614
vt 0.864294 0.343929
vt 0.828650 0.479863
vt 0.847882 0.453327
vt 0.859375 0.458125
vt 0.872868 0.460233
vt 0.882294 0.493986
vt 0.888502 0.470077
vt 0.890625 0.500774
vt 0.901584 0.490502
vt 0.882889 0.425666
vt 0.902217 0.449364
vt 0.899906 0.414611
vt 0.940347 0.439350
vt 0.940188 0.475291
vt 0.915259 0.481129
vt 0.884390 0.373898
vt 0.923547 0.386509
vt 0.882812 0.333333
vt 0.903976 0.338205
vt 0.926830 0.338672
vt 0.941416 0.376591
vt 0.974236 0.335653
vt 0.989272 0.350026
vt 0.968606 0.379262
vt 0.970061 0.464506
vt 0.957292 0.487452
vt 0.988119 0.394007
vt 0.996369 0.430393
vt 0.890662 0.642722
vt 0.880109 0.666372
vt 0.917529 0.643178
vt 0.902019 0.666267
vt 0.882812 0.529423
vt 0.892089 0.552799
vt 0.910723 0.534362
vt 0.941690 0.649807
vt 0.937500 0.666667
vt 0.924421 0.525245
vt 0.972299 0.501829
vt 0.959323 0.538315
vt 0.980647 0.546877
vt 0.993132 0.510112
vt 0.994312 0.553242
vt 0.988651 0.600526
vt 0.968725 0.650295
vt 0.990394 0.650872
vt 0.518543 0.617141
vt 0.529153 0.616180
vt 0.533181 0.665238
vt 0.509967 0.581554
vt 0.538801 0.576500
vt 0.553667 0.593717
vt 0.547664 0.619884
vt 0.513016 0.547240
vt 0.526342 0.586327
vt 0.523438 0.546047
vt 0.499005 0.553104
vt 0.518686 0.492558
vt 0.531176 0.521709
vt 0.551640 0.501008
vt 0.564694 0.544788
vt 0.574675 0.577538
vt 0.555270 0.565553
vt 0.587130 0.494972
vt 0.591102 0.526940
vt 0.578406 0.513892
vt 0.575938 0.543575
vt 0.604778 0.500616
vt 0.619516 0.503159
vt 0.605209 0.534214
vt 0.589753 0.557661
vt 0.605032 0.579019
vt 0.589728 0.583130
vt 0.617188 0.568357
vt 0.634473 0.551420
vt 0.631952 0.589047
vt 0.571408 0.602585
vt 0.596610 0.608973
vt 0.619829 0.619847
vt 0.593644 0.628684
vt 0.639500 0.635417
vt 0.518074 0.450259
vt 0.544785 0.384370
vt 0.524051 0.465855
vt 0.534844 0.490574
vt 0.546875 0.477953
vt 0.542335 0.439861
vt 0.556234 0.465288
vt 0.533413 0.357796
vt 0.508550 0.445978
vt 0.548050 0.357878
vt 0.539200 0.381246
vt 0.555416 0.391509
vt 0.576388 0.347759
vt 0.573538 0.402540
vt 0.593394 0.362562
vt 0.620522 0.380876
vt 0.601238 0.408562
vt 0.570101 0.462687
vt 0.604757 0.333667
vt 0.634150 0.394425
vt 0.587798 0.458325
vt 0.610788 0.478807
vt 0.637128 0.438995
vt 0.633460 0.486478
vt 0.644914 0.466037
vt 0.666470 0.470741
vt 0.644563 0.506210
vt 0.649348 0.383350
vt 0.659837 0.442447
vt 0.679948 0.436414
vt 0.689387 0.473664
vt 0.627096 0.361364
vt 0.649540 0.334592
vt 0.667963 0.364833
vt 0.717837 0.364701
vt 0.711873 0.414413
vt 0.740832 0.391313
vt 0.709519 0.497985
vt 0.689097 0.506033
vt 0.716155 0.522802
vt 0.631297 0.651694
vt 0.649447 0.649375
vt 0.657306 0.609272
vt 0.665104 0.569391
vt 0.669684 0.609776
vt 0.684003 0.582432
vt 0.683258 0.619647
vt 0.662231 0.653905
vt 0.687703 0.660648
vt 0.628835 0.521168
vt 0.665558 0.517921
vt 0.675262 0.534638
vt 0.690640 0.556804
vt 0.738164 0.650992
vt 0.005900 0.622532
vt 0.054388 0.664041
vt 0.010469 0.654525
vt 0.003020 0.561520
vt 0.035012 0.627455
vt 0.070721 0.640222
vt 0.003464 0.515800
vt 0.019005 0.535842
vt 0.061287 0.616966
vt 0.003226 0.485550
vt 0.042025 0.518347
vt 0.025468 0.478943
vt 0.065734 0.538284
vt 0.045229 0.545890
vt 0.066042 0.600858
vt 0.086389 0.582805
vt 0.067220 0.494650
vt 0.085896 0.515661
vt 0.106211 0.531130
vt 0.087208 0.488809
vt 0.105610 0.498175
vt 0.124540 0.518302
vt 0.121413 0.491327
vt 0.088830 0.666667
vt 0.101761 0.646680
vt 0.129926 0.624549
vt 0.136781 0.651743
vt 0.001568 0.424599
vt 0.022480 0.390425
vt 0.020632 0.432825
vt 0.046228 0.397991
vt 0.037508 0.439933
vt 0.064990 0.433234
vt 0.050049 0.473989
vt 0.000000 0.377835
vt 0.025186 0.349044
vt 0.056073 0.344947
vt 0.073595 0.363096
vt 0.072742 0.400832
vt 0.104519 0.391799
vt 0.095775 0.420341
vt 0.122569 0.343980
vt 0.137583 0.370794
vt 0.152828 0.389399
vt 0.130187 0.427427
vt 0.118550 0.446600
vt 0.097908 0.462605
vt 0.137007 0.469099
vt 0.136886 0.497000
vt 0.151855 0.486762
vt 0.152452 0.507391
vt 0.151957 0.456063
vt 0.150761 0.409262
vt 0.174473 0.436612
vt 0.171833 0.464701
vt 0.190685 0.485675
vt 0.169387 0.497120
vt 0.190218 0.505100
vt 0.158730 0.339051
vt 0.185838 0.364645
vt 0.201771 0.403375
vt 0.225477 0.378497
vt 0.202280 0.341753
vt 0.249843 0.343532
vt 0.208094 0.503094
vt 0.204066 0.453104
vt 0.216480 0.485658
vt 0.192419 0.422443
vt 0.169488 0.614680
vt 0.122769 0.592143
vt 0.164355 0.574420
vt 0.173952 0.637836
vt 0.170778 0.537599
vt 0.138360 0.516241
vt 0.171059 0.515003
vt 0.191204 0.579834
vt 0.212861 0.548948
vt 0.212527 0.577682
vt 0.208659 0.624934
vt 0.217183 0.657121
vt 0.476562 1.000000
vt 0.463232 0.983451
vt 0.473055 0.955840
vt 0.458760 1.000000
vt 0.439444 0.946347
vt 0.456306 0.934244
vt 0.494242 0.979192
vt 0.488860 0.875605
vt 0.440139 0.996860
vt 0.407186 0.956057
vt 0.423034 0.995742
vt 0.399935 0.991138
vt 0.390162 0.968780
vt 0.370314 0.895353
vt 0.387320 0.901466
vt 0.400649 0.862984
vt 0.440403 0.910871
vt 0.385395 0.804836
vt 0.406598 0.835614
vt 0.411003 0.796864
vt 0.458937 0.879450
vt 0.473821 0.851599
vt 0.435099 0.836616
vt 0.458634 0.842750
vt 0.477676 0.833566
vt 0.499039 0.871507
vt 0.500000 0.850944
vt 0.500000 0.832218
vt 0.309500 0.974615
vt 0.319077 0.957460
vt 0.330548 0.998629
vt 0.368664 0.978848
vt 0.358975 0.952216
vt 0.343738 0.874598
vt 0.357411 0.899616
vt 0.283612 0.986023
vt 0.304688 0.990772
vt 0.286601 0.927830
vt 0.262409 0.973422
vt 0.287104 0.891733
vt 0.270807 0.885985
vt 0.294490 0.843400
vt 0.324442 0.865534
vt 0.319661 0.921368
vt 0.254332 0.928223
vt 0.256703 0.881135
vt 0.261105 0.839822
vt 0.272538 0.816029
vt 0.310521 0.834757
vt 0.333183 0.927804
vt 0.359281 0.859257
vt 0.372845 0.813363
vt 0.343881 0.823421
vt 0.361023 0.795899
vt 0.331713 0.769153
vt 0.325259 0.830999
vt 0.305605 0.777977
vt 0.326629 0.754103
vt 0.347956 0.739095
vt 0.356311 0.752054
vt 0.294455 0.772025
vt 0.261757 0.793727
vt 0.252512 0.750960
vt 0.271873 0.756328
vt 0.307124 0.741625
vt 0.285761 0.725780
vt 0.256848 0.722282
vt 0.371665 0.728428
vt 0.340790 0.725063
vt 0.354888 0.711131
vt 0.373789 0.685934
vt 0.385497 0.682180
vt 0.486541 0.810862
vt 0.500000 0.782831
vt 0.474695 0.798750
vt 0.448936 0.768384
vt 0.473884 0.746503
vt 0.453903 0.797557
vt 0.495265 0.774318
vt 0.492554 0.753350
vt 0.500000 0.750000
vt 0.393177 0.777563
vt 0.407752 0.758297
vt 0.386765 0.729692
vt 0.401902 0.697256
vt 0.427118 0.754879
vt 0.454105 0.714249
vt 0.483952 0.714918
vt 0.439640 0.305869
vt 0.448118 0.266434
vt 0.495449 0.293262
vt 0.464343 0.221983
vt 0.482034 0.227763
vt 0.500000 0.267427
vt 0.500000 0.246484
vt 0.392484 0.272253
vt 0.379217 0.255172
vt 0.406396 0.264832
vt 0.427436 0.273536
vt 0.388260 0.189108
vt 0.420429 0.182503
vt 0.435555 0.223629
vt 0.385503 0.234667
vt 0.369460 0.210662
vt 0.378334 0.164020
vt 0.396970 0.154784
vt 0.481344 0.205841
vt 0.454499 0.191721
vt 0.365689 0.269794
vt 0.306234 0.320853
vt 0.329924 0.282013
vt 0.317702 0.263524
vt 0.270754 0.250723
vt 0.278974 0.189085
vt 0.292080 0.168023
vt 0.303280 0.221182
vt 0.253287 0.256375
vt 0.256683 0.204075
vt 0.252632 0.152555
vt 0.272309 0.122892
vt 0.350173 0.222512
vt 0.331466 0.200867
vt 0.350871 0.191709
vt 0.360007 0.167712
vt 0.374247 0.118248
vt 0.334967 0.126564
vt 0.351761 0.111332
vt 0.317355 0.137756
vt 0.307914 0.084433
vt 0.328048 0.075105
vt 0.361167 0.041588
vt 0.287355 0.117870
vt 0.278431 0.079088
vt 0.252548 0.055554
vt 0.325886 0.024560
vt 0.346968 0.007372
vt 0.375000 0.003764
vt 0.387069 0.063539
vt 0.475173 0.093470
vt 0.495115 0.136760
vt 0.479576 0.159360
vt 0.441609 0.141481
vt 0.455152 0.120207
vt 0.462594 0.173292
vt 0.442321 0.081196
vt 0.456377 0.055235
vt 0.417949 0.131884
vt 0.395905 0.107033
vt 0.417153 0.080552
vt 0.421158 0.002173
vt 0.465259 0.001393
vt 0.471750 0.028974
vt 0.469342 0.069526
vt 0.496533 0.015279
vt 0.500080 0.045748
vt 0.487154 0.001893
vt 0.252423 0.688102
vt 0.286089 0.647808
vt 0.278132 0.694358
vt 0.237344 0.604068
vt 0.280734 0.579170
vt 0.301449 0.602121
vt 0.325750 0.596894
vt 0.246153 0.553814
vt 0.277725 0.537979
vt 0.261927 0.519798
vt 0.283011 0.491186
vt 0.311536 0.505416
vt 0.309713 0.540745
vt 0.334725 0.547091
vt 0.335938 0.599079
vt 0.334467 0.482049
vt 0.342579 0.501784
vt 0.345403 0.552570
vt 0.365542 0.500488
vt 0.371138 0.533369
vt 0.371496 0.576588
vt 0.345963 0.622817
vt 0.335938 0.653731
vt 0.371255 0.609043
vt 0.371008 0.638195
vt 0.259727 0.467563
vt 0.261460 0.494028
vt 0.255608 0.428448
vt 0.287964 0.431084
vt 0.322834 0.416838
vt 0.307814 0.474277
vt 0.268376 0.358598
vt 0.288868 0.390053
vt 0.325529 0.365025
vt 0.335938 0.379643
vt 0.351844 0.313298
vt 0.343750 0.411163
vt 0.361262 0.330463
vt 0.352533 0.425861
vt 0.334212 0.447552
vt 0.343750 0.466583
vt 0.354751 0.473927
vt 0.369774 0.361100
vt 0.377209 0.446482
vt 0.386041 0.485805
vt 0.386925 0.511870
vt 0.399464 0.458674
vt 0.394103 0.426490
vt 0.437439 0.448165
vt 0.420546 0.512646
vt 0.426549 0.449805
vt 0.393326 0.364568
vt 0.408690 0.381160
vt 0.435086 0.377993
vt 0.447524 0.386625
vt 0.480383 0.383573
vt 0.461309 0.452638
vt 0.447899 0.328526
vt 0.515362 0.347523
vt 0.508222 0.384095
vt 0.436882 0.488760
vt 0.445312 0.474142
vt 0.448053 0.509503
vt 0.458584 0.489883
vt 0.481204 0.476165
vt 0.496607 0.455340
vt 0.479880 0.509866
vt 0.491927 0.481907
vt 0.520233 0.457524
vt 0.386005 0.632457
vt 0.402244 0.611891
vt 0.403530 0.655317
vt 0.385903 0.587266
vt 0.400723 0.564339
vt 0.419730 0.588134
vt 0.421699 0.634822
vt 0.424698 0.696415
vt 0.433832 0.627027
vt 0.434377 0.666677
vt 0.385959 0.544335
vt 0.399621 0.526463
vt 0.418586 0.544141
vt 0.433791 0.544045
vt 0.445833 0.578086
vt 0.433626 0.587943
vt 0.465294 0.550495
vt 0.464654 0.520199
vt 0.449828 0.676944
vt 0.447570 0.631051
vt 0.492049 0.675810
vt 0.474335 0.629953
vt 0.468075 0.585761
vt 0.502389 0.603952
vt 0.732629 0.656342
vt 0.773711 0.605461
vt 0.768728 0.657014
vt 0.739087 0.607802
vt 0.758518 0.569427
vt 0.793406 0.562298
vt 0.787465 0.648935
vt 0.807477 0.581786
vt 0.779986 0.544178
vt 0.762307 0.503879
vt 0.784989 0.496267
vt 0.793118 0.527334
vt 0.824253 0.538261
vt 0.815989 0.596649
vt 0.818916 0.482054
vt 0.839873 0.511958
vt 0.835938 0.550787
vt 0.843750 0.561830
vt 0.853681 0.480219
vt 0.871915 0.519650
vt 0.814378 0.650118
vt 0.828125 0.573775
vt 0.828125 0.658722
vt 0.835938 0.658916
vt 0.847883 0.645848
vt 0.851802 0.550620
vt 0.865741 0.583398
vt 0.868052 0.644659
vt 0.886543 0.636947
vt 0.854513 0.661169
vt 0.762067 0.464693
vt 0.759109 0.429804
vt 0.791344 0.457789
vt 0.770963 0.359255
vt 0.780477 0.405047
vt 0.781250 0.333333
vt 0.791037 0.357569
vt 0.817552 0.399686
vt 0.792596 0.409126
vt 0.832685 0.396715
vt 0.843750 0.438038
vt 0.832548 0.440317
vt 0.816161 0.337821
vt 0.832627 0.333333
vt 0.832116 0.358211
vt 0.848474 0.366177
vt 0.877255 0.365576
vt 0.854742 0.385336
vt 0.854671 0.425469
vt 0.873136 0.426851
vt 0.818707 0.459213
vt 0.835031 0.472701
vt 0.859375 0.455759
vt 0.872479 0.469991
vt 0.882812 0.497475
vt 0.889463 0.471710
vt 0.890539 0.519160
vt 0.896801 0.453325
vt 0.900803 0.494560
vt 0.884230 0.403420
vt 0.906750 0.425380
vt 0.911382 0.471144
vt 0.897784 0.352885
vt 0.933270 0.333333
vt 0.920179 0.370820
vt 0.945856 0.355035
vt 0.943473 0.412486
vt 0.980071 0.364013
vt 0.991321 0.404953
vt 0.967772 0.339591
vt 0.943890 0.465099
vt 0.969569 0.479433
vt 0.954751 0.499338
vt 0.994325 0.441508
vt 0.996744 0.478505
vt 0.919076 0.626869
vt 0.913791 0.539557
vt 0.941415 0.606427
vt 0.884003 0.567324
vt 0.936735 0.657013
vt 0.875000 0.570554
vt 0.916081 0.502619
vt 0.947646 0.539293
vt 0.964557 0.535429
vt 0.999871 0.545210
vt 0.981127 0.544943
vt 0.964574 0.631257
vt 0.531826 0.594756
vt 0.553917 0.628022
vt 0.534422 0.618443
vt 0.536849 0.573853
vt 0.548656 0.589923
vt 0.559046 0.585610
vt 0.562500 0.618074
vt 0.558111 0.650132
vt 0.524802 0.648755
vt 0.562500 0.666667
vt 0.544328 0.665745
vt 0.498730 0.555220
vt 0.524170 0.502720
vt 0.538729 0.533520
vt 0.549392 0.498985
vt 0.551104 0.547640
vt 0.576020 0.520651
vt 0.559673 0.521097
vt 0.566783 0.559659
vt 0.578125 0.567126
vt 0.574143 0.592206
vt 0.570312 0.535138
vt 0.589742 0.536173
vt 0.597045 0.503050
vt 0.604726 0.536160
vt 0.611376 0.488095
vt 0.619923 0.536054
vt 0.604629 0.577951
vt 0.619978 0.568170
vt 0.620484 0.593343
vt 0.573948 0.615825
vt 0.591083 0.629604
vt 0.575231 0.640207
vt 0.609613 0.641008
vt 0.576955 0.652838
vt 0.593394 0.666667
vt 0.589721 0.577219
vt 0.590417 0.608754
vt 0.606684 0.613929
vt 0.624409 0.619398
vt 0.607852 0.659071
vt 0.633794 0.653745
vt 0.511877 0.511973
vt 0.525434 0.469178
vt 0.529621 0.408519
vt 0.544908 0.477933
vt 0.554688 0.461255
vt 0.562500 0.471605
vt 0.537963 0.384471
vt 0.536015 0.333453
vt 0.567321 0.333333
vt 0.578822 0.343060
vt 0.542806 0.411405
vt 0.550617 0.370590
vt 0.569442 0.377779
vt 0.560430 0.404434
vt 0.570729 0.402558
vt 0.590144 0.390614
vt 0.597329 0.417324
vt 0.576817 0.412565
vt 0.583150 0.425791
vt 0.631076 0.343681
vt 0.605034 0.361839
vt 0.626368 0.383230
vt 0.597030 0.375000
vt 0.611316 0.395966
vt 0.611960 0.419803
vt 0.574152 0.471357
vt 0.583853 0.502511
vt 0.592979 0.464223
vt 0.635195 0.446948
vt 0.616687 0.457038
vt 0.649757 0.484828
vt 0.663024 0.469132
vt 0.652276 0.432577
vt 0.687570 0.450238
vt 0.689440 0.491445
vt 0.669594 0.502035
vt 0.654357 0.355510
vt 0.663756 0.382797
vt 0.645183 0.333333
vt 0.685932 0.378852
vt 0.666128 0.414862
vt 0.698688 0.334845
vt 0.729079 0.392062
vt 0.748582 0.376052
vt 0.712665 0.473917
vt 0.707416 0.431860
vt 0.728195 0.442005
vt 0.745446 0.498896
vt 0.713378 0.498092
vt 0.658045 0.660798
vt 0.640362 0.595944
vt 0.642583 0.618174
vt 0.636075 0.573716
vt 0.671898 0.577325
vt 0.683455 0.598565
vt 0.680709 0.623786
vt 0.681141 0.653084
vt 0.634441 0.540220
vt 0.661282 0.519072
vt 0.628699 0.500033
vt 0.691113 0.525220
vt 0.684148 0.562031
vt 0.697050 0.573731
vt 0.712209 0.526181
vt 0.718380 0.593396
vt 0.738147 0.544137
vt 0.701566 0.645498
vt 0.000000 0.613451
vt 0.036867 0.617535
vt 0.002704 0.646738
vt 0.022666 0.497776
vt 0.034107 0.543459
vt 0.006024 0.520833
vt 0.009865 0.552548
vt 0.055463 0.501611
vt 0.065255 0.535667
vt 0.083099 0.591265
vt 0.063154 0.622121
vt 0.075773 0.515403
vt 0.114322 0.542041
vt 0.101848 0.509630
vt 0.113212 0.491173
vt 0.130409 0.516418
vt 0.125149 0.590179
vt 0.099029 0.627963
vt 0.055711 0.661727
vt 0.111255 0.666893
vt 0.029914 0.454902
vt 0.036837 0.486191
vt 0.002429 0.438709
vt 0.026576 0.414403
vt 0.061026 0.401586
vt 0.075145 0.442278
vt 0.063212 0.479217
vt 0.004333 0.399350
vt 0.024858 0.365441
vt 0.001168 0.361531
vt 0.034331 0.335507
vt 0.065792 0.362125
vt 0.070312 0.333333
vt 0.102844 0.383436
vt 0.120075 0.342930
vt 0.144328 0.393135
vt 0.085868 0.484564
vt 0.101685 0.421492
vt 0.102461 0.457736
vt 0.121092 0.467828
vt 0.143435 0.499981
vt 0.151960 0.468265
vt 0.162671 0.492655
vt 0.132345 0.430379
vt 0.137074 0.468207
vt 0.157311 0.425805
vt 0.171225 0.455991
vt 0.191577 0.486985
vt 0.172506 0.376385
vt 0.201887 0.350786
vt 0.132441 0.333333
vt 0.227723 0.397173
vt 0.202220 0.448808
vt 0.210344 0.490169
vt 0.234506 0.447750
vt 0.226893 0.491678
vt 0.233063 0.520368
vt 0.133296 0.616572
vt 0.138424 0.663468
vt 0.159625 0.531795
vt 0.173057 0.633811
vt 0.174505 0.666667
vt 0.173408 0.508811
vt 0.187682 0.557907
vt 0.207058 0.522349
vt 0.224149 0.572883
vt 0.186003 0.519289
vt 0.200752 0.641069
vt 0.229824 0.648737
vt 0.434234 0.990832
vt 0.425500 0.934393
vt 0.448809 0.945865
vt 0.466408 0.968672
vt 0.470724 0.907695
vt 0.487061 0.932854
vt 0.482801 0.992390
vt 0.421875 0.979092
vt 0.406250 1.000000
vt 0.395487 0.993708
vt 0.390315 0.956185
vt 0.379020 0.997936
vt 0.365918 0.977186
vt 0.400425 0.950930
vt 0.388034 0.901990
vt 0.404501 0.927860
vt 0.414062 0.989494
vt 0.395078 0.875785
vt 0.404368 0.847426
vt 0.368527 0.871541
vt 0.488261 0.885585
vt 0.487318 0.861159
vt 0.500000 0.873327
vt 0.450452 0.858686
vt 0.500000 0.819978
vt 0.343248 0.998504
vt 0.322242 0.964162
vt 0.356489 0.954769
vt 0.309277 0.909353
vt 0.336179 0.916531
vt 0.366646 0.910019
vt 0.358615 0.907202
vt 0.300484 0.981401
vt 0.321034 0.995874
vt 0.279200 0.969169
vt 0.292048 0.929210
vt 0.261709 0.990711
vt 0.281250 1.000000
vt 0.261274 0.927141
vt 0.280596 0.906557
vt 0.297192 0.882173
vt 0.271449 0.886621
vt 0.294386 0.841203
vt 0.343750 0.877331
vt 0.324466 0.871354
vt 0.335938 0.859960
vt 0.343750 0.838140
vt 0.315816 0.851570
vt 0.335758 0.818307
vt 0.351562 0.848524
vt 0.374025 0.823510
vt 0.351819 0.803474
vt 0.370076 0.785719
vt 0.343750 0.802342
vt 0.311152 0.829636
vt 0.322480 0.808772
vt 0.339970 0.763537
vt 0.304141 0.762864
vt 0.329408 0.743416
vt 0.321688 0.770005
vt 0.364924 0.758749
vt 0.382514 0.758348
vt 0.275658 0.795339
vt 0.292989 0.786473
vt 0.265625 0.839371
vt 0.255567 0.764160
vt 0.270637 0.763680
vt 0.269255 0.737093
vt 0.311424 0.741007
vt 0.324686 0.715722
vt 0.250000 0.744808
vt 0.357149 0.707445
vt 0.381226 0.676948
vt 0.366427 0.736307
vt 0.344488 0.725988
vt 0.348440 0.680792
vt 0.448905 0.805286
vt 0.478867 0.758977
vt 0.438627 0.854404
vt 0.447579 0.752372
vt 0.433454 0.764263
vt 0.422547 0.871673
vt 0.409257 0.798425
vt 0.429271 0.733404
vt 0.391539 0.803685
vt 0.409445 0.767461
vt 0.403584 0.726750
vt 0.399219 0.687191
vt 0.474635 0.719852
vt 0.448029 0.720887
vt 0.500000 0.703926
vt 0.434704 0.275613
vt 0.454021 0.262591
vt 0.403173 0.276884
vt 0.367620 0.253917
vt 0.395802 0.239869
vt 0.422923 0.260877
vt 0.426504 0.328453
vt 0.439817 0.205408
vt 0.426282 0.168047
vt 0.369085 0.196557
vt 0.388258 0.183786
vt 0.411797 0.183310
vt 0.453690 0.209572
vt 0.476748 0.171852
vt 0.500000 0.215923
vt 0.487074 0.194186
vt 0.494845 0.163383
vt 0.486960 0.237068
vt 0.476147 0.216713
vt 0.492189 0.151111
vt 0.328884 0.315673
vt 0.354235 0.270114
vt 0.313571 0.249192
vt 0.342693 0.257933
vt 0.255893 0.253397
vt 0.295509 0.310350
vt 0.268670 0.342538
vt 0.284415 0.238517
vt 0.254402 0.171716
vt 0.270656 0.126127
vt 0.301263 0.208705
vt 0.357205 0.208510
vt 0.368662 0.136711
vt 0.309263 0.144244
vt 0.323641 0.134524
vt 0.328959 0.203432
vt 0.356697 0.129783
vt 0.350073 0.106382
vt 0.322079 0.077946
vt 0.349600 0.048595
vt 0.378357 0.096831
vt 0.368176 0.041806
vt 0.285195 0.126307
vt 0.307437 0.087172
vt 0.296412 0.083104
vt 0.314909 0.030493
vt 0.276146 0.088535
vt 0.300260 0.013201
vt 0.253658 0.052963
vt 0.277576 0.017174
vt 0.344059 0.006132
vt 0.369110 0.003052
vt 0.492190 0.124319
vt 0.465806 0.142774
vt 0.449459 0.113460
vt 0.469825 0.110617
vt 0.490098 0.084236
vt 0.417321 0.109404
vt 0.401282 0.123698
vt 0.431978 0.081895
vt 0.417373 0.022112
vt 0.432881 0.010268
vt 0.381337 0.058362
vt 0.397024 0.078964
vt 0.405511 0.005561
vt 0.393483 0.001799
vt 0.459165 0.053695
vt 0.478635 0.008900
vt 0.459331 0.006546
vt 0.498040 0.005004
vt 0.233741 0.659396
vt 0.269462 0.561527
vt 0.281583 0.629677
vt 0.301925 0.573991
vt 0.320391 0.577016
vt 0.314277 0.618225
vt 0.298614 0.662251
vt 0.242987 0.547486
vt 0.256197 0.543512
vt 0.262838 0.478472
vt 0.289368 0.488696
vt 0.319244 0.494261
vt 0.317171 0.527854
vt 0.281762 0.501615
vt 0.332580 0.548420
vt 0.343562 0.525245
vt 0.337026 0.503622
vt 0.367188 0.495562
vt 0.376015 0.492256
vt 0.361597 0.513888
vt 0.380165 0.528200
vt 0.372431 0.556137
vt 0.326933 0.674189
vt 0.331639 0.649263
vt 0.338680 0.626000
vt 0.351971 0.673839
vt 0.352223 0.548450
vt 0.376470 0.638727
vt 0.378433 0.680335
vt 0.244833 0.389740
vt 0.250231 0.497290
vt 0.273293 0.403209
vt 0.292656 0.446158
vt 0.297282 0.346382
vt 0.319328 0.436170
vt 0.241936 0.327849
vt 0.276828 0.379471
vt 0.313669 0.292147
vt 0.319072 0.371042
vt 0.328125 0.424980
vt 0.326687 0.302987
vt 0.339173 0.323060
vt 0.363773 0.386654
vt 0.338957 0.398770
vt 0.359148 0.296596
vt 0.382192 0.286238
vt 0.386589 0.359029
vt 0.334331 0.476534
vt 0.343200 0.433950
vt 0.349058 0.453472
vt 0.366129 0.423531
vt 0.367188 0.466903
vt 0.351968 0.486963
vt 0.377743 0.450517
vt 0.382812 0.481352
vt 0.401547 0.446300
vt 0.388918 0.415954
vt 0.402541 0.479070
vt 0.432616 0.432119
vt 0.429574 0.471356
vt 0.433032 0.404474
vt 0.440917 0.468765
vt 0.434931 0.500700
vt 0.386926 0.388437
vt 0.375000 0.426564
vt 0.427308 0.346285
vt 0.438982 0.369502
vt 0.445859 0.392896
vt 0.445880 0.433860
vt 0.469661 0.360385
vt 0.462879 0.406939
vt 0.443731 0.303082
vt 0.455287 0.319395
vt 0.496619 0.367840
vt 0.482482 0.396064
vt 0.442970 0.526382
vt 0.459438 0.476063
vt 0.472437 0.433193
vt 0.471130 0.476632
vt 0.487337 0.432963
vt 0.487702 0.482582
vt 0.463181 0.516006
vt 0.388734 0.586391
vt 0.411227 0.607565
vt 0.388442 0.617676
vt 0.393816 0.551527
vt 0.418145 0.578466
vt 0.441548 0.651691
vt 0.415250 0.682422
vt 0.394503 0.507314
vt 0.422927 0.532906
vt 0.436386 0.572379
vt 0.454158 0.528169
vt 0.498684 0.542482
vt 0.477983 0.537416
vt 0.471072 0.597512
vt 0.446280 0.611851
vt 0.476792 0.639607
vt 0.454610 0.684855
vt 0.468750 0.694600
vt 0.481338 0.695552
vt 0.513738 0.684510
vt 0.745027 0.626801
vt 0.766440 0.603893
vt 0.753298 0.652473
vt 0.785682 0.661223
vt 0.794957 0.556595
vt 0.793620 0.601757
vt 0.800854 0.662333
vt 0.743726 0.570736
vt 0.763179 0.546019
vt 0.760951 0.581473
vt 0.779004 0.513565
vt 0.746547 0.519843
vt 0.763893 0.492937
vt 0.795474 0.516358
vt 0.839843 0.524316
vt 0.828273 0.494226
vt 0.835938 0.493619
vt 0.848396 0.486911
vt 0.862966 0.494465
vt 0.846570 0.556215
vt 0.879335 0.486014
vt 0.885325 0.509191
vt 0.866004 0.568613
vt 0.835283 0.607993
vt 0.865854 0.607249
vt 0.851190 0.654322
vt 0.879869 0.663986
vt 0.783235 0.459601
vt 0.736411 0.374632
vt 0.763439 0.452217
vt 0.748320 0.477583
vt 0.795094 0.409916
vt 0.797801 0.483796
vt 0.763287 0.366696
vt 0.776886 0.429921
vt 0.792282 0.333490
vt 0.807595 0.348858
vt 0.828541 0.457007
vt 0.830680 0.342366
vt 0.836236 0.389086
vt 0.859561 0.357634
vt 0.890747 0.346000
vt 0.866709 0.391228
vt 0.814370 0.477792
vt 0.854661 0.455936
vt 0.904814 0.454464
vt 0.890625 0.491808
vt 0.914062 0.426306
vt 0.915764 0.491036
vt 0.929683 0.496745
vt 0.941167 0.451451
vt 0.937500 0.498528
vt 0.924950 0.356485
vt 0.922229 0.451659
vt 0.948283 0.355693
vt 0.968042 0.490799
vt 0.947553 0.497798
vt 0.975986 0.421064
vt 0.978215 0.493109
vt 0.990839 0.431850
vt 1.000000 0.476148
vt 0.907995 0.628898
vt 0.905472 0.501782
vt 0.912303 0.527749
vt 0.932881 0.549003
vt 0.932538 0.629065
vt 0.954467 0.537470
vt 0.958539 0.616883
vt 0.999184 0.545302
vt 0.977135 0.528256
vt 0.968750 0.527408
vt 0.990337 0.632449
vt 0.964807 0.660693
vt 1.000000 0.597276
vt 0.537518 0.611761
vt 0.540929 0.582229
vt 0.559029 0.613185
vt 0.542943 0.485519
vt 0.518020 0.524536
vt 0.548880 0.509038
vt 0.550027 0.534744
vt 0.566571 0.522609
vt 0.581666 0.533671
vt 0.574071 0.620861
vt 0.566693 0.496308
vt 0.581536 0.496380
vt 0.590704 0.512526
vt 0.604856 0.558917
vt 0.614413 0.496501
vt 0.627789 0.513929
vt 0.595430 0.603465
vt 0.632982 0.567829
vt 0.629174 0.588739
vt 0.568907 0.664095
vt 0.595469 0.637435
vt 0.605722 0.666667
vt 0.604892 0.620744
vt 0.637379 0.610436
vt 0.627448 0.635934
vt 0.498296 0.456319
vt 0.554735 0.422477
vt 0.564963 0.469625
vt 0.502720 0.420868
vt 0.535744 0.376501
vt 0.551282 0.401273
vt 0.526630 0.336078
vt 0.551029 0.339512
vt 0.566260 0.372304
vt 0.588798 0.388184
vt 0.601600 0.421958
vt 0.585341 0.333333
vt 0.612471 0.336808
vt 0.608669 0.361877
vt 0.622016 0.400939
vt 0.638785 0.386947
vt 0.630175 0.423340
vt 0.592223 0.453803
vt 0.596898 0.486344
vt 0.613506 0.453120
vt 0.629231 0.454760
vt 0.645502 0.475948
vt 0.657010 0.454935
vt 0.673441 0.421580
vt 0.683761 0.464975
vt 0.668025 0.446848
vt 0.673281 0.485181
vt 0.659767 0.486821
vt 0.697979 0.479230
vt 0.649026 0.413768
vt 0.654574 0.348633
vt 0.676473 0.362575
vt 0.670038 0.340254
vt 0.705384 0.369845
vt 0.696674 0.336762
vt 0.722646 0.333333
vt 0.755708 0.337657
vt 0.701682 0.497481
vt 0.697079 0.444418
vt 0.727666 0.464111
vt 0.701663 0.392542
vt 0.737530 0.492090
vt 0.718155 0.499282
vt 0.634142 0.666667
vt 0.652993 0.644419
vt 0.648438 0.666667
vt 0.667197 0.659587
vt 0.653152 0.578428
vt 0.657979 0.598139
vt 0.682347 0.618583
vt 0.700515 0.569383
vt 0.649103 0.537358
vt 0.640965 0.499613
vt 0.630091 0.491349
vt 0.656792 0.501120
vt 0.668545 0.529523
vt 0.682176 0.514216
vt 0.685460 0.541100
vt 0.733061 0.518790
vt 0.683097 0.666667
vt 0.704239 0.666667
vt 0.728813 0.563076
vt 0.702100 0.619581
vt 0.731694 0.605477
vt 0.720645 0.654133
vt 0.037192 0.561230
vt 0.065081 0.590976
vt 0.048829 0.621022
vt 0.054688 0.666667
vt 0.018226 0.654063
vt 0.013677 0.536510
vt 0.018615 0.587919
vt 0.012762 0.501607
vt 0.025859 0.501897
vt 0.037340 0.519297
vt 0.083453 0.497728
vt 0.106773 0.509114
vt 0.083174 0.555619
vt 0.109889 0.492374
vt 0.125941 0.539554
vt 0.111160 0.548328
vt 0.120175 0.587667
vt 0.130565 0.628049
vt 0.000000 0.493216
vt 0.021416 0.463824
vt 0.039807 0.469425
vt 0.093474 0.425893
vt 0.000824 0.429426
vt 0.060490 0.343862
vt 0.107684 0.375009
vt 0.126708 0.342524
vt 0.134844 0.360209
vt 0.132544 0.401904
vt 0.125338 0.441067
vt 0.125154 0.491423
vt 0.152863 0.442468
vt 0.155907 0.510974
vt 0.167719 0.441814
vt 0.177077 0.508101
vt 0.176882 0.370712
vt 0.191670 0.412627
vt 0.205459 0.391623
vt 0.212999 0.360067
vt 0.223772 0.407751
vt 0.179061 0.337811
vt 0.199454 0.332588
vt 0.234375 0.510392
vt 0.218750 0.509414
vt 0.210245 0.503520
vt 0.174361 0.417935
vt 0.188070 0.507544
vt 0.226316 0.487488
vt 0.186224 0.659901
vt 0.120545 0.664399
vt 0.172374 0.557959
vt 0.186008 0.580857
vt 0.157307 0.597708
vt 0.197369 0.595479
vt 0.159243 0.626640
vt 0.192410 0.630886
vt 0.152002 0.555678
vt 0.213344 0.540162
vt 0.225032 0.585671
vt 0.194416 0.518001
vt 0.226562 0.544656
vt 0.234407 0.553868
vt 0.242188 0.499755
vt 0.205738 0.666667
vt 0.221420 0.628707
vt 0.496392 0.991031
vt 0.450690 0.921256
vt 0.486198 0.943427
vt 0.458524 0.966639
vt 0.441013 0.937569
vt 0.500000 0.950784
vt 0.475965 0.896945
vt 0.390343 0.991342
vt 0.369348 0.975321
vt 0.384215 0.928271
vt 0.423337 0.918820
vt 0.421760 0.882808
vt 0.448876 0.894698
vt 0.386840 0.897763
vt 0.375250 0.872548
vt 0.377713 0.845399
vt 0.419732 0.825817
vt 0.398074 0.808293
vt 0.473237 0.881066
vt 0.491724 0.893745
vt 0.463704 0.882099
vt 0.461395 0.849412
vt 0.453125 0.850853
vt 0.433348 0.858009
vt 0.445312 0.830985
vt 0.460938 0.826779
vt 0.475309 0.820914
vt 0.498212 0.878317
vt 0.485373 0.848662
vt 0.488724 0.829388
vt 0.327478 0.981786
vt 0.343533 0.955112
vt 0.348506 0.996828
vt 0.287682 0.967636
vt 0.317848 1.000000
vt 0.297977 0.910853
vt 0.294364 0.869465
vt 0.314934 0.880808
vt 0.264205 0.816411
vt 0.288786 0.815013
vt 0.357537 0.922881
vt 0.340897 0.909541
vt 0.355868 0.884937
vt 0.355453 0.854221
vt 0.331569 0.927773
vt 0.335297 0.868654
vt 0.289715 0.792472
vt 0.350628 0.823594
vt 0.354989 0.748431
vt 0.342086 0.749672
vt 0.340602 0.840864
vt 0.300742 0.763223
vt 0.315558 0.771859
vt 0.364373 0.732525
vt 0.258384 0.747195
vt 0.250000 0.756282
vt 0.288746 0.766012
vt 0.252232 0.690407
vt 0.453125 0.809682
vt 0.440139 0.803737
vt 0.449511 0.765608
vt 0.462257 0.782704
vt 0.434919 0.753793
vt 0.445423 0.730029
vt 0.460938 0.752810
vt 0.485275 0.751090
vt 0.475452 0.794322
vt 0.491746 0.807308
vt 0.407541 0.732438
vt 0.498530 0.758530
vt 0.470872 0.728912
vt 0.470944 0.301051
vt 0.495562 0.292549
vt 0.459450 0.283856
vt 0.469424 0.268555
vt 0.436080 0.280637
vt 0.445655 0.244932
vt 0.460938 0.237614
vt 0.496692 0.264086
vt 0.411212 0.290552
vt 0.379177 0.246109
vt 0.412700 0.257283
vt 0.437427 0.227105
vt 0.398060 0.203806
vt 0.413172 0.215538
vt 0.379557 0.209593
vt 0.380470 0.160958
vt 0.424406 0.158401
vt 0.412670 0.150193
vt 0.476326 0.239734
vt 0.494947 0.209155
vt 0.468532 0.194983
vt 0.483667 0.210776
vt 0.453125 0.247973
vt 0.460938 0.200865
vt 0.453157 0.165004
vt 0.443507 0.151151
vt 0.340104 0.274843
vt 0.288694 0.311365
vt 0.283915 0.224245
vt 0.267647 0.308635
vt 0.300022 0.239460
vt 0.328743 0.233370
vt 0.251201 0.239378
vt 0.274599 0.197710
vt 0.273838 0.223014
vt 0.271408 0.174764
vt 0.283149 0.126087
vt 0.348096 0.200580
vt 0.326273 0.164065
vt 0.339501 0.151755
vt 0.362914 0.166868
vt 0.351479 0.119432
vt 0.365170 0.099973
vt 0.326668 0.133785
vt 0.325586 0.103388
vt 0.343037 0.093845
vt 0.339936 0.060970
vt 0.289543 0.137255
vt 0.294151 0.167586
vt 0.250743 0.159812
vt 0.267956 0.131312
vt 0.252401 0.091223
vt 0.256061 0.044285
vt 0.297064 0.070937
vt 0.269802 0.005246
vt 0.362644 0.014586
vt 0.325804 0.059866
vt 0.307906 0.044878
vt 0.325050 0.002887
vt 0.462376 0.158208
vt 0.484574 0.124183
vt 0.470508 0.120326
vt 0.460938 0.130804
vt 0.478573 0.075337
vt 0.441555 0.116944
vt 0.463186 0.073287
vt 0.499536 0.075462
vt 0.496187 0.126577
vt 0.398438 0.119228
vt 0.407686 0.074401
vt 0.381971 0.127043
vt 0.397611 0.060375
vt 0.421734 0.032375
vt 0.420166 0.102717
vt 0.431564 0.028539
vt 0.434546 0.060724
vt 0.379119 0.043608
vt 0.403686 0.005252
vt 0.421939 0.003335
vt 0.442810 0.007243
vt 0.483819 0.039416
vt 0.456901 0.020254
vt 0.196890 0.654498
vt 0.265102 0.568969
vt 0.276002 0.669115
vt 0.252955 0.533583
vt 0.265625 0.499748
vt 0.277350 0.504890
vt 0.291077 0.570927
vt 0.292205 0.497530
vt 0.291458 0.533332
vt 0.306801 0.511560
vt 0.309454 0.551969
vt 0.305925 0.597674
vt 0.328104 0.552484
vt 0.323280 0.582464
vt 0.323750 0.521395
vt 0.320677 0.491333
vt 0.335950 0.506108
vt 0.349603 0.485217
vt 0.354346 0.520271
vt 0.343750 0.516619
vt 0.366291 0.505059
vt 0.346671 0.559409
vt 0.373536 0.545794
vt 0.302387 0.654356
vt 0.316789 0.621279
vt 0.328856 0.658496
vt 0.333569 0.620581
vt 0.337493 0.661550
vt 0.351562 0.598933
vt 0.364239 0.606718
vt 0.370390 0.650947
vt 0.370630 0.581936
vt 0.381039 0.604062
vt 0.383489 0.644993
vt 0.248684 0.443909
vt 0.261002 0.459741
vt 0.250000 0.499467
vt 0.277373 0.377628
vt 0.308406 0.477752
vt 0.293748 0.461386
vt 0.279458 0.447721
vt 0.236100 0.334267
vt 0.270493 0.386541
vt 0.275739 0.335702
vt 0.292229 0.380958
vt 0.307463 0.321077
vt 0.320228 0.379682
vt 0.304895 0.412173
vt 0.331051 0.366017
vt 0.323060 0.335387
vt 0.339642 0.316948
vt 0.360042 0.305599
vt 0.340250 0.388747
vt 0.335252 0.473693
vt 0.346341 0.444167
vt 0.359364 0.398540
vt 0.369711 0.419875
vt 0.359375 0.441127
vt 0.377518 0.456232
vt 0.366611 0.468769
vt 0.376916 0.491851
vt 0.385739 0.407644
vt 0.405283 0.433740
vt 0.404942 0.483273
vt 0.435504 0.464645
vt 0.420296 0.501328
vt 0.372297 0.372569
vt 0.389921 0.362456
vt 0.384261 0.292256
vt 0.425368 0.331365
vt 0.435964 0.377115
vt 0.409651 0.405032
vt 0.435081 0.417114
vt 0.450033 0.399873
vt 0.446193 0.359737
vt 0.463292 0.366521
vt 0.476024 0.417099
vt 0.445975 0.448321
vt 0.466269 0.434728
vt 0.460538 0.316924
vt 0.483393 0.375772
vt 0.486848 0.408130
vt 0.492046 0.364226
vt 0.502953 0.360913
vt 0.506557 0.388487
vt 0.439202 0.494084
vt 0.458474 0.470805
vt 0.468750 0.478004
vt 0.488487 0.442174
vt 0.506242 0.436827
vt 0.476913 0.478084
vt 0.462237 0.497101
vt 0.496231 0.474358
vt 0.501158 0.497326
vt 0.431703 0.582986
vt 0.452740 0.641381
vt 0.419168 0.606706
vt 0.386569 0.555819
vt 0.380278 0.522255
vt 0.388147 0.494302
vt 0.402547 0.518712
vt 0.419649 0.530336
vt 0.430516 0.541184
vt 0.441191 0.569007
vt 0.453714 0.536875
vt 0.476568 0.526719
vt 0.461519 0.537752
vt 0.486687 0.525640
vt 0.476562 0.616175
vt 0.415459 0.667930
vt 0.440341 0.676752
vt 0.457128 0.632602
vt 0.468755 0.659869
vt 0.460938 0.681837
vt 0.466237 0.613118
vt 0.496376 0.540486
vt 0.486800 0.632217
vt 0.758899 0.638464
vt 0.770215 0.578120
vt 0.773438 0.651822
vt 0.782648 0.623800
vt 0.799529 0.581367
vt 0.796875 0.657555
vt 0.750000 0.540076
vt 0.760682 0.539319
vt 0.750292 0.607873
vt 0.772292 0.521732
vt 0.749952 0.505333
vt 0.770202 0.492234
vt 0.797170 0.511641
vt 0.812519 0.493287
vt 0.814922 0.530055
vt 0.784361 0.515384
vt 0.836707 0.587242
vt 0.838899 0.526152
vt 0.852968 0.573106
vt 0.863590 0.584129
vt 0.867471 0.512071
vt 0.875841 0.569625
vt 0.835938 0.663662
vt 0.850567 0.622208
vt 0.843822 0.666571
vt 0.873567 0.631370
vt 0.859889 0.656135
vt 0.876750 0.666667
vt 0.776446 0.428926
vt 0.750485 0.486391
vt 0.796118 0.457001
vt 0.736063 0.440413
vt 0.804125 0.394770
vt 0.812500 0.466857
vt 0.795843 0.484502
vt 0.776213 0.377756
vt 0.800880 0.337371
vt 0.828006 0.347445
vt 0.828125 0.333333
vt 0.842875 0.340880
vt 0.871004 0.333333
vt 0.870399 0.363110
vt 0.861019 0.341194
vt 0.847216 0.366182
vt 0.858269 0.411019
vt 0.835955 0.397384
vt 0.827151 0.482264
vt 0.834960 0.499475
vt 0.830782 0.444505
vt 0.848544 0.465937
vt 0.871445 0.396682
vt 0.874271 0.465124
vt 0.857231 0.486825
vt 0.857312 0.504929
vt 0.880232 0.492250
vt 0.887251 0.455404
vt 0.890847 0.489648
vt 0.906250 0.469159
vt 0.905959 0.498061
vt 0.911184 0.393024
vt 0.914062 0.477524
vt 0.921612 0.449830
vt 0.922275 0.484933
vt 0.929688 0.507337
vt 0.937500 0.470621
vt 0.937500 0.521476
vt 0.881410 0.366232
vt 0.890886 0.343015
vt 0.914062 0.333333
vt 0.921875 0.356473
vt 0.932751 0.374469
vt 0.964312 0.358058
vt 0.958284 0.440245
vt 0.976562 0.480315
vt 0.992640 0.362719
vt 0.996065 0.400448
vt 0.950542 0.503609
vt 0.978756 0.510521
vt 0.897515 0.602982
vt 0.913457 0.647874
vt 0.929688 0.638113
vt 0.941437 0.616397
vt 0.947560 0.652200
vt 0.894360 0.540118
vt 0.913143 0.536881
vt 0.928835 0.563687
vt 0.960938 0.550107
vt 0.951566 0.550493
vt 0.968171 0.504803
vt 0.981967 0.574565
vt 1.000000 0.523949
vt 0.992724 0.632536
vt 0.979836 0.660866
vt 0.514455 0.581455
vt 0.547262 0.626949
vt 0.506209 0.643003
vt 0.556816 0.600604
vt 0.571372 0.634022
vt 0.517587 0.546172
vt 0.540865 0.595408
vt 0.518561 0.515972
vt 0.544779 0.523736
vt 0.554848 0.503887
vt 0.559733 0.520588
vt 0.573865 0.599185
vt 0.591386 0.539071
vt 0.597336 0.580845
vt 0.575135 0.552468
vt 0.574281 0.512023
vt 0.587271 0.510435
vt 0.605281 0.528177
vt 0.598244 0.495439
vt 0.624617 0.513684
vt 0.616794 0.582980
vt 0.629000 0.572744
vt 0.592361 0.618820
vt 0.602403 0.635100
vt 0.622775 0.605039
vt 0.635030 0.617116
vt 0.602577 0.666667
vt 0.628214 0.666667
vt 0.639867 0.629612
vt 0.518104 0.485136
vt 0.559924 0.420589
vt 0.562562 0.447844
vt 0.530288 0.337108
vt 0.558375 0.371518
vt 0.521713 0.404512
vt 0.569682 0.397621
vt 0.590796 0.438140
vt 0.591478 0.333333
vt 0.599057 0.361633
vt 0.620693 0.339463
vt 0.639107 0.379032
vt 0.622656 0.397592
vt 0.615668 0.417829
vt 0.574845 0.479875
vt 0.588807 0.477302
vt 0.608497 0.438422
vt 0.604937 0.464166
vt 0.629104 0.453074
vt 0.614389 0.481901
vt 0.627181 0.495732
vt 0.644709 0.480539
vt 0.660356 0.496453
vt 0.643780 0.504557
vt 0.644263 0.423344
vt 0.648745 0.445005
vt 0.668130 0.447625
vt 0.668086 0.419885
vt 0.671196 0.397639
vt 0.690971 0.432788
vt 0.660124 0.474310
vt 0.675000 0.490101
vt 0.683793 0.477239
vt 0.640702 0.403579
vt 0.652759 0.389825
vt 0.662025 0.336644
vt 0.659181 0.347420
vt 0.689435 0.366841
vt 0.714829 0.388375
vt 0.696443 0.342812
vt 0.716496 0.336430
vt 0.748511 0.353956
vt 0.705443 0.480520
vt 0.696711 0.491246
vt 0.733081 0.494415
vt 0.706548 0.441325
vt 0.740339 0.492970
vt 0.653515 0.611483
vt 0.653932 0.647077
vt 0.671367 0.653649
vt 0.641122 0.599376
vt 0.660804 0.583760
vt 0.678517 0.626523
vt 0.670585 0.592209
vt 0.694364 0.614828
vt 0.652971 0.529569
vt 0.644374 0.574063
vt 0.665692 0.550756
vt 0.677405 0.512141
vt 0.690580 0.529605
vt 0.693909 0.555210
vt 0.714681 0.520355
vt 0.732735 0.514135
vt 0.739193 0.534320
vt 0.703395 0.666463
vt 0.727364 0.565332
vt 0.726439 0.650088
vt 0.013512 0.512897
vt 0.014828 0.628455
vt 0.000000 0.572917
vt 0.028319 0.535153
vt 0.059309 0.526104
vt 0.076245 0.599157
vt 0.071724 0.491340
vt 0.083643 0.502881
vt 0.095665 0.566454
vt 0.106398 0.500307
vt 0.113938 0.548454
vt 0.114224 0.490406
vt 0.126105 0.535201
vt 0.127675 0.580270
vt 0.114937 0.587476
vt 0.101186 0.652151
vt 0.060458 0.661949
vt 0.122331 0.632689
vt 0.135453 0.619687
vt 0.021270 0.462804
vt 0.029174 0.495899
vt 0.058128 0.471393
vt 0.080684 0.450805
vt 0.105682 0.362497
vt 0.101046 0.406808
vt 0.120363 0.381612
vt 0.126127 0.438845
vt 0.096672 0.478132
vt 0.126969 0.498127
vt 0.155168 0.500722
vt 0.181867 0.453311
vt 0.173813 0.502352
vt 0.145894 0.333333
vt 0.163470 0.340108
vt 0.171926 0.356540
vt 0.179266 0.376739
vt 0.184015 0.407205
vt 0.134492 0.403823
vt 0.215159 0.420504
vt 0.209592 0.397481
vt 0.212712 0.341404
vt 0.229620 0.387265
vt 0.249393 0.395945
vt 0.195283 0.510697
vt 0.187500 0.511543
vt 0.210985 0.509645
vt 0.209753 0.451785
vt 0.218750 0.513385
vt 0.226562 0.451767
vt 0.242285 0.464280
vt 0.242060 0.499072
vt 0.162338 0.666667
vt 0.176753 0.638495
vt 0.156396 0.594556
vt 0.182591 0.602892
vt 0.153810 0.567170
vt 0.152263 0.534615
vt 0.183012 0.523215
vt 0.207051 0.550945
vt 0.218750 0.546294
vt 0.215996 0.591919
vt 0.226824 0.478237
vt 0.226513 0.535892
vt 0.237753 0.589274
vt 0.169067 0.654964
vt 0.496692 0.992699
vt 0.460986 0.971135
vt 0.455533 0.937015
vt 0.476471 0.932897
vt 0.464263 0.996829
vt 0.439631 0.972121
vt 0.441034 0.938462
vt 0.444995 0.914036
vt 0.454232 0.912870
vt 0.500000 0.951787
vt 0.492419 0.953644
vt 0.491287 0.924233
vt 0.395016 0.997021
vt 0.373222 0.938101
vt 0.403449 0.922130
vt 0.417190 0.963378
vt 0.419654 0.917159
vt 0.436078 0.889125
vt 0.401636 0.882478
vt 0.424126 0.851656
vt 0.379997 0.826815
vt 0.406936 0.856602
vt 0.398315 0.802729
vt 0.437500 0.826693
vt 0.475323 0.896060
vt 0.487422 0.880335
vt 0.500000 0.881623
vt 0.468839 0.876866
vt 0.445312 0.846810
vt 0.454903 0.859366
vt 0.460432 0.853493
vt 0.453125 0.831041
vt 0.461606 0.842439
vt 0.476562 0.868054
vt 0.484494 0.847561
vt 0.475524 0.833768
vt 0.489653 0.827115
vt 0.337136 0.986341
vt 0.345370 0.959325
vt 0.356281 0.988065
vt 0.305219 0.989183
vt 0.326165 0.959597
vt 0.320312 1.000000
vt 0.331849 0.972106
vt 0.343750 0.929142
vt 0.334536 0.922283
vt 0.352182 0.927691
vt 0.370816 0.976472
vt 0.287229 0.992729
vt 0.313518 0.935171
vt 0.279237 0.973560
vt 0.297767 0.919463
vt 0.258303 0.917264
vt 0.278603 0.848597
vt 0.250000 0.851555
vt 0.263943 0.821208
vt 0.306062 0.846361
vt 0.374898 0.884310
vt 0.343750 0.894813
vt 0.353026 0.883701
vt 0.324842 0.893811
vt 0.335938 0.885718
vt 0.342237 0.857098
vt 0.328125 0.841379
vt 0.321716 0.785925
vt 0.357441 0.824302
vt 0.354313 0.854180
vt 0.332993 0.773159
vt 0.357107 0.788050
vt 0.368871 0.764917
vt 0.315288 0.821984
vt 0.316956 0.793355
vt 0.306180 0.743878
vt 0.323995 0.739934
vt 0.348509 0.755886
vt 0.356274 0.736049
vt 0.294294 0.820114
vt 0.301746 0.797179
vt 0.306174 0.780213
vt 0.250255 0.782929
vt 0.260314 0.791775
vt 0.278683 0.767412
vt 0.281065 0.730219
vt 0.294596 0.736420
vt 0.289798 0.667468
vt 0.298890 0.696542
vt 0.323402 0.712742
vt 0.341165 0.714625
vt 0.390302 0.721749
vt 0.357553 0.701256
vt 0.476604 0.805966
vt 0.489887 0.799791
vt 0.460938 0.818383
vt 0.445312 0.811276
vt 0.453125 0.805882
vt 0.434507 0.788484
vt 0.446505 0.778795
vt 0.460938 0.794546
vt 0.476523 0.783773
vt 0.460938 0.770263
vt 0.471959 0.744720
vt 0.487555 0.755460
vt 0.410033 0.795107
vt 0.407103 0.750297
vt 0.440329 0.740045
vt 0.414423 0.718902
vt 0.497849 0.737103
vt 0.498470 0.761420
vt 0.487619 0.702558
vt 0.468775 0.732451
vt 0.453125 0.714325
vt 0.453125 0.754707
vt 0.460938 0.718147
vt 0.471587 0.712247
vt 0.479809 0.679792
vt 0.475067 0.307308
vt 0.478081 0.277879
vt 0.446269 0.268464
vt 0.460938 0.261776
vt 0.472142 0.277652
vt 0.442382 0.307266
vt 0.436985 0.268578
vt 0.413964 0.292397
vt 0.379799 0.247345
vt 0.411987 0.246152
vt 0.422751 0.186207
vt 0.401786 0.202406
vt 0.381496 0.194528
vt 0.371854 0.161720
vt 0.395898 0.134294
vt 0.409060 0.169683
vt 0.443783 0.193934
vt 0.434739 0.160216
vt 0.496330 0.284751
vt 0.481002 0.251855
vt 0.478397 0.206283
vt 0.500000 0.229167
vt 0.467217 0.214856
vt 0.454658 0.225393
vt 0.453265 0.193327
vt 0.460938 0.164430
vt 0.453125 0.155770
vt 0.468750 0.181539
vt 0.483588 0.178553
vt 0.494703 0.197175
vt 0.500000 0.119148
vt 0.500000 0.182142
vt 0.333672 0.282870
vt 0.325027 0.265420
vt 0.340948 0.221396
vt 0.344256 0.272106
vt 0.358872 0.253012
vt 0.284076 0.280902
vt 0.294722 0.324547
vt 0.298613 0.269986
vt 0.270299 0.292207
vt 0.253695 0.308042
vt 0.269759 0.258433
vt 0.317721 0.215774
vt 0.316766 0.253623
vt 0.281250 0.242376
vt 0.293541 0.193090
vt 0.252215 0.235246
vt 0.267771 0.215447
vt 0.262443 0.248131
vt 0.278394 0.174998
vt 0.278790 0.213906
vt 0.251577 0.193995
vt 0.250516 0.150080
vt 0.356144 0.201600
vt 0.347884 0.187060
vt 0.344678 0.164779
vt 0.336214 0.151707
vt 0.304080 0.186987
vt 0.317616 0.155176
vt 0.367716 0.132055
vt 0.356080 0.099073
vt 0.328125 0.110088
vt 0.306219 0.146234
vt 0.319711 0.104838
vt 0.341901 0.092632
vt 0.332102 0.082200
vt 0.310262 0.098588
vt 0.319432 0.065303
vt 0.369144 0.069118
vt 0.287410 0.119516
vt 0.290617 0.169006
vt 0.266883 0.085846
vt 0.262201 0.018345
vt 0.303333 0.073751
vt 0.251333 0.041230
vt 0.290894 0.009562
vt 0.316774 0.006125
vt 0.362058 0.032291
vt 0.376461 0.014545
vt 0.329235 0.062918
vt 0.350204 0.022080
vt 0.328125 0.014063
vt 0.343750 0.000000
vt 0.367188 0.006517
vt 0.490558 0.126983
vt 0.470141 0.131425
vt 0.460938 0.124068
vt 0.423624 0.143282
vt 0.444943 0.133259
vt 0.470733 0.098746
vt 0.425591 0.075484
vt 0.443340 0.065600
vt 0.496893 0.072857
vt 0.391175 0.119350
vt 0.398438 0.097577
vt 0.388745 0.090197
vt 0.423659 0.110681
vt 0.414062 0.110927
vt 0.406250 0.097563
vt 0.406238 0.056004
vt 0.423214 0.015942
vt 0.389751 0.060563
vt 0.390625 0.002028
vt 0.398438 0.002406
vt 0.398438 0.055097
vt 0.429323 0.003320
vt 0.447967 0.015281
vt 0.471967 0.038969
vt 0.469929 0.005774
vt 0.273530 0.601963
vt 0.317906 0.620374
vt 0.319450 0.738907
vt 0.242473 0.519004
vt 0.239415 0.623436
vt 0.310360 0.553834
vt 0.364503 0.556787
vt 0.352049 0.603969
vt 0.407183 0.585486
vt 0.403428 0.637758
vt 0.300841 0.353507
vt 0.305535 0.458642
vt 0.266257 0.459088
vt 0.339362 0.318681
vt 0.378508 0.360641
vt 0.341865 0.373741
vt 0.366423 0.458979
vt 0.314428 0.509274
vt 0.379846 0.511566
vt 0.415801 0.438268
vt 0.452100 0.306081
vt 0.470250 0.440638
vt 0.497695 0.501744
vt 0.434797 0.496944
vt 0.443066 0.535826
vt 0.516991 0.556970
vt 0.478931 0.583480
vt 0.451324 0.632419
vt 0.766172 0.631480
vt 0.805811 0.581780
vt 0.811688 0.630525
vt 0.736360 0.555875
vt 0.797704 0.541143
vt 0.729702 0.521360
vt 0.755346 0.484698
vt 0.785141 0.507855
vt 0.816100 0.485586
vt 0.839114 0.526789
vt 0.863473 0.571858
vt 0.800429 0.661738
vt 0.853168 0.649378
vt 0.855754 0.613874
vt 0.900539 0.583449
vt 0.748910 0.444208
vt 0.751205 0.400851
vt 0.785695 0.452067
vt 0.832084 0.442319
vt 0.796820 0.345834
vt 0.813350 0.395469
vt 0.846354 0.343799
vt 0.863642 0.389512
vt 0.877933 0.338822
vt 0.854538 0.472587
vt 0.903399 0.438568
vt 0.869758 0.518562
vt 0.912335 0.474772
vt 0.925481 0.393789
vt 0.965564 0.438305
vt 0.908349 0.358682
vt 0.975209 0.344979
vt 0.983329 0.400624
vt 0.945809 0.340766
vt 0.922474 0.510755
vt 0.975471 0.474716
vt 0.984881 0.515893
vt 1.000000 0.437500
vt 0.910431 0.661359
vt 0.869509 0.666667
vt 0.903998 0.629418
vt 0.931545 0.603030
vt 0.965147 0.647364
vt 0.904008 0.536602
vt 0.945488 0.556336
vt 0.976073 0.600086
vt 0.988111 0.558438
vt 0.536027 0.616122
vt 0.528986 0.666667
vt 0.548750 0.516522
vt 0.602761 0.478562
vt 0.566343 0.557557
vt 0.658430 0.524161
vt 0.597259 0.643341
vt 0.616281 0.613908
vt 0.568321 0.665818
vt 0.637775 0.661336
vt 0.524604 0.426640
vt 0.549280 0.447251
vt 0.520418 0.338458
vt 0.579175 0.345505
vt 0.606387 0.378706
vt 0.613420 0.338041
vt 0.639416 0.347418
vt 0.645558 0.398006
vt 0.635972 0.470039
vt 0.682111 0.418242
vt 0.682711 0.460434
vt 0.689048 0.336754
vt 0.679692 0.375170
vt 0.716187 0.412423
vt 0.740058 0.353747
vt 0.717932 0.476225
vt 0.646366 0.590731
vt 0.651926 0.629438
vt 0.705041 0.608651
vt 0.679163 0.651869
vt 0.657958 0.546276
vt 0.661902 0.494873
vt 0.690131 0.510757
vt 0.689169 0.562370
vt 0.730109 0.657057
vt 0.758224 0.590727
vt 0.004991 0.649274
vt 0.041372 0.621940
vt 0.045858 0.661176
vt 0.000000 0.604002
vt 0.026897 0.577946
vt 0.002173 0.547112
vt 0.006152 0.515986
vt 0.030305 0.539126
vt 0.038368 0.485518
vt 0.074215 0.524752
vt 0.079231 0.552189
vt 0.085639 0.583593
vt 0.087636 0.464054
vt 0.116007 0.496526
vt 0.125945 0.560344
vt 0.084349 0.624458
vt 0.090790 0.661472
vt 0.120329 0.619160
vt 0.122855 0.661696
vt 0.001786 0.474710
vt 0.043176 0.439485
vt 0.017951 0.344069
vt 0.040978 0.394862
vt 0.004967 0.398886
vt 0.065274 0.358184
vt 0.097708 0.396019
vt 0.108879 0.338320
vt 0.134602 0.357590
vt 0.129464 0.425622
vt 0.162923 0.458470
vt 0.142397 0.515876
vt 0.165398 0.389224
vt 0.197271 0.388600
vt 0.174580 0.489565
vt 0.171410 0.336785
vt 0.213987 0.347198
vt 0.203099 0.467845
vt 0.271533 0.316083
vt 0.248915 0.392541
vt 0.162045 0.588788
vt 0.191975 0.597006
vt 0.151016 0.637687
vt 0.179611 0.661947
vt 0.151305 0.666667
vt 0.169086 0.550836
vt 0.445956 0.935170
vt 0.472874 0.892755
vt 0.483593 0.936396
vt 0.500000 0.900256
vt 0.495260 0.965175
vt 0.380633 0.975472
vt 0.408640 0.931676
vt 0.449476 0.978143
vt 0.353222 0.910927
vt 0.394203 0.894815
vt 0.383951 0.861743
vt 0.392304 0.834538
vt 0.416987 0.867463
vt 0.445041 0.850604
vt 0.433463 0.893414
vt 0.424466 0.838971
vt 0.498374 0.849359
vt 0.468090 0.856573
vt 0.476603 0.819699
vt 0.339087 0.986378
vt 0.322053 0.925661
vt 0.255886 0.997582
vt 0.256445 0.945018
vt 0.295107 0.968116
vt 0.274075 0.916667
vt 0.295470 0.888949
vt 0.255870 0.881500
vt 0.275577 0.849238
vt 0.357648 0.868472
vt 0.320336 0.866977
vt 0.302543 0.827039
vt 0.339073 0.831633
vt 0.363332 0.819690
vt 0.321091 0.790395
vt 0.350152 0.788927
vt 0.379988 0.760705
vt 0.384609 0.798057
vt 0.266144 0.806796
vt 0.288909 0.778345
vt 0.254706 0.834732
vt 0.257555 0.762423
vt 0.286931 0.737394
vt 0.254595 0.650750
vt 0.352627 0.717853
vt 0.438956 0.811991
vt 0.449496 0.783405
vt 0.450300 0.737055
vt 0.484796 0.770251
vt 0.408116 0.806938
vt 0.414681 0.771747
vt 0.406611 0.722537
vt 0.500000 0.724420
vt 0.379885 0.242956
vt 0.413046 0.223666
vt 0.421780 0.263483
vt 0.378717 0.195366
vt 0.403971 0.179585
vt 0.435434 0.206146
vt 0.444353 0.173358
vt 0.470136 0.230251
vt 0.478740 0.174359
vt 0.496645 0.223432
vt 0.334284 0.282057
vt 0.301944 0.237421
vt 0.343577 0.240943
vt 0.279285 0.292548
vt 0.259567 0.230704
vt 0.250000 0.192608
vt 0.273887 0.184960
vt 0.256219 0.145045
vt 0.303714 0.187744
vt 0.296301 0.141902
vt 0.329039 0.209769
vt 0.361134 0.210080
vt 0.331885 0.177582
vt 0.350662 0.170640
vt 0.373822 0.153474
vt 0.351996 0.115108
vt 0.380425 0.108518
vt 0.325829 0.116465
vt 0.390954 0.060661
vt 0.275141 0.090339
vt 0.250000 0.079546
vt 0.273623 0.027239
vt 0.342145 0.054776
vt 0.366580 0.016320
vt 0.303414 0.034337
vt 0.332373 0.000000
vt 0.436737 0.140804
vt 0.473724 0.131391
vt 0.446636 0.099811
vt 0.496437 0.141323
vt 0.488783 0.078980
vt 0.403097 0.139231
vt 0.411265 0.100848
vt 0.407934 0.007058
vt 0.449504 0.054468
vt 0.493504 0.008638
vt 0.268400 0.642901
vt 0.314989 0.593423
vt 0.307173 0.682718
vt 0.257667 0.568284
vt 0.282981 0.553638
vt 0.324507 0.412241
vt 0.326706 0.596542
vt 0.311374 0.525044
vt 0.327786 0.352300
vt 0.335491 0.625605
vt 0.363944 0.598575
vt 0.356134 0.700861
vt 0.226208 0.487879
vt 0.251606 0.415891
vt 0.277387 0.394773
vt 0.278125 0.303012
vt 0.239615 0.353327
vt 0.339028 0.312024
vt 0.348733 0.401181
vt 0.356774 0.286026
vt 0.385892 0.312864
vt 0.307962 0.350147
vt 0.379330 0.412586
vt 0.396480 0.364010
vt 0.390291 0.498160
vt 0.398438 0.530304
vt 0.410343 0.418571
vt 0.411256 0.521742
vt 0.421875 0.427272
vt 0.433937 0.410592
vt 0.432152 0.493533
vt 0.425586 0.579855
vt 0.438780 0.329945
vt 0.454221 0.298348
vt 0.449676 0.385314
vt 0.463083 0.373657
vt 0.450167 0.445800
vt 0.446811 0.546110
vt 0.479307 0.496927
vt 0.395701 0.661260
vt 0.410376 0.627340
vt 0.411339 0.708840
vt 0.369163 0.671625
vt 0.456467 0.648902
vt 0.441535 0.662213
vt 0.479994 0.560072
vt 0.450568 0.729230
vt 0.764241 0.659433
vt 0.777693 0.603639
vt 0.784808 0.651425
vt 0.794848 0.591176
vt 0.804688 0.542567
vt 0.802344 0.641786
vt 0.815543 0.558866
vt 0.816215 0.614524
vt 0.719268 0.606013
vt 0.786309 0.526558
vt 0.796875 0.493650
vt 0.831559 0.570791
vt 0.843750 0.534661
vt 0.847327 0.622467
vt 0.839439 0.459314
vt 0.856382 0.503015
vt 0.869549 0.559835
vt 0.858924 0.586305
vt 0.827451 0.641423
vt 0.812500 0.659210
vt 0.859740 0.650087
vt 0.848516 0.666667
vt 0.782139 0.430962
vt 0.756249 0.515081
vt 0.741113 0.404263
vt 0.799696 0.374506
vt 0.809791 0.366118
vt 0.809056 0.473611
vt 0.787777 0.390258
vt 0.768159 0.345491
vt 0.789062 0.344355
vt 0.832648 0.344719
vt 0.839122 0.376674
vt 0.824440 0.422628
vt 0.856114 0.415690
vt 0.857911 0.341837
vt 0.869191 0.362495
vt 0.823131 0.492096
vt 0.868526 0.497682
vt 0.870884 0.433186
vt 0.906405 0.492716
vt 0.918584 0.416717
vt 0.929893 0.372898
vt 0.942076 0.448883
vt 0.900397 0.417120
vt 0.905689 0.347190
vt 0.948252 0.347141
vt 0.983827 0.356922
vt 0.981335 0.417896
vt 0.940796 0.534327
vt 0.969115 0.478898
vt 0.994747 0.453177
vt 1.000000 0.382975
vt 0.975850 0.537977
vt 0.996461 0.492248
vt 0.894078 0.640834
vt 0.888457 0.666441
vt 0.918673 0.621376
vt 0.909882 0.543410
vt 0.927008 0.513716
vt 0.930818 0.603590
vt 0.997577 0.561943
vt 0.982362 0.616670
vt 0.946163 0.606731
vt 0.950854 0.660866
vt 1.000000 0.605880
vt 0.541389 0.586242
vt 0.560713 0.635504
vt 0.521224 0.599855
vt 0.569124 0.591956
vt 0.531217 0.653037
vt 0.561263 0.665489
vt 0.504347 0.508273
vt 0.519700 0.531700
vt 0.518632 0.467745
vt 0.543359 0.496870
vt 0.540923 0.544776
vt 0.561741 0.528422
vt 0.583654 0.561073
vt 0.599295 0.598453
vt 0.589903 0.526470
vt 0.570457 0.493539
vt 0.606849 0.515447
vt 0.620208 0.540064
vt 0.592620 0.489713
vt 0.610499 0.491090
vt 0.626962 0.515136
vt 0.615151 0.567264
vt 0.626926 0.586278
vt 0.591438 0.634651
vt 0.627454 0.620361
vt 0.496705 0.448654
vt 0.511061 0.420070
vt 0.550886 0.431697
vt 0.550679 0.460834
vt 0.510914 0.337619
vt 0.534910 0.336994
vt 0.537465 0.386720
vt 0.557922 0.333333
vt 0.573054 0.363272
vt 0.591020 0.430002
vt 0.591418 0.352470
vt 0.605181 0.380966
vt 0.625529 0.372637
vt 0.596209 0.334050
vt 0.627999 0.338911
vt 0.621908 0.443352
vt 0.574178 0.455539
vt 0.592856 0.461499
vt 0.639234 0.470203
vt 0.617392 0.474819
vt 0.658340 0.499510
vt 0.630601 0.495451
vt 0.649420 0.403790
vt 0.671551 0.423719
vt 0.693471 0.463814
vt 0.647975 0.359063
vt 0.669428 0.386354
vt 0.668440 0.345452
vt 0.684961 0.369230
vt 0.714502 0.408311
vt 0.696999 0.421631
vt 0.689282 0.337551
vt 0.705144 0.506134
vt 0.727891 0.459277
vt 0.652561 0.639244
vt 0.681012 0.602645
vt 0.689615 0.647511
vt 0.642844 0.560435
vt 0.659488 0.595907
vt 0.647392 0.527877
vt 0.667096 0.551921
vt 0.716603 0.544148
vt 0.735317 0.522372
vt 0.742889 0.654935
vt 0.009996 0.557758
vt 0.029931 0.598308
vt 0.022418 0.634346
vt 0.063473 0.622933
vt 0.072316 0.662258
vt 0.047876 0.522202
vt 0.066639 0.566776
vt 0.101270 0.562460
vt 0.099343 0.592984
vt 0.048656 0.483268
vt 0.089288 0.514257
vt 0.111286 0.537185
vt 0.130380 0.507917
vt 0.130397 0.550408
vt 0.138590 0.580042
vt 0.093756 0.637405
vt 0.116768 0.657373
vt 0.006041 0.441747
vt 0.050277 0.436641
vt 0.064466 0.365967
vt 0.090715 0.434142
vt 0.101140 0.390255
vt 0.088504 0.341780
vt 0.121984 0.352719
vt 0.130596 0.398122
vt 0.123888 0.445884
vt 0.083049 0.477664
vt 0.113593 0.479797
vt 0.141724 0.469386
vt 0.154739 0.400414
vt 0.153906 0.448682
vt 0.177183 0.417202
vt 0.182889 0.494900
vt 0.156420 0.509507
vt 0.183545 0.447156
vt 0.196491 0.345224
vt 0.133074 0.617461
vt 0.140863 0.659730
vt 0.163472 0.625456
vt 0.194713 0.604773
vt 0.177508 0.664357
vt 0.147141 0.536916
vt 0.163653 0.578051
vt 0.175731 0.546485
vt 0.209092 0.541321
vt 0.229623 0.632472
vt 0.218750 0.666667
vt 0.240119 0.657491
vt 0.460494 0.982984
vt 0.437512 0.940851
vt 0.450989 0.917533
vt 0.429688 1.000000
vt 0.417736 0.963265
vt 0.434123 0.985805
vt 0.400648 0.957314
vt 0.395430 0.905635
vt 0.410247 0.893373
vt 0.434729 0.890505
vt 0.375475 0.867626
vt 0.500000 0.933555
vt 0.481430 0.886865
vt 0.493326 0.845243
vt 0.426501 0.826659
vt 0.442392 0.820394
vt 0.473338 0.837528
vt 0.390476 0.989301
vt 0.354868 0.963300
vt 0.349687 1.000000
vt 0.320170 0.970060
vt 0.250000 0.949147
vt 0.274460 0.919080
vt 0.260577 0.976257
vt 0.301202 0.969841
vt 0.318758 0.911682
vt 0.252274 0.903420
vt 0.275102 0.844228
vt 0.290078 0.863767
vt 0.322965 0.837015
vt 0.356169 0.908772
vt 0.357590 0.808261
vt 0.397764 0.812774
vt 0.321674 0.793471
vt 0.314582 0.747313
vt 0.332032 0.725981
vt 0.360157 0.757579
vt 0.398501 0.771526
vt 0.255104 0.812098
vt 0.273344 0.798204
vt 0.257446 0.764562
vt 0.291528 0.755120
vt 0.299727 0.812031
vt 0.478523 0.774503
vt 0.449121 0.779070
vt 0.489948 0.730097
vt 0.419159 0.794702
vt 0.432716 0.787546
vt 0.395074 0.724577
vt 0.420162 0.738407
vt 0.426926 0.674466
vt 0.433812 0.737720
vt 0.493206 0.773673
vt 0.493682 0.343699
vt 0.467845 0.297900
vt 0.490354 0.280108
vt 0.432975 0.272326
vt 0.419097 0.336722
vt 0.390518 0.244863
vt 0.358237 0.214562
vt 0.401745 0.186217
vt 0.409805 0.245652
vt 0.422737 0.203328
vt 0.409904 0.164339
vt 0.425632 0.155371
vt 0.460019 0.233948
vt 0.480384 0.228384
vt 0.456204 0.172810
vt 0.480147 0.180020
vt 0.497796 0.162184
vt 0.497217 0.205016
vt 0.322430 0.251006
vt 0.339060 0.231596
vt 0.305805 0.259414
vt 0.256262 0.274336
vt 0.268111 0.239419
vt 0.311493 0.204273
vt 0.268713 0.173779
vt 0.298766 0.171000
vt 0.322899 0.151386
vt 0.333481 0.181240
vt 0.353370 0.140632
vt 0.377233 0.151341
vt 0.283005 0.132168
vt 0.383126 0.097332
vt 0.251665 0.161094
vt 0.258916 0.118968
vt 0.271718 0.069199
vt 0.312581 0.060132
vt 0.303760 0.015522
vt 0.250000 0.079099
vt 0.250000 0.037697
vt 0.263129 0.014782
vt 0.344262 0.068631
vt 0.384357 0.044402
vt 0.344429 0.015905
vt 0.380993 0.002066
vt 0.457779 0.132480
vt 0.476507 0.065911
vt 0.496152 0.124995
vt 0.442359 0.171121
vt 0.441338 0.128131
vt 0.460157 0.071607
vt 0.437500 0.078301
vt 0.447841 0.054551
vt 0.414062 0.112948
vt 0.426333 0.104778
vt 0.402187 0.117320
vt 0.404751 0.055935
vt 0.421875 0.059881
vt 0.417352 0.019394
vt 0.429688 0.018154
vt 0.396006 0.012400
vt 0.406250 0.000000
vt 0.441427 0.010712
vt 0.482517 0.009477
vt 0.453125 0.002636
vt 0.460938 0.019792
vt 0.468750 0.001978
vt 0.500000 0.029745
vt 0.004824 0.400000
vt 0.009817 0.500000
vt 0.001561 0.500000
vt 0.008615 0.600000
vt 0.003564 0.200000
vt 0.014182 0.300000
vt 0.001584 0.300000
vt 0.008763 0.000000
vt 0.020763 0.100000
vt 0.003603 0.100000
vt 0.016784 0.800000
vt 0.006964 0.900000
vt 0.003457 0.800000
vt 0.018335 0.200000
vt 0.017135 0.400000
vt 0.024500 0.500000
vt 0.031931 0.700000
vt 0.007568 0.700000
vt 0.035778 0.300000
vt 0.033783 0.800000
vt 0.020046 0.900000
vt 0.033039 0.200000
vt 0.034708 0.900000
vt 0.023458 1.000000
vt 0.031046 0.400000
vt 0.039245 0.500000
vt 0.027185 0.600000
vt 0.042665 0.600000
vt 0.050340 0.400000
vt 0.038616 0.100000
vt 0.050045 0.200000
vt 0.049489 0.900000
vt 0.038958 1.000000
vt 0.050878 0.500000
vt 0.059815 0.300000
vt 0.055869 0.600000
vt 0.053655 0.700000
vt 0.062621 0.900000
vt 0.056679 1.000000
vt 0.056679 0.000000
vt 0.063414 0.100000
vt 0.051039 0.100000
vt 0.061725 0.500000
vt 0.069393 0.200000
vt 0.070507 0.400000
vt 0.068234 0.600000
vt 0.075261 0.700000
vt 0.055413 0.800000
vt 0.074088 0.500000
vt 0.075622 0.800000
vt 0.077614 0.000000
vt 0.079630 0.100000
vt 0.076937 0.300000
vt 0.077360 0.900000
vt 0.077614 1.000000
vt 0.086704 0.600000
vt 0.092545 0.200000
vt 0.091350 0.400000
vt 0.091054 0.500000
vt 0.091633 0.300000
vt 0.093583 0.900000
vt 0.095529 0.700000
vt 0.097947 0.800000
vt 0.095501 0.000000
vt 0.098990 0.100000
vt 0.106946 0.600000
vt 0.107930 0.300000
vt 0.110460 0.500000
vt 0.110081 0.400000
vt 0.114061 0.700000
vt 0.114381 0.200000
vt 0.108732 0.000000
vt 0.115376 0.100000
vt 0.119832 0.800000
vt 0.110688 0.900000
vt 0.126473 0.300000
vt 0.127017 0.600000
vt 0.124794 0.400000
vt 0.129224 0.900000
vt 0.122622 1.000000
vt 0.126050 0.500000
vt 0.122622 0.000000
vt 0.130059 0.100000
vt 0.129922 0.200000
vt 0.139549 0.700000
vt 0.136853 0.800000
vt 0.138774 0.400000
vt 0.140732 0.500000
vt 0.145405 0.200000
vt 0.138928 0.000000
vt 0.144080 0.100000
vt 0.146504 0.600000
vt 0.151715 0.900000
vt 0.138928 1.000000
vt 0.145154 0.300000
vt 0.151945 0.400000
vt 0.157751 0.800000
vt 0.157481 0.000000
vt 0.160271 0.100000
vt 0.157042 0.500000
vt 0.165235 0.300000
vt 0.167789 0.200000
vt 0.164506 0.700000
vt 0.168193 0.400000
vt 0.171197 0.900000
vt 0.157481 1.000000
vt 0.174077 0.500000
vt 0.161255 0.600000
vt 0.175975 0.600000
vt 0.180279 0.800000
vt 0.176162 0.000000
vt 0.180487 0.100000
vt 0.185440 0.700000
vt 0.187016 0.300000
vt 0.186710 0.900000
vt 0.176162 1.000000
vt 0.196516 0.200000
vt 0.182985 0.400000
vt 0.191172 0.500000
vt 0.190721 0.600000
vt 0.196911 0.400000
vt 0.191678 0.000000
vt 0.201410 0.100000
vt 0.205837 0.800000
vt 0.199921 0.900000
vt 0.191678 1.000000
vt 0.206403 0.300000
vt 0.204870 0.700000
vt 0.204680 0.600000
vt 0.203617 0.500000
vt 0.212434 0.400000
vt 0.215402 0.900000
vt 0.204882 1.000000
vt 0.215999 0.500000
vt 0.220645 0.200000
vt 0.223266 0.600000
vt 0.221139 0.000000
vt 0.220845 0.100000
vt 0.228108 0.700000
vt 0.228130 0.300000
vt 0.230265 0.400000
vt 0.232275 0.800000
vt 0.233833 0.500000
vt 0.233263 0.900000
vt 0.221139 1.000000
vt 0.239521 0.100000
vt 0.244174 0.200000
vt 0.245733 0.600000
vt 0.249611 0.300000
vt 0.248835 0.400000
vt 0.251164 0.900000
vt 0.241853 1.000000
vt 0.254267 0.700000
vt 0.250390 0.500000
vt 0.252720 0.800000
vt 0.255873 0.100000
vt 0.260999 0.000000
vt 0.241853 0.000000
vt 0.260999 1.000000
vt 0.270058 0.200000
vt 0.271872 0.300000
vt 0.262742 0.400000
vt 0.271404 0.100000
vt 0.268477 0.800000
vt 0.264298 0.600000
vt 0.280438 0.700000
vt 0.279050 0.400000
vt 0.266165 0.500000
vt 0.278064 0.000000
vt 0.269844 0.900000
vt 0.278064 1.000000
vt 0.283721 0.600000
vt 0.287132 0.800000
vt 0.289266 0.900000
vt 0.290992 0.200000
vt 0.299087 0.300000
vt 0.296716 0.000000
vt 0.293159 0.100000
vt 0.296716 1.000000
vt 0.296879 0.400000
vt 0.287144 0.500000
vt 0.302304 0.600000
vt 0.302105 0.700000
vt 0.307280 0.800000
vt 0.308828 0.200000
vt 0.307854 0.900000
vt 0.312514 0.100000
vt 0.315538 0.400000
vt 0.308074 0.500000
vt 0.318455 0.000000
vt 0.318455 1.000000
vt 0.320987 0.600000
vt 0.325440 0.300000
vt 0.319990 0.700000
vt 0.326709 0.800000
vt 0.329846 0.200000
vt 0.332776 0.100000
vt 0.335686 0.400000
vt 0.323541 0.500000
vt 0.336244 0.000000
vt 0.324951 0.900000
vt 0.336244 1.000000
vt 0.338567 0.700000
vt 0.338323 0.500000
vt 0.341892 0.600000
vt 0.346754 0.900000
vt 0.344766 0.300000
vt 0.349231 0.800000
vt 0.357085 0.200000
vt 0.350985 0.000000
vt 0.350985 1.000000
vt 0.352854 0.100000
vt 0.353510 0.400000
vt 0.354865 0.700000
vt 0.352226 0.500000
vt 0.362896 0.600000
vt 0.361860 0.300000
vt 0.367294 0.000000
vt 0.364451 0.900000
vt 0.370753 0.100000
vt 0.368538 0.800000
vt 0.367415 0.400000
vt 0.364663 0.500000
vt 0.375104 0.700000
vt 0.381664 0.900000
vt 0.378103 0.300000
vt 0.379842 0.400000
vt 0.382606 0.500000
vt 0.382975 0.600000
vt 0.386752 0.000000
vt 0.384841 0.800000
vt 0.386752 1.000000
vt 0.367294 1.000000
vt 0.388535 0.100000
vt 0.378607 0.200000
vt 0.393642 0.300000
vt 0.397771 0.400000
vt 0.399166 0.700000
vt 0.399239 0.600000
vt 0.403488 0.800000
vt 0.408040 0.100000
vt 0.396530 0.200000
vt 0.402909 0.000000
vt 0.400946 0.900000
vt 0.402909 1.000000
vt 0.412278 0.300000
vt 0.421425 0.200000
vt 0.411935 0.500000
vt 0.417121 0.600000
vt 0.418515 0.000000
vt 0.420268 0.400000
vt 0.420440 0.900000
vt 0.421578 0.700000
vt 0.427619 0.800000
vt 0.428895 0.100000
vt 0.435605 0.300000
vt 0.425132 0.500000
vt 0.433302 0.600000
vt 0.436272 0.000000
vt 0.436272 1.000000
vt 0.418515 1.000000
vt 0.445685 0.700000
vt 0.438913 0.900000
vt 0.444534 0.200000
vt 0.445904 0.100000
vt 0.439080 0.500000
vt 0.450434 0.600000
vt 0.449936 0.800000
vt 0.454132 0.000000
vt 0.454132 1.000000
vt 0.453649 0.900000
vt 0.457174 0.300000
vt 0.454253 0.400000
vt 0.459193 0.200000
vt 0.464615 0.800000
vt 0.471147 0.700000
vt 0.472281 0.900000
vt 0.472848 0.400000
vt 0.471659 0.500000
vt 0.472672 0.000000
vt 0.464546 0.100000
vt 0.476295 0.200000
vt 0.472672 1.000000
vt 0.471871 0.300000
vt 0.480141 0.800000
vt 0.480732 0.100000
vt 0.492282 0.300000
vt 0.486587 0.000000
vt 0.486587 1.000000
vt 0.491307 0.400000
vt 0.490197 0.500000
vt 0.490615 0.600000
vt 0.472084 0.600000
vt 0.490034 0.900000
vt 0.492356 0.100000
vt 0.496904 0.200000
vt 0.489685 0.700000
vt 0.503092 0.800000
vt 0.499229 0.000000
vt 0.499229 1.000000
vt 0.507734 0.700000
vt 0.504644 0.900000
vt 0.505416 0.100000
vt 0.504578 0.400000
vt 0.506188 0.500000
vt 0.515989 0.200000
vt 0.516493 0.300000
vt 0.517125 0.400000
vt 0.518670 0.600000
vt 0.504644 0.600000
vt 0.515716 0.000000
vt 0.516951 0.100000
vt 0.516947 0.900000
vt 0.515716 1.000000
vt 0.519119 0.500000
vt 0.530622 0.800000
vt 0.531163 0.700000
vt 0.530837 0.100000
vt 0.529313 0.900000
vt 0.531835 0.400000
vt 0.529963 0.500000
vt 0.533049 0.200000
vt 0.534148 0.600000
vt 0.542328 0.500000
vt 0.543276 0.900000
vt 0.531988 1.000000
vt 0.548993 0.300000
vt 0.532771 0.300000
vt 0.543628 0.000000
vt 0.547897 0.100000
vt 0.548875 0.600000
vt 0.551357 0.700000
vt 0.556189 0.800000
vt 0.558849 0.400000
vt 0.543479 0.400000
vt 0.555513 0.500000
vt 0.558708 0.900000
vt 0.555222 1.000000
vt 0.555222 0.000000
vt 0.564154 0.100000
vt 0.564329 0.600000
vt 0.566277 0.200000
vt 0.569123 0.300000
vt 0.569881 0.700000
vt 0.570927 0.500000
vt 0.576550 0.900000
vt 0.570683 1.000000
vt 0.577516 0.400000
vt 0.570683 0.000000
vt 0.584207 0.100000
vt 0.582126 0.600000
vt 0.585703 0.200000
vt 0.593032 0.300000
vt 0.587267 0.500000
vt 0.593084 0.700000
vt 0.577156 0.800000
vt 0.596776 0.400000
vt 0.595865 0.900000
vt 0.589234 1.000000
vt 0.596512 0.800000
vt 0.597694 0.600000
vt 0.608024 0.200000
vt 0.604982 0.500000
vt 0.589234 0.000000
vt 0.603709 0.100000
vt 0.613880 0.600000
vt 0.616390 0.700000
vt 0.619446 0.300000
vt 0.614565 0.900000
vt 0.609395 1.000000
vt 0.614745 0.400000
vt 0.609395 0.000000
vt 0.617703 0.100000
vt 0.624442 0.500000
vt 0.627148 0.400000
vt 0.632947 0.200000
vt 0.630835 0.900000
vt 0.628803 1.000000
vt 0.628803 0.000000
vt 0.633149 0.100000
vt 0.633289 0.600000
vt 0.636586 0.700000
vt 0.619686 0.800000
vt 0.639723 0.300000
vt 0.642595 0.400000
vt 0.640752 0.500000
vt 0.643803 0.800000
vt 0.645624 0.900000
vt 0.647426 1.000000
vt 0.647426 0.000000
vt 0.650246 0.100000
vt 0.651145 0.600000
vt 0.652387 0.200000
vt 0.656726 0.700000
vt 0.658284 0.300000
vt 0.655497 0.500000
vt 0.658924 0.400000
vt 0.662601 0.900000
vt 0.664007 0.800000
vt 0.662993 0.000000
vt 0.668814 0.100000
vt 0.671250 0.600000
vt 0.675538 0.200000
vt 0.672511 0.500000
vt 0.672118 0.400000
vt 0.675398 0.700000
vt 0.681536 0.300000
vt 0.681283 0.900000
vt 0.679991 1.000000
vt 0.690644 0.400000
vt 0.679991 0.000000
vt 0.686719 0.100000
vt 0.688104 0.500000
vt 0.692451 0.700000
vt 0.680333 0.800000
vt 0.698891 0.800000
vt 0.697567 0.900000
vt 0.698928 0.200000
vt 0.696346 0.000000
vt 0.702993 0.100000
vt 0.702539 0.300000
vt 0.703558 0.500000
vt 0.693013 0.600000
vt 0.711067 0.700000
vt 0.711650 0.400000
vt 0.715495 0.600000
vt 0.713095 0.900000
vt 0.711059 1.000000
vt 0.716767 0.200000
vt 0.718842 0.300000
vt 0.722187 0.800000
vt 0.711059 0.000000
vt 0.719309 0.100000
vt 0.722200 0.500000
vt 0.726396 0.400000
vt 0.733558 0.700000
vt 0.731234 0.000000
vt 0.737906 0.100000
vt 0.740294 0.600000
vt 0.738497 0.500000
vt 0.738742 0.300000
vt 0.744956 0.400000
vt 0.748056 0.800000
vt 0.729374 0.900000
vt 0.748060 0.900000
vt 0.731234 1.000000
vt 0.757374 0.500000
vt 0.762050 0.700000
vt 0.753494 0.000000
vt 0.755038 0.100000
vt 0.759445 0.300000
vt 0.763531 0.600000
vt 0.764615 0.200000
vt 0.740288 0.200000
vt 0.768186 0.400000
vt 0.763634 0.900000
vt 0.769846 0.100000
vt 0.775497 0.800000
vt 0.774193 0.000000
vt 0.774193 1.000000
vt 0.753494 1.000000
vt 0.780417 0.300000
vt 0.778376 0.900000
vt 0.782453 0.200000
vt 0.780155 0.500000
vt 0.781362 0.600000
vt 0.787382 0.700000
vt 0.790825 0.100000
vt 0.786013 0.400000
vt 0.793604 0.000000
vt 0.793604 1.000000
vt 0.796234 0.900000
vt 0.794541 0.600000
vt 0.797194 0.800000
vt 0.798745 0.200000
vt 0.799190 0.400000
vt 0.799520 0.500000
vt 0.812295 0.700000
vt 0.810871 0.600000
vt 0.809393 0.100000
vt 0.810642 0.000000
vt 0.810642 1.000000
vt 0.814741 0.400000
vt 0.818990 0.800000
vt 0.816875 0.300000
vt 0.799778 0.300000
vt 0.822576 0.100000
vt 0.815812 0.200000
vt 0.826177 0.000000
vt 0.817229 0.900000
vt 0.826177 1.000000
vt 0.818985 0.500000
vt 0.832630 0.600000
vt 0.836832 0.200000
vt 0.836530 0.400000
vt 0.833120 0.300000
vt 0.841811 0.700000
vt 0.836561 0.100000
vt 0.838143 0.900000
vt 0.844593 0.800000
vt 0.844829 0.000000
vt 0.844829 1.000000
vt 0.851046 0.300000
vt 0.852077 0.100000
vt 0.839097 0.500000
vt 0.850370 0.600000
vt 0.854394 0.900000
vt 0.861669 0.200000
vt 0.860568 0.400000
vt 0.859353 0.500000
vt 0.860265 0.000000
vt 0.860265 1.000000
vt 0.868327 0.600000
vt 0.867593 0.100000
vt 0.868627 0.800000
vt 0.868354 0.900000
vt 0.875122 0.300000
vt 0.873485 0.000000
vt 0.873485 1.000000
vt 0.879067 0.400000
vt 0.877047 0.500000
vt 0.879350 0.200000
vt 0.879947 0.100000
vt 0.882317 0.900000
vt 0.883529 0.700000
vt 0.866531 0.700000
vt 0.886822 0.600000
vt 0.893500 0.800000
vt 0.888990 0.000000
vt 0.888990 1.000000
vt 0.898151 0.200000
vt 0.895405 0.400000
vt 0.892641 0.500000
vt 0.895174 0.300000
vt 0.900261 0.900000
vt 0.899856 0.700000
vt 0.900768 0.600000
vt 0.906088 0.000000
vt 0.893207 0.100000
vt 0.906088 1.000000
vt 0.906316 0.100000
vt 0.916246 0.300000
vt 0.910832 0.400000
vt 0.908860 0.500000
vt 0.915075 0.800000
vt 0.917102 0.600000
vt 0.922439 0.700000
vt 0.922105 0.200000
vt 0.922765 0.900000
vt 0.926288 0.000000
vt 0.921165 0.100000
vt 0.926288 1.000000
vt 0.923228 0.400000
vt 0.922018 0.500000
vt 0.934498 0.800000
vt 0.933316 0.600000
vt 0.936410 0.400000
vt 0.936795 0.500000
vt 0.937351 0.100000
vt 0.940625 0.200000
vt 0.938600 0.300000
vt 0.944411 0.900000
vt 0.946380 0.700000
vt 0.947963 0.000000
vt 0.947963 1.000000
vt 0.947255 0.600000
vt 0.949750 0.100000
vt 0.952721 0.400000
vt 0.952235 0.800000
vt 0.959549 0.300000
vt 0.952252 0.500000
vt 0.961979 0.600000
vt 0.962166 0.900000
vt 0.964507 0.100000
vt 0.960850 0.200000
vt 0.964910 0.700000
vt 0.964906 0.000000
vt 0.969319 0.800000
vt 0.964906 1.000000
vt 0.968940 0.400000
vt 0.967763 0.500000
vt 0.975119 0.600000
vt 0.979218 0.900000
vt 0.979637 0.000000
vt 0.978844 0.300000
vt 0.979637 1.000000
vt 0.983245 0.200000
vt 0.983512 0.700000
vt 0.987095 0.800000
vt 0.985564 0.500000
vt 0.989069 0.600000
vt 0.990027 0.100000
vt 0.978412 0.100000
vt 0.994936 0.300000
vt 0.986767 0.400000
vt 0.995164 0.000000
vt 0.993897 0.900000
vt 0.996901 0.200000
vt 0.997664 0.700000
vt 0.998451 0.100000
vt 0.999228 0.400000
vt 0.998479 0.500000
vt 0.999220 0.600000
vt 0.998141 0.800000
vt 1.000000 0.900000
vt 0.005575 0.400000
vt 0.007483 0.500000
vt 0.002600 0.600000
vt 0.006095 0.900000
vt 0.007721 1.000000
vt 0.000769 0.900000
vt 0.007721 0.000000
vt 0.009949 0.100000
vt 0.001552 0.100000
vt 0.004119 0.200000
vt 0.016497 0.300000
vt 0.002627 0.300000
vt 0.014816 0.600000
vt 0.007730 0.700000
vt 0.016907 0.900000
vt 0.018324 0.200000
vt 0.018325 0.800000
vt 0.004306 0.800000
vt 0.020225 0.400000
vt 0.020646 0.500000
vt 0.024231 0.700000
vt 0.027195 0.600000
vt 0.035765 0.300000
vt 0.030079 0.900000
vt 0.023455 1.000000
vt 0.026134 0.100000
vt 0.035297 0.200000
vt 0.036043 0.800000
vt 0.035664 0.400000
vt 0.035299 0.500000
vt 0.041229 0.700000
vt 0.039582 0.600000
vt 0.035094 0.000000
vt 0.043223 0.100000
vt 0.042466 0.900000
vt 0.035094 1.000000
vt 0.052686 0.400000
vt 0.052320 0.500000
vt 0.056907 0.200000
vt 0.051972 0.600000
vt 0.055198 0.300000
vt 0.059943 0.800000
vt 0.057875 0.900000
vt 0.047429 1.000000
vt 0.047429 0.000000
vt 0.060916 0.100000
vt 0.058300 0.700000
vt 0.063603 0.600000
vt 0.068216 0.400000
vt 0.067110 0.500000
vt 0.069941 0.300000
vt 0.076053 0.700000
vt 0.074977 0.900000
vt 0.062163 1.000000
vt 0.077893 0.200000
vt 0.076717 0.600000
vt 0.075357 0.000000
vt 0.080380 0.100000
vt 0.078758 0.500000
vt 0.081795 0.800000
vt 0.081406 0.400000
vt 0.084648 0.300000
vt 0.094215 0.900000
vt 0.087002 1.000000
vt 0.091117 0.500000
vt 0.090706 0.600000
vt 0.097701 0.700000
vt 0.100235 0.200000
vt 0.093804 0.400000
vt 0.087002 0.000000
vt 0.095190 0.100000
vt 0.097344 0.800000
vt 0.105399 0.300000
vt 0.102346 0.600000
vt 0.105075 0.500000
vt 0.106965 0.400000
vt 0.099368 0.000000
vt 0.107598 0.100000
vt 0.112807 0.800000
vt 0.116225 0.600000
vt 0.123212 0.700000
vt 0.119033 0.500000
vt 0.112567 0.000000
vt 0.124522 0.100000
vt 0.119403 0.400000
vt 0.122119 0.200000
vt 0.131787 0.300000
vt 0.129116 0.800000
vt 0.114512 0.900000
vt 0.132338 0.900000
vt 0.124979 1.000000
vt 0.133284 0.400000
vt 0.131774 0.600000
vt 0.136749 0.500000
vt 0.142197 0.200000
vt 0.142665 0.000000
vt 0.143250 0.100000
vt 0.147657 0.800000
vt 0.148756 0.600000
vt 0.148923 0.700000
vt 0.146546 0.400000
vt 0.153978 0.900000
vt 0.142665 1.000000
vt 0.155170 0.300000
vt 0.155470 0.500000
vt 0.157251 0.100000
vt 0.158897 0.400000
vt 0.161695 0.200000
vt 0.167419 0.600000
vt 0.165590 0.800000
vt 0.172212 0.700000
vt 0.161422 0.000000
vt 0.171183 0.100000
vt 0.169471 0.500000
vt 0.175352 0.300000
vt 0.172123 0.400000
vt 0.173527 0.900000
vt 0.161422 1.000000
vt 0.181016 0.200000
vt 0.181839 0.800000
vt 0.185688 0.500000
vt 0.185251 0.600000
vt 0.185277 0.400000
vt 0.179195 0.000000
vt 0.186702 0.100000
vt 0.190548 0.900000
vt 0.179195 1.000000
vt 0.193208 0.700000
vt 0.192463 0.300000
vt 0.202760 0.800000
vt 0.200486 0.200000
vt 0.201558 0.400000
vt 0.197105 0.000000
vt 0.202989 0.100000
vt 0.203875 0.600000
vt 0.205875 0.500000
vt 0.212572 0.300000
vt 0.208430 0.900000
vt 0.197105 1.000000
vt 0.212603 0.700000
vt 0.222154 0.200000
vt 0.221706 0.400000
vt 0.211841 0.000000
vt 0.217752 0.100000
vt 0.219418 0.600000
vt 0.222208 0.800000
vt 0.227603 0.500000
vt 0.225492 0.900000
vt 0.211841 1.000000
vt 0.231235 0.700000
vt 0.225808 0.000000
vt 0.235573 0.100000
vt 0.235122 0.300000
vt 0.233376 0.600000
vt 0.238497 0.800000
vt 0.242628 0.400000
vt 0.243404 0.900000
vt 0.241844 1.000000
vt 0.245730 0.200000
vt 0.244962 0.500000
vt 0.254274 0.700000
vt 0.251941 0.600000
vt 0.255046 0.300000
vt 0.241844 0.000000
vt 0.255817 0.100000
vt 0.257375 0.800000
vt 0.257896 0.000000
vt 0.259640 0.400000
vt 0.258399 0.500000
vt 0.262093 0.900000
vt 0.267731 0.200000
vt 0.268951 0.600000
vt 0.273733 0.100000
vt 0.271084 1.000000
vt 0.257896 1.000000
vt 0.272631 0.300000
vt 0.274382 0.400000
vt 0.274698 0.500000
vt 0.275472 0.800000
vt 0.281205 0.700000
vt 0.283848 0.900000
vt 0.286051 0.600000
vt 0.288180 0.000000
vt 0.271084 0.000000
vt 0.288180 1.000000
vt 0.291293 0.300000
vt 0.289126 0.400000
vt 0.288450 0.100000
vt 0.285530 0.200000
vt 0.295693 0.800000
vt 0.301885 0.200000
vt 0.301658 0.100000
vt 0.304483 0.700000
vt 0.303992 0.900000
vt 0.307792 0.400000
vt 0.293348 0.500000
vt 0.303858 0.600000
vt 0.304435 0.000000
vt 0.304435 1.000000
vt 0.317762 0.300000
vt 0.317384 0.800000
vt 0.321933 0.100000
vt 0.317631 0.000000
vt 0.311165 0.500000
vt 0.317036 0.600000
vt 0.317631 1.000000
vt 0.319677 0.200000
vt 0.320279 0.900000
vt 0.329401 0.700000
vt 0.327473 0.500000
vt 0.330225 0.600000
vt 0.330021 0.000000
vt 0.330021 1.000000
vt 0.339194 0.200000
vt 0.333634 0.800000
vt 0.334223 0.900000
vt 0.339563 0.400000
vt 0.324788 0.400000
vt 0.344096 0.300000
vt 0.343596 0.100000
vt 0.343247 0.000000
vt 0.343247 1.000000
vt 0.342166 0.500000
vt 0.347363 0.600000
vt 0.351568 0.800000
vt 0.349412 0.700000
vt 0.361965 0.000000
vt 0.359251 0.200000
vt 0.348219 0.900000
vt 0.361965 1.000000
vt 0.358254 0.100000
vt 0.368989 0.300000
vt 0.357430 0.400000
vt 0.364988 0.700000
vt 0.367744 0.900000
vt 0.356967 0.500000
vt 0.363558 0.600000
vt 0.370900 0.800000
vt 0.371498 0.100000
vt 0.377955 0.200000
vt 0.376047 0.400000
vt 0.371642 0.500000
vt 0.377555 0.600000
vt 0.382895 0.000000
vt 0.382895 1.000000
vt 0.383604 0.700000
vt 0.385426 0.100000
vt 0.391175 0.800000
vt 0.390563 0.300000
vt 0.390676 0.400000
vt 0.388058 0.500000
vt 0.397079 0.600000
vt 0.398872 0.200000
vt 0.400228 0.100000
vt 0.399853 0.000000
vt 0.400627 0.700000
vt 0.390231 0.900000
vt 0.399853 1.000000
vt 0.403112 0.400000
vt 0.413249 0.300000
vt 0.407143 0.900000
vt 0.410433 0.800000
vt 0.413812 0.000000
vt 0.413812 1.000000
vt 0.418231 0.200000
vt 0.404206 0.500000
vt 0.415515 0.600000
vt 0.421949 0.900000
vt 0.418521 0.700000
vt 0.427530 0.800000
vt 0.426551 0.100000
vt 0.414104 0.100000
vt 0.430166 0.000000
vt 0.430166 1.000000
vt 0.433143 0.300000
vt 0.432655 0.400000
vt 0.429461 0.600000
vt 0.441869 0.700000
vt 0.435815 0.900000
vt 0.439709 0.100000
vt 0.432859 0.200000
vt 0.433026 0.500000
vt 0.444197 0.600000
vt 0.442944 0.800000
vt 0.451652 0.200000
vt 0.448749 0.000000
vt 0.449499 0.300000
vt 0.448749 1.000000
vt 0.449047 0.900000
vt 0.452904 0.100000
vt 0.457711 0.800000
vt 0.449958 0.500000
vt 0.458885 0.600000
vt 0.463560 0.400000
vt 0.448807 0.400000
vt 0.464182 0.700000
vt 0.462166 0.900000
vt 0.463367 0.000000
vt 0.463367 1.000000
vt 0.469211 0.100000
vt 0.470402 0.300000
vt 0.473183 0.200000
vt 0.463890 0.500000
vt 0.475170 0.600000
vt 0.477873 0.800000
vt 0.475371 0.900000
vt 0.478912 0.000000
vt 0.478912 1.000000
vt 0.481351 0.400000
vt 0.480177 0.500000
vt 0.481959 0.700000
vt 0.485417 0.100000
vt 0.490732 0.300000
vt 0.493831 0.900000
vt 0.490600 0.600000
vt 0.494467 0.000000
vt 0.497676 0.800000
vt 0.494467 1.000000
vt 0.496130 0.400000
vt 0.496134 0.500000
vt 0.498451 0.700000
vt 0.500001 0.100000
vt 0.492274 0.200000
vt 0.505410 0.600000
vt 0.507848 1.000000
vt 0.508759 0.300000
vt 0.507848 0.400000
vt 0.509042 0.200000
vt 0.507505 0.500000
vt 0.510721 0.900000
vt 0.513676 0.800000
vt 0.507848 0.000000
vt 0.518400 0.100000
vt 0.519848 0.500000
vt 0.524043 0.400000
vt 0.520232 0.600000
vt 0.518001 0.700000
vt 0.524478 0.200000
vt 0.525007 0.300000
vt 0.524631 0.900000
vt 0.521915 1.000000
vt 0.534439 0.800000
vt 0.536401 0.600000
vt 0.537574 0.500000
vt 0.534300 0.000000
vt 0.536257 0.100000
vt 0.541924 0.700000
vt 0.542759 0.300000
vt 0.537840 0.900000
vt 0.534300 1.000000
vt 0.545300 0.200000
vt 0.540356 0.400000
vt 0.547447 0.000000
vt 0.549444 0.100000
vt 0.553204 0.900000
vt 0.547447 1.000000
vt 0.551985 0.400000
vt 0.553504 0.600000
vt 0.557682 0.500000
vt 0.556982 0.800000
vt 0.562888 0.300000
vt 0.565931 0.700000
vt 0.560632 0.000000
vt 0.566336 0.100000
vt 0.564773 0.200000
vt 0.566594 0.400000
vt 0.566684 0.600000
vt 0.569594 0.900000
vt 0.560632 1.000000
vt 0.579297 0.800000
vt 0.574086 0.500000
vt 0.584011 0.200000
vt 0.579079 0.600000
vt 0.586749 0.300000
vt 0.583687 0.400000
vt 0.584258 0.900000
vt 0.573033 1.000000
vt 0.573033 0.000000
vt 0.588044 0.100000
vt 0.585423 0.700000
vt 0.587987 0.500000
vt 0.590720 0.600000
vt 0.602920 0.400000
vt 0.599819 0.900000
vt 0.601587 1.000000
vt 0.603524 0.200000
vt 0.601993 0.500000
vt 0.603087 0.600000
vt 0.603939 0.700000
vt 0.601587 0.000000
vt 0.606027 0.100000
vt 0.613190 0.300000
vt 0.612264 0.900000
vt 0.614402 0.500000
vt 0.620049 0.600000
vt 0.623542 0.200000
vt 0.618278 0.800000
vt 0.601930 0.800000
vt 0.618760 0.000000
vt 0.619231 0.100000
vt 0.621688 0.400000
vt 0.621879 0.700000
vt 0.625399 0.900000
vt 0.618760 1.000000
vt 0.626056 0.500000
vt 0.635016 0.300000
vt 0.636012 0.800000
vt 0.634128 0.400000
vt 0.641881 0.700000
vt 0.635682 0.600000
vt 0.638423 0.500000
vt 0.639402 0.900000
vt 0.630435 1.000000
vt 0.635420 0.100000
vt 0.649133 0.200000
vt 0.647264 0.400000
vt 0.648820 0.600000
vt 0.655910 0.300000
vt 0.645799 0.000000
vt 0.651813 0.100000
vt 0.650874 0.500000
vt 0.655604 0.900000
vt 0.645799 1.000000
vt 0.653952 0.800000
vt 0.661253 0.400000
vt 0.669800 0.700000
vt 0.665524 0.500000
vt 0.664330 0.600000
vt 0.663754 0.000000
vt 0.664988 0.100000
vt 0.673237 0.800000
vt 0.675547 0.200000
vt 0.678067 0.900000
vt 0.663754 1.000000
vt 0.676915 0.300000
vt 0.681522 0.000000
vt 0.684282 0.100000
vt 0.678320 0.600000
vt 0.675951 0.400000
vt 0.680342 0.500000
vt 0.693786 0.400000
vt 0.696285 0.700000
vt 0.700894 0.300000
vt 0.693491 0.500000
vt 0.692256 0.600000
vt 0.694267 0.800000
vt 0.699664 0.200000
vt 0.696805 0.900000
vt 0.681522 1.000000
vt 0.700972 0.000000
vt 0.707617 0.100000
vt 0.705463 0.600000
vt 0.708246 0.500000
vt 0.709338 0.400000
vt 0.713061 0.900000
vt 0.700972 1.000000
vt 0.718038 0.700000
vt 0.711338 0.800000
vt 0.724484 0.200000
vt 0.718635 0.600000
vt 0.728117 0.300000
vt 0.725288 0.500000
vt 0.714961 0.000000
vt 0.724729 0.100000
vt 0.733809 0.800000
vt 0.730931 0.900000
vt 0.727364 1.000000
vt 0.733375 0.600000
vt 0.742615 0.700000
vt 0.739578 0.400000
vt 0.722517 0.400000
vt 0.727364 0.000000
vt 0.741070 0.100000
vt 0.742381 0.500000
vt 0.746497 0.200000
vt 0.749614 0.900000
vt 0.744949 1.000000
vt 0.748836 0.300000
vt 0.749611 0.600000
vt 0.758153 0.800000
vt 0.756597 0.400000
vt 0.755822 0.500000
vt 0.758200 0.100000
vt 0.769304 0.200000
vt 0.764105 0.000000
vt 0.744949 0.000000
vt 0.764105 1.000000
vt 0.769552 0.300000
vt 0.766434 0.700000
vt 0.764289 0.600000
vt 0.767517 0.900000
vt 0.773622 0.400000
vt 0.770040 0.500000
vt 0.772167 0.100000
vt 0.775462 0.800000
vt 0.779047 0.600000
vt 0.778066 0.000000
vt 0.778066 1.000000
vt 0.783823 0.900000
vt 0.788982 0.700000
vt 0.787697 0.100000
vt 0.795194 0.300000
vt 0.791778 0.800000
vt 0.790478 0.000000
vt 0.792546 0.200000
vt 0.788325 0.400000
vt 0.787911 0.500000
vt 0.790478 1.000000
vt 0.796892 0.600000
vt 0.803121 0.400000
vt 0.802453 0.900000
vt 0.802415 0.100000
vt 0.805225 0.000000
vt 0.805225 1.000000
vt 0.815153 0.200000
vt 0.815952 0.800000
vt 0.816192 0.700000
vt 0.808099 0.500000
vt 0.810821 0.600000
vt 0.815617 0.100000
vt 0.817657 0.300000
vt 0.818717 0.900000
vt 0.822327 0.000000
vt 0.825689 0.400000
vt 0.822327 1.000000
vt 0.824820 0.600000
vt 0.832751 0.100000
vt 0.836652 0.900000
vt 0.841858 0.300000
vt 0.840725 0.200000
vt 0.844160 0.700000
vt 0.837010 0.000000
vt 0.837010 1.000000
vt 0.836731 0.500000
vt 0.845083 0.600000
vt 0.847341 0.400000
vt 0.848172 0.100000
vt 0.849439 1.000000
vt 0.839888 0.800000
vt 0.859201 0.900000
vt 0.857714 0.800000
vt 0.858442 0.200000
vt 0.863006 0.100000
vt 0.863403 0.000000
vt 0.849439 0.000000
vt 0.864370 0.400000
vt 0.852331 0.500000
vt 0.863577 0.600000
vt 0.863403 1.000000
vt 0.868111 0.700000
vt 0.875627 0.200000
vt 0.865761 0.300000
vt 0.878786 0.800000
vt 0.875784 0.000000
vt 0.868557 0.500000
vt 0.882339 0.600000
vt 0.879280 0.900000
vt 0.877650 0.100000
vt 0.878292 0.400000
vt 0.881997 0.300000
vt 0.884315 0.700000
vt 0.889824 0.000000
vt 0.889824 1.000000
vt 0.875784 1.000000
vt 0.890101 0.100000
vt 0.890693 0.400000
vt 0.885733 0.500000
vt 0.893350 0.200000
vt 0.897956 0.900000
vt 0.903169 0.300000
vt 0.902292 0.700000
vt 0.901587 0.600000
vt 0.904858 0.100000
vt 0.903093 0.400000
vt 0.903484 0.500000
vt 0.903693 0.000000
vt 0.903693 1.000000
vt 0.909707 0.200000
vt 0.919058 0.800000
vt 0.899597 0.800000
vt 0.916139 0.000000
vt 0.916289 0.400000
vt 0.914701 0.600000
vt 0.914121 0.900000
vt 0.916139 1.000000
vt 0.917980 0.100000
vt 0.926354 0.700000
vt 0.926245 0.300000
vt 0.930707 0.200000
vt 0.916591 0.500000
vt 0.927137 0.600000
vt 0.927327 0.900000
vt 0.929633 0.100000
vt 0.930233 0.400000
vt 0.928239 0.500000
vt 0.933297 1.000000
vt 0.935967 0.800000
vt 0.943674 0.900000
vt 0.946025 0.100000
vt 0.941666 0.300000
vt 0.942591 0.400000
vt 0.941436 0.500000
vt 0.939496 0.600000
vt 0.948723 0.700000
vt 0.949156 0.200000
vt 0.951538 0.800000
vt 0.950231 0.000000
vt 0.933297 0.000000
vt 0.950231 1.000000
vt 0.951918 0.600000
vt 0.963840 0.900000
vt 0.965462 0.200000
vt 0.958801 0.300000
vt 0.962592 0.000000
vt 0.962972 0.100000
vt 0.962592 1.000000
vt 0.972789 0.700000
vt 0.973261 0.800000
vt 0.970471 0.400000
vt 0.965420 0.500000
vt 0.956598 0.400000
vt 0.973435 0.000000
vt 0.973435 1.000000
vt 0.975335 0.100000
vt 0.977312 0.300000
vt 0.984805 0.200000
vt 0.980764 0.900000
vt 0.982870 0.400000
vt 0.980166 0.500000
vt 0.985048 0.000000
vt 0.985048 1.000000
vt 0.986954 0.100000
vt 0.994550 0.300000
vt 0.989827 0.600000
vt 0.978228 0.600000
vt 0.995318 0.800000
vt 0.992788 0.700000
vt 0.994440 0.900000
vt 0.993698 0.400000
vt 0.994581 0.500000
vt 0.995120 0.000000
vt 0.995120 1.000000
vt 0.997805 0.100000
vt 0.998154 0.200000
vt 0.997675 0.600000
vt 0.999223 0.400000
vt 1.000000 0.000000
vt 1.000000 0.700000
vt 1.000000 1.000000
vt 0.455669 0.350864
vt 0.469996 0.276352
vt 0.516922 0.364852
vt 0.429918 0.252083
vt 0.461331 0.195987
vt 0.386356 0.240148
vt 0.402687 0.197448
vt 0.413245 0.151916
vt 0.456505 0.129097
vt 0.340889 0.173586
vt 0.367669 0.088364
vt 0.428233 0.088798
vt 0.330571 0.095302
vt 0.370492 0.142153
vt 0.281767 0.132156
vt 0.275541 0.064681
vt 0.327985 0.022821
vt 0.293499 0.000000
vt 0.892904 0.432329
vt 0.945363 0.374934
vt 0.956126 0.438702
vt 0.987629 0.367236
vt 0.991378 0.478355
vt 0.934344 0.504057
vt 0.035410 0.428509
vt 0.035680 0.516779
vt 0.005312 0.466538
vt 0.004034 0.557281
vt 0.984633 0.547949
vt 0.953019 0.595794
vt 0.905614 0.563399
vt 0.052202 0.577879
vt 0.899042 0.645121
vt 0.942747 0.661934
vt 0.306694 0.983422
vt 0.268172 0.955384
vt 0.315538 0.917144
vt 0.252342 0.892492
vt 0.279829 0.859484
vt 0.308684 0.820512
vt 0.341107 0.793521
vt 0.347220 0.727221
vt 0.383404 0.796881
vt 0.390356 0.703535
vt 0.412844 0.757833
vt 0.458971 0.695227
vt 0.409375 0.628377
vt 0.491599 0.615735
vt 0.502319 0.539277
vt 0.527826 0.460875
vt 0.568584 0.509301
vt 0.618376 0.502547
vt 0.583633 0.577870
vt 0.580993 0.457758
vt 0.611968 0.394738
vt 0.648196 0.437349
vt 0.659318 0.491947
vt 0.646827 0.365394
vt 0.686838 0.346398
vt 0.711567 0.413995
vt 0.484224 0.035303
vt 0.804947 0.340793
vt 0.840012 0.367464
vt 0.818907 0.426434
vt 0.874761 0.484068
vt 0.887307 0.356092
vt 0.925595 0.338291
vt 0.392342 0.050056
vt 0.358718 0.008264
vt 0.402275 0.005402
vt 0.447808 0.017737
vt 0.490981 0.212541
vt 0.495950 0.146006
vt 0.496013 0.074238
vt 0.596086 0.339813
vt 0.565882 0.402682
vt 0.450170 0.457761
vt 0.493428 0.472520
vt 0.443891 0.549734
vt 0.392572 0.513055
vt 0.367377 0.573166
vt 0.329151 0.648759
vt 0.299516 0.571184
vt 0.313248 0.509839
vt 0.301271 0.427642
vt 0.244599 0.446760
vt 0.250119 0.530489
vt 0.206135 0.525039
vt 0.169880 0.398983
vt 0.246565 0.362596
vt 0.169419 0.493347
vt 0.125526 0.470814
vt 0.109893 0.389589
vt 0.165509 0.342143
vt 0.077369 0.471574
vt 0.071497 0.358827
vt 0.250000 0.109842
vt 0.051444 0.338449
vt 0.008206 0.376043
vt 0.111470 0.544265
vt 0.160383 0.597053
vt 0.105296 0.599365
vt 0.198179 0.622005
vt 0.186597 0.661582
vt 0.140168 0.657499
vt 0.245765 0.630241
vt 0.260651 0.749403
vt 0.303529 0.746960
vt 0.259957 0.638168
vt 0.080586 0.651469
vt 0.255310 0.215026
vt 0.293290 0.186534
vt 0.283894 0.268819
vt 0.338205 0.311462
vt 0.337397 0.251147
vt 0.348892 0.377961
vt 0.405743 0.358693
vt 0.412727 0.423942
vt 0.357447 0.446266
vt 0.402832 0.306151
vt 0.860425 0.552706
vt 0.849324 0.597809
vt 0.835254 0.647068
vt 0.793027 0.655366
vt 0.405338 0.979395
vt 0.423207 0.906411
vt 0.458917 0.977967
vt 0.710746 0.644981
vt 0.733415 0.602729
vt 0.665698 0.567836
vt 0.649211 0.647641
vt 0.626570 0.584864
vt 0.605428 0.652368
vt 0.548524 0.607265
vt 0.474116 0.897734
vt 0.486936 0.820307
vt 0.497862 0.849582
vt 0.430108 0.837568
vt 0.395804 0.868250
vt 0.360750 0.846302
vt 0.364157 0.936981
vt 0.346827 0.882102
vt 0.363169 0.995455
vt 0.500000 0.724787
vt 0.496938 0.683217
vt 0.702057 0.537191
vt 0.707013 0.469813
vt 0.754078 0.529491
vt 0.771579 0.440481
vt 0.742337 0.363600
vt 0.822288 0.505638
vt 0.790907 0.564917
vt 1.000000 0.500066
vt 0.950466 0.531360
vt 0.918102 0.500110
vt 0.592691 0.629743
vt 0.559537 0.500085
vt 0.680732 0.499996
vt 0.496734 0.639528
vt 0.424077 0.529586
vt 0.481987 0.500193
vt 0.415169 0.633700
vt 0.360763 0.500264
vt 0.311123 0.635018
vt 0.259098 0.500015
vt 0.119042 0.676772
vt 0.096927 0.592244
vt 0.166106 0.500000
vt 0.046549 0.636742
vt 0.000000 0.626080
vt 0.044100 0.500062
vt 0.384523 0.697921
vt 0.288075 0.708462
vt 0.343431 0.749092
vt 0.139741 0.754521
vt 0.064707 0.696220
vt 0.218153 0.782828
vt 0.013702 0.738398
vt 0.000000 0.689406
vt 0.920772 0.789414
vt 0.826102 0.809734
vt 0.817780 0.743251
vt 0.585933 0.768252
vt 0.517305 0.797665
vt 0.502925 0.741086
vt 0.426942 0.812697
vt 0.426956 0.750799
vt 0.116817 0.890148
vt 0.082300 0.770246
vt 0.251041 0.891005
vt 0.294904 0.801641
vt 0.982479 0.892159
vt 0.903247 0.890671
vt 0.995753 0.784597
vt 0.750722 0.890424
vt 0.760199 0.781641
vt 0.170052 0.999998
vt 0.916605 1.000000
vt 0.044414 0.999999
vt 0.049615 0.890447
vt 0.787864 0.999998
vt 0.817012 0.890707
vt 0.685425 0.999574
vt 0.571697 0.999998
vt 0.598397 0.891556
vt 0.981612 0.306241
vt 0.869590 0.456858
vt 0.517456 0.196675
vt 0.684516 0.478951
vt 0.285860 0.999998
vt 0.472125 0.999999
vt 0.384331 0.999998
vt 0.454353 0.891626
vt 0.517108 0.891088
vt 0.384364 0.890826
vt 0.316769 0.890300
vt 0.484036 0.703754
vt 0.648993 0.742629
vt 0.574657 0.684465
vt 0.794121 0.700707
vt 0.709414 0.698261
vt 0.750979 0.642323
vt 0.883822 0.717664
vt 0.817935 0.643468
vt 0.958327 0.687496
vt 0.883507 0.638045
vt 0.974423 0.622388
vt 0.465523 0.350071
vt 0.222403 0.490493
vt 0.065437 0.404781
vt 0.367457 0.041876
vt 0.041405 0.128583
vt 0.512977 0.500106
vt 0.466000 0.560418
vt 0.414074 0.500020
vt 0.162608 0.547794
vt 0.057634 0.500235
vt 0.176777 0.500004
vt 0.781032 0.500143
vt 0.682991 0.556708
vt 0.638425 0.500018
vt 0.951197 0.553028
vt 0.878377 0.501490
vt 0.964195 0.500008
vt 0.386353 0.566805
vt 0.305961 0.500028
vt 0.319528 0.571348
vt 0.233300 0.528595
vt 0.052998 0.574915
vt 0.010188 0.588358
vt 0.605583 0.559970
vt 0.520926 0.599157
vt 0.116645 0.591252
vt 0.852830 0.573169
vt 0.764355 0.577717
vt 0.445432 0.624127
vt 0.942020 0.627770
vt 0.882619 0.633779
vt 0.636220 0.625500
vt 0.735275 0.634633
vt 0.185683 0.628495
vt 1.000000 0.567142
vt 0.818399 0.655451
vt 0.342528 0.640782
vt 0.250255 0.584430
vt 0.256023 0.653707
vt 0.081647 0.661543
vt 0.408819 0.667111
vt 0.659993 0.669531
vt 0.737579 0.690502
vt 0.611000 0.716533
vt 0.548132 0.675817
vt 0.337358 0.714594
vt 0.246789 0.727734
vt 0.185625 0.701879
vt 0.052957 0.746721
vt 0.475197 0.754728
vt 0.690418 0.728229
vt 0.411056 0.754878
vt 0.119663 0.708906
vt 0.921383 0.699897
vt 0.843342 0.747863
vt 0.562746 0.768536
vt 0.113966 0.781990
vt 0.977323 0.727933
vt 0.923175 0.789200
vt 0.745517 0.797962
vt 0.197525 0.800918
vt 0.683768 0.803946
vt 0.610368 0.802467
vt 0.292068 0.823452
vt 0.000000 0.877144
vt 0.000000 0.693161
vt 0.347630 0.837620
vt 0.831483 0.834364
vt 1.000000 0.877144
vt 0.958982 0.882989
vt 0.159077 0.902194
vt 0.480745 0.895408
vt 0.414253 0.874802
vt 0.049601 0.918339
vt 0.560974 0.933303
vt 0.712212 1.000088
vt 0.631165 0.942610
vt 0.783414 0.999625
vt 0.319799 1.000052
vt 0.886582 0.873315
vt 0.878319 1.000035
vt 0.384077 1.000033
vt 0.466420 1.000015
vt 0.981344 1.000021
vt 0.630600 1.000016
vt 0.544276 1.000012
vt 0.254025 0.999664
vt 0.126135 0.999889
vt 0.017412 1.000013
vt 0.483783 0.203673
vt 0.023174 0.333285
vt 0.303848 0.014840
vt 0.430196 0.401818
vt 0.816929 0.015550
vt 0.926341 0.085602
vt 0.699469 0.014076
vt 0.578052 0.419615
vt 0.740733 0.489139
vt 0.915637 0.422635
vt 0.587816 0.068163
vt 0.506878 0.243163
vt 0.529369 0.146499
vt 0.410576 0.283046
vt 0.461935 0.247836
vt 0.513584 0.342983
vt 0.409495 0.221265
vt 0.493156 0.202509
vt 0.487541 0.298467
vt 0.451662 0.154186
vt 0.361820 0.227499
vt 0.414960 0.162725
vt 0.355711 0.169989
vt 0.393290 0.131534
vt 0.273960 0.124994
vt 0.314935 0.077693
vt 0.331713 0.133867
vt 0.317702 0.008237
vt 0.355624 0.068752
vt 0.946840 0.421918
vt 0.982940 0.368139
vt 0.990930 0.444690
vt 0.012916 0.385102
vt 0.080752 0.387498
vt 0.009821 0.457816
vt 0.044832 0.490908
vt 0.075247 0.451355
vt 0.950674 0.509421
vt 0.892356 0.467484
vt 0.033959 0.528208
vt 0.998666 0.515843
vt 0.965634 0.561787
vt 0.996436 0.585214
vt 0.902643 0.560588
vt 0.940632 0.622961
vt 0.979751 0.660275
vt 0.922368 0.664238
vt 0.278921 0.923079
vt 0.255034 0.850872
vt 0.296073 0.861725
vt 0.330086 0.899765
vt 0.356999 0.843316
vt 0.320425 0.810094
vt 0.356163 0.779550
vt 0.423323 0.837401
vt 0.400501 0.797423
vt 0.299405 0.753115
vt 0.397563 0.735126
vt 0.328265 0.702189
vt 0.370407 0.674418
vt 0.408168 0.640416
vt 0.453203 0.563360
vt 0.463235 0.638608
vt 0.489758 0.517809
vt 0.532857 0.592215
vt 0.518158 0.465838
vt 0.568327 0.529983
vt 0.576033 0.464299
vt 0.621832 0.505632
vt 0.602754 0.421790
vt 0.635740 0.401192
vt 0.668799 0.434054
vt 0.679932 0.353633
vt 0.706190 0.333333
vt 0.747796 0.387149
vt 0.491507 0.156827
vt 0.492006 0.099592
vt 0.473548 0.065707
vt 0.450281 0.018828
vt 0.497132 0.018345
vt 0.418555 0.088772
vt 0.804694 0.345981
vt 0.868039 0.350863
vt 0.825775 0.408211
vt 0.900764 0.405417
vt 0.371522 0.005183
vt 0.389677 0.046452
vt 0.591606 0.353519
vt 0.542063 0.394739
vt 0.467334 0.430366
vt 0.375948 0.540452
vt 0.341543 0.580903
vt 0.294621 0.509889
vt 0.277779 0.579937
vt 0.241765 0.511520
vt 0.240181 0.432797
vt 0.144487 0.434563
vt 0.190110 0.397194
vt 0.205562 0.470708
vt 0.185478 0.522759
vt 0.138779 0.486425
vt 0.097139 0.529746
vt 0.137111 0.549956
vt 0.162749 0.611166
vt 0.093614 0.613547
vt 0.204543 0.651968
vt 0.155720 0.661575
vt 0.252960 0.724299
vt 0.272641 0.800313
vt 0.270448 0.663643
vt 0.321261 0.637373
vt 0.225918 0.581045
vt 0.021242 0.592880
vt 0.308401 0.197408
vt 0.258097 0.172835
vt 0.284002 0.246010
vt 0.337907 0.283380
vt 0.264130 0.345634
vt 0.252560 0.259214
vt 0.311120 0.326666
vt 0.290664 0.415537
vt 0.362987 0.338984
vt 0.370111 0.403860
vt 0.411216 0.478277
vt 0.335183 0.454890
vt 0.431701 0.396960
vt 0.413623 0.343919
vt 0.840813 0.567087
vt 0.837289 0.484352
vt 0.756407 0.640455
vt 0.839819 0.637464
vt 0.412840 0.955779
vt 0.427012 0.898333
vt 0.472845 0.977187
vt 0.700258 0.615281
vt 0.692329 0.661392
vt 0.662932 0.535448
vt 0.638408 0.596496
vt 0.604240 0.625832
vt 0.500000 0.814479
vt 0.475194 0.798679
vt 0.500000 0.753624
vt 0.482504 0.857301
vt 0.486984 0.915860
vt 0.439893 0.748353
vt 0.882816 0.666667
vt 0.889035 0.633112
vt 0.477062 0.718151
vt 0.683949 0.474291
vt 0.712122 0.521251
vt 0.716435 0.427911
vt 0.774282 0.480849
vt 0.798573 0.542252
vt 0.746274 0.560940
vt 0.874438 0.530468
vt 0.739453 0.500074
vt 0.897428 0.500138
vt 0.489881 0.500017
vt 0.336430 0.634753
vt 0.363778 0.500453
vt 0.261664 0.654799
vt 0.233863 0.500010
vt 0.147166 0.691895
vt 0.684122 0.677339
vt 0.574044 0.700704
vt 0.573971 0.639564
vt 0.383869 0.670986
vt 0.306917 0.713563
vt 0.491137 0.671312
vt 0.410215 0.726970
vt 0.480912 0.727628
vt 0.260989 0.745788
vt 0.100394 0.738093
vt 0.026480 0.692509
vt 0.092764 0.658237
vt 0.989775 0.753287
vt 0.915163 0.747312
vt 1.000000 0.695164
vt 0.030614 0.793150
vt 0.008241 0.756868
vt 0.848191 0.796050
vt 0.836116 0.722165
vt 0.774936 0.787022
vt 0.792334 0.715276
vt 0.008592 0.892810
vt 0.101094 0.804867
vt 0.115775 0.891107
vt 0.917404 0.890929
vt 0.829720 0.891631
vt 0.945199 0.808111
vt 0.736098 0.890768
vt 0.695398 1.000005
vt 0.730354 0.758038
vt 0.192517 0.999999
vt 0.199048 0.807306
vt 0.086629 0.999998
vt 0.000000 0.999998
vt 0.950372 1.000000
vt 0.821412 0.999999
vt 0.626078 0.454638
vt 0.844673 0.035651
vt 0.823236 0.477350
vt 0.466316 0.890546
vt 0.414266 0.999998
vt 0.367945 0.891436
vt 0.566160 0.999999
vt 0.549030 0.890732
vt 0.616797 0.890700
vt 0.982558 0.891743
vt 0.266158 0.891512
vt 0.277808 0.790871
vt 0.407226 0.793788
vt 0.485620 0.793525
vt 0.550953 0.773651
vt 0.613726 0.769619
vt 1.000000 0.814728
vt 0.947184 0.708668
vt 0.900595 0.654372
vt 0.969139 0.645355
vt 0.000000 0.619774
vt 0.047243 0.619397
vt 0.447480 0.627604
vt 0.622162 0.500161
vt 0.757874 0.660143
vt 0.818862 0.642562
vt 0.984519 0.500042
vt 0.026717 0.500040
vt 0.139776 0.500642
vt 0.416883 0.423032
vt 0.013511 0.225574
vt 0.486277 0.266142
vt 0.438980 0.355523
vt 0.479232 0.299723
vt 0.497118 0.405392
vt 0.436888 0.228957
vt 0.491297 0.197082
vt 0.370388 0.223014
vt 0.418887 0.181752
vt 0.440108 0.142004
vt 0.402057 0.114976
vt 0.369050 0.174370
vt 0.318498 0.152396
vt 0.369883 0.108256
vt 0.342584 0.077435
vt 0.294893 0.087998
vt 0.366114 0.024895
vt 0.014944 0.350260
vt 0.052345 0.396658
vt 0.008830 0.429372
vt 0.928452 0.402167
vt 0.968691 0.347456
vt 0.990733 0.430932
vt 0.962598 0.492003
vt 0.033355 0.492788
vt 0.928049 0.534388
vt 0.940201 0.600796
vt 0.990454 0.584353
vt 0.975825 0.652463
vt 0.012132 0.654600
vt 0.010710 0.567572
vt 0.064319 0.652473
vt 0.903757 0.658703
vt 0.301490 0.938597
vt 0.252661 0.911105
vt 0.296367 0.875821
vt 0.301144 0.817098
vt 0.342584 0.811707
vt 0.383346 0.808842
vt 0.396147 0.845461
vt 0.358727 0.758731
vt 0.387882 0.706180
vt 0.410418 0.773366
vt 0.436125 0.719044
vt 0.433606 0.648338
vt 0.492787 0.680287
vt 0.476266 0.775375
vt 0.456520 0.573885
vt 0.499960 0.632775
vt 0.533216 0.548895
vt 0.561464 0.619748
vt 0.504359 0.492739
vt 0.557880 0.474751
vt 0.595567 0.544531
vt 0.606746 0.490180
vt 0.600284 0.398477
vt 0.641360 0.438072
vt 0.661144 0.355011
vt 0.693054 0.436829
vt 0.605525 0.343491
vt 0.490115 0.122985
vt 0.453703 0.093871
vt 0.492206 0.035459
vt 0.422565 0.035980
vt 0.470302 0.010247
vt 0.829259 0.345147
vt 0.869690 0.387792
vt 0.793303 0.402690
vt 0.897084 0.339040
vt 0.889331 0.466044
vt 0.862602 0.552047
vt 0.542246 0.414472
vt 0.449479 0.493708
vt 0.401436 0.569931
vt 0.363744 0.601433
vt 0.364608 0.481803
vt 0.291227 0.564237
vt 0.232350 0.446189
vt 0.275200 0.412331
vt 0.311067 0.473298
vt 0.188564 0.556550
vt 0.248763 0.519020
vt 0.159304 0.504938
vt 0.183074 0.423004
vt 0.095182 0.443947
vt 0.129666 0.431617
vt 0.090537 0.504813
vt 0.070824 0.593320
vt 0.119126 0.573914
vt 0.235014 0.616650
vt 0.168929 0.642804
vt 0.124295 0.653889
vt 0.254024 0.765094
vt 0.284019 0.717868
vt 0.309546 0.616017
vt 0.341797 0.683090
vt 0.308476 0.758892
vt 0.251812 0.835759
vt 0.259282 0.104167
vt 0.250000 0.152479
vt 0.268068 0.185003
vt 0.310141 0.216131
vt 0.129920 0.365085
vt 0.152346 0.333333
vt 0.177242 0.345100
vt 0.302692 0.281499
vt 0.262406 0.238071
vt 0.246831 0.332958
vt 0.234555 0.346678
vt 0.320419 0.382168
vt 0.381904 0.367050
vt 0.414275 0.435741
vt 0.401720 0.283605
vt 0.342562 0.288930
vt 0.689167 0.598197
vt 0.755482 0.645750
vt 0.690727 0.661530
vt 0.652311 0.518719
vt 0.612760 0.606719
vt 0.494090 0.857101
vt 0.444639 0.814761
vt 0.443522 0.867477
vt 0.422120 0.981073
vt 0.363736 0.929843
vt 0.405525 0.896308
vt 0.352836 0.876924
vt 0.396288 1.000000
vt 0.342186 0.987213
vt 0.707268 0.522460
vt 0.717945 0.364695
vt 0.742503 0.462685
vt 0.792855 0.498053
vt 0.807682 0.587788
vt 0.750764 0.567120
vt 0.062742 0.500147
vt 0.016510 0.533456
vt 0.000000 0.500003
vt 0.784132 0.642666
vt 0.676374 0.500044
vt 0.786965 0.500272
vt 0.621461 0.675519
vt 0.551898 0.499913
vt 0.426976 0.634141
vt 0.287471 0.500045
vt 0.439906 0.500206
vt 0.257436 0.645891
vt 0.148165 0.656361
vt 0.166841 0.500027
vt 0.524351 0.713533
vt 0.531173 0.637616
vt 0.113514 0.767027
vt 0.055070 0.709410
vt 0.889106 0.754412
vt 0.791822 0.756753
vt 0.856643 0.699844
vt 0.691900 0.807538
vt 0.775730 0.683103
vt 0.519134 0.796504
vt 0.414356 0.811718
vt 0.475922 0.747168
vt 0.398758 0.754239
vt 0.277120 0.798078
vt 0.260951 0.891288
vt 0.112870 0.890192
vt 0.019551 0.811293
vt 1.000000 0.890058
vt 0.928939 0.816260
vt 1.000000 0.810405
vt 0.825629 0.890444
vt 0.845970 0.812584
vt 0.233651 1.000002
vt 0.107944 0.999998
vt 0.016257 0.890060
vt 0.933231 0.891176
vt 0.891871 0.999999
vt 0.988624 0.257332
vt 0.510760 0.274657
vt 0.581451 0.086745
vt 0.917459 0.079339
vt 0.747011 0.008650
vt 0.757360 0.491272
vt 0.600002 0.436336
vt 0.372353 0.999998
vt 0.368838 0.890857
vt 0.467291 0.890800
vt 0.582298 0.890907
vt 0.498045 0.999998
vt 0.623388 1.000034
vt 0.597291 0.777787
vt 0.981240 0.752026
vt 0.294162 0.733214
vt 0.849283 0.640110
vt 0.936361 0.642277
vt 0.970924 0.703382
vt 0.997429 0.658425
vt 0.076666 0.626973
vt 0.986556 0.532871
vt 0.952244 0.500016
vt 0.165075 0.465575
vt 0.481916 0.196219
vt 0.466318 0.357800
vt 0.327553 0.479424
vt 0.157440 0.026986
vt 0.422429 0.696415
vt 0.317429 0.657313
vt 0.713754 0.500089
vt 1.000000 0.500002
vt 0.654201 0.500035
vt 0.066667 0.499999
vt 0.314775 0.561276
vt 0.255787 0.572510
vt 0.183139 0.596800
vt 0.888849 0.596816
vt 0.749441 0.608089
vt 0.816840 0.608620
vt 0.551366 0.635509
vt 0.000000 0.667667
vt 0.779886 0.690342
vt 0.315442 0.730988
vt 0.000000 0.767138
vt 0.156273 0.817975
vt 0.983651 0.834859
vt 0.022469 0.865129
vt 1.000000 0.868354
vt 0.033333 0.999998
vt 0.084194 1.000000
vt 0.000000 0.909094
vt 0.000000 1.000000
vt 0.450982 0.387907
vt 0.027536 0.349395
vt 0.006342 0.250228
vt 0.849651 0.473819
vt 0.971007 0.352665
vt 0.903920 0.439284
vt 0.775567 0.007687
vt 0.863228 0.034019
vt 0.770687 0.492826
vt 0.567930 0.086063
vt 1.000000 0.510984
vt 0.783446 0.538635
vt 0.015978 0.510390
vt 0.987719 0.628650
vt 0.932144 0.634482
vt 0.386266 0.723171
vt 0.034862 0.741755
vt 0.794451 0.761447
vt 0.966702 0.800676
vt 0.281165 0.979081
vt 0.936441 0.998884
vt 0.273240 0.012323
vt 0.416124 0.429023
vt 0.027140 0.148223
vt 0.251180 0.483603
vt 0.130368 0.205546
vt 0.370615 0.000000
vt 0.375000 0.000000
vt 0.374813 0.018682
vt 0.867052 0.355743
vt 0.847617 0.405326
vt 0.933242 0.457444
vt 0.801720 0.523688
vt 0.787686 0.517985
vt 0.450739 0.496668
vt 0.434641 0.571026
vt 0.971326 0.481703
vt 0.130883 0.500591
vt 0.148705 0.496478
vt 0.149572 0.501760
vt 0.165783 0.500366
vt 0.206485 0.510324
vt 0.753927 0.489952
vt 0.725350 0.499279
vt 0.734375 0.506833
vt 0.538524 0.510899
vt 0.718750 0.504589
vt 0.624844 0.499345
vt 0.638147 0.498508
vt 0.246766 0.620072
vt 0.261085 0.457782
vt 0.810978 0.518724
vt 0.843750 0.666667
vt 0.747062 0.338979
vt 0.922685 0.398268
vt 0.972827 0.397063
vt 0.997327 0.344132
vt 1.000000 0.380763
vt 0.997555 0.473489
vt 0.995035 0.515781
vt 0.683842 0.630254
vt 0.945312 0.663440
vt 0.984375 0.648926
vt 0.613600 0.473552
vt 0.523969 0.332450
vt 0.570290 0.333333
vt 0.631548 0.407520
vt 0.002133 0.628449
vt 0.024517 0.661972
vt 0.000000 0.554909
vt 0.074174 0.512341
vt 0.070806 0.333333
vt 0.040449 0.336420
vt 0.008882 0.338506
vt 0.123425 0.349685
vt 0.128765 0.335353
vt 0.157996 0.338939
vt 0.210884 0.631332
vt 0.188621 0.660023
vt 0.416032 0.997825
vt 0.434829 0.924533
vt 0.392923 1.000540
vt 0.363819 0.999983
vt 0.267795 0.977208
vt 0.257556 0.988549
vt 0.281250 0.996281
vt 0.296875 0.988471
vt 0.250000 0.979167
vt 0.252145 0.932743
vt 0.351567 0.885445
vt 0.250000 0.770833
vt 0.250000 0.714364
vt 0.390625 0.738908
vt 0.400648 0.747298
vt 0.500000 0.213798
vt 0.477232 0.177592
vt 0.250000 0.223857
vt 0.250000 0.203791
vt 0.309384 0.001830
vt 0.296875 0.000000
vt 0.367188 0.006890
vt 0.492011 0.148921
vt 0.303969 0.302680
vt 0.773438 0.662538
vt 0.850008 0.666667
vt 0.828125 0.666667
vt 0.882618 0.656800
vt 0.869589 0.664840
vt 0.781250 0.333076
vt 0.931909 0.339051
vt 0.963845 0.333908
vt 0.074272 0.511798
vt 0.003484 0.373402
vt 0.029149 0.346266
vt 0.005814 0.346483
vt 0.062358 0.338386
vt 0.187500 0.333333
vt 0.288633 0.985303
vt 0.468750 1.000000
vt 0.250000 0.968310
vt 0.317248 0.245409
vt 0.256750 0.328450
vt 0.250000 0.084942
vt 0.252564 0.670822
vt 0.395497 0.471836
vt 0.439335 0.566083
vt 0.768675 0.649674
vt 1.000000 0.546161
vt 0.513566 0.446222
vt 0.677838 0.500240
vt 0.059591 0.577955
vt 0.000000 0.573142
vt 0.013132 0.545688
vt 0.104800 0.512531
vt 0.120530 0.523054
vt 0.121535 0.508343
vt 0.000000 0.447917
vt 0.494362 0.988042
vt 0.351210 0.876122
vt 0.289543 0.993463
vt 0.266856 0.989750
vt 0.500000 0.203204
vt 0.356119 0.011074
vt 0.369289 0.006229
vt 0.277151 0.617266
vt 0.409473 0.008871
vt 0.437131 0.485594
vt 0.781250 0.647476
vt 0.944847 0.335165
vt 0.998095 0.480268
vt 0.542773 0.634292
vt 0.579328 0.658112
vt 0.573151 0.630931
vt 0.549845 0.660210
vt 0.575041 0.665384
vt 0.628405 0.333333
vt 0.068274 0.465623
vt 0.002676 0.342553
vt 0.160426 0.666667
vt 0.185548 0.662131
vt 0.337351 0.970479
vt 0.420262 0.923141
vt 0.359375 0.994171
vt 0.250000 0.829173
vt 0.500000 0.729167
vt 0.497095 0.190993
vt 0.479621 0.182173
vt 0.278748 0.016699
vt 0.305253 0.008441
vt 0.252066 0.111642
vt 0.500000 0.114583
vt 0.253314 0.005615
vt 0.447472 0.035618
vt 0.449858 0.000056
vt 0.384595 0.009215
vt 0.323366 0.662504
vt 0.436328 0.323717
vt 0.843750 0.351738
vt 0.494995 0.667775
vt 0.798849 0.500978
vt 1.000000 0.505618
vt 0.882812 0.666667
vt 0.950847 0.666667
vt 0.987766 0.649482
vt 0.640519 0.635391
vt 0.670941 0.337828
vt 0.664062 0.666667
vt 0.704579 0.666667
vt 0.004692 0.475215
vt 0.203125 0.666667
vt 0.463857 0.996980
vt 0.450925 0.918091
vt 0.497346 0.971804
vt 0.500000 0.901452
vt 0.500000 0.916667
vt 0.254315 0.849845
vt 0.250000 0.917240
vt 0.255510 0.820702
vt 0.496028 0.796619
vt 0.481808 0.783473
vt 0.500000 0.769679
vt 0.497865 0.727990
vt 0.498758 0.308715
vt 0.490564 0.274525
vt 0.251618 0.138685
vt 0.250000 0.104167
vt 0.263646 0.001052
vt 0.831980 0.574991
vt 0.821019 0.660280
vt 0.865970 0.333333
vt 0.875000 0.333333
vt 0.846382 0.336069
vt 0.910868 0.336071
vt 0.918293 0.662773
vt 1.000000 0.510417
vt 0.657569 0.399342
vt 0.074853 0.513749
vt 0.730204 0.666667
vt 0.083495 0.657901
vt 0.086841 0.359215
vt 0.260754 0.972592
vt 0.264311 0.892438
vt 0.439549 0.975304
vt 0.262292 0.847790
vt 0.315796 0.709922
vt 0.453125 0.193234
vt 0.364974 0.038230
vt 0.250000 0.131679
vt 0.481915 0.018634
vt 0.500000 0.182845
vt 0.404048 0.457004
vt 0.818911 0.584658
vt 0.816849 0.651583
vt 0.851562 0.341854
vt 0.765625 0.339424
vt 0.976562 0.360564
vt 0.968750 0.461812
vt 1.000000 0.489583
vt 1.000000 0.500000
vt 0.571043 0.664420
vt 0.545798 0.659057
vt 0.921875 0.663870
vt 0.964270 0.641130
vt 0.523120 0.666667
vt 0.552564 0.479894
vt 0.730453 0.666667
vt 0.037667 0.397265
vt 0.000000 0.442908
vt 0.010931 0.377001
vt 0.056189 0.428991
vt 0.094502 0.353541
vt 0.155567 0.433491
vt 0.155023 0.365404
vt 0.465729 0.896323
vt 0.437668 0.997086
vt 0.406250 0.976521
vt 0.402659 0.902802
vt 0.252344 0.978607
vt 0.255401 0.723886
vt 0.250000 0.275022
vt 0.275583 0.013177
vt 0.411692 0.142987
vt 0.411225 0.001985
vt 0.483104 0.057791
vt 0.495126 0.014568
vt 0.384426 0.294697
vt 0.416762 0.342806
vt 0.492669 0.292234
vt 1.000000 0.625000
vt 0.613558 0.666667
vt 0.417172 0.997904
vt 0.300186 1.000000
vt 0.500000 0.797416
vt 0.255831 0.279467
vt 0.458332 0.007595
vt 0.437500 0.572413
vt 0.496962 0.655628
vt 0.496553 0.553765
vt 0.832120 0.666667
vt 0.820312 0.353984
vt 0.929178 0.662121
vt 0.987977 0.657917
vt 0.610404 0.656937
vt 0.718750 0.333333
vt 0.648223 0.666667
vt 0.004771 0.498525
vt 0.013827 0.371254
vt 0.035988 0.378032
vt 0.146340 0.332613
vt 0.486510 0.974406
vt 0.164849 0.666667
vt 0.449855 0.993086
vt 0.251692 0.847487
vt 0.500000 0.799743
vt 0.008763 1.000000
vt 0.323493 0.005191
vt 0.497290 0.081841
vt 0.000783 0.000000
vt 0.000783 1.000000
vt 0.023458 0.000000
vt 0.038958 0.000000
vt 0.095501 1.000000
vt 0.108732 1.000000
vt 0.204882 0.000000
vt 0.399536 0.500000
vt 0.438736 0.400000
vt 0.453815 0.500000
vt 0.531988 0.000000
vt 0.547751 0.200000
vt 0.543628 1.000000
vt 0.662993 1.000000
vt 0.696346 1.000000
vt 0.995164 1.000000
vt 0.023455 0.000000
vt 0.062163 0.000000
vt 0.075357 1.000000
vt 0.099368 1.000000
vt 0.112567 1.000000
vt 0.124979 0.000000
vt 0.225808 1.000000
vt 0.416271 0.400000
vt 0.416611 0.500000
vt 0.521915 0.000000
vt 0.585438 0.000000
vt 0.585438 1.000000
vt 0.630435 0.000000
vt 0.714961 1.000000
vt 0.824321 0.500000
vt 0.953787 0.500000
vt 0.965065 0.600000
vt 0.500000 0.254875
vt 0.256559 0.014077
vt 0.989460 0.627550
vt 0.009300 0.623571
vt 0.028877 0.658191
vt 0.989576 0.664187
vt 0.256422 0.818689
vt 0.477140 0.762704
vt 0.109471 0.338443
vt 0.255774 0.320163
vt 0.495488 0.973059
vt 0.678908 0.666667
vt 0.574622 0.661529
vt 0.451845 0.801983
vt 0.184752 0.020630
vt 0.966449 0.737382
vt 0.016758 0.795786
vt 0.000000 0.892906
vt 1.000000 0.999998
vt 0.973868 0.153758
vt 0.854158 0.034299
vt 0.707985 0.012213
vt 0.588101 0.067903
vt 0.538192 0.366314
vt 0.811269 0.500191
vt 0.106764 0.657043
vt 0.051540 0.666667
vt 0.024484 0.650511
vt 0.339147 0.477227
vt 0.474335 0.158572
vt 0.008746 0.263727
vt 0.000000 0.500003
vt 0.789244 0.753774
vt 0.127381 0.454575
vt 0.269832 0.492916
vt 0.036949 0.144272
vt 0.164754 0.023850
vt 0.417666 0.073085
vt 0.986904 0.192598
vt 0.988202 0.301311
vt 0.274216 0.055860
vt 0.258125 0.014645
vt 0.925221 0.347269
vt 0.325268 0.979435
vt 0.263073 0.970138
vt 0.374798 0.885140
vt 0.520295 0.661350
vt 0.637936 0.339559
vt 0.134741 0.353895
vt 0.194661 0.347142
vt 0.082315 0.338401
vt 0.051521 0.336122
vt 0.645212 0.663050
vt 0.414153 1.000000
vt 0.551576 0.534855
vt 0.563642 0.645281
vt 0.358710 0.956790
vt 0.222462 0.014093
vt 0.394229 0.058492
vt 0.292685 0.999999
vt 0.977730 0.168612
vt 0.964551 0.353421
vt 0.627666 0.045398
vt 0.516594 0.185916
vt 0.523654 0.335568
vt 0.235049 0.486336
vt 0.068031 0.408577
vt 0.062813 0.097293
vt 0.494516 0.323067
vt 0.282208 0.020973
vt 0.069995 0.353416
vt 0.996131 0.512604
vt 0.273189 0.985304
vt 0.777065 0.351677
vt 0.839048 0.461746
vt 0.094167 0.348207
vt 0.206251 0.666667
vt 0.860959 0.627369
vt 0.816518 0.646806
vt 0.483445 0.986336
vt 0.468741 0.930623
vt 0.642583 0.651942
vt 0.597978 0.661666
vt 0.500000 0.739017
vt 0.320292 0.022548
vt 0.015902 0.751370
vt 0.000000 0.702167
vt 0.985986 0.999999
vt 0.015870 0.999999
vt 0.754799 1.000002
vt 0.899399 0.435239
vt 0.019005 0.642600
vt 0.040840 0.129550
vt 0.019050 0.305508
s 1
usemtl Material.001
f 16/1 14/2 4/3
f 11/4 18/5 12/6
f 20/7 8/8 15/9
f 21/10 9/11 8/8
f 22/12 3/13 2/14
f 16/1 27/15 14/2
f 28/16 10/17 9/11
f 33/18 30/19 366/20
f 366/20 30/19 7/21
f 30/19 20/7 7/21
f 28/16 29/22 10/17
f 22/12 32/23 3/13
f 24/24 33/18 6/25
f 31/26 18/5 11/4
f 34/27 22/28 1/29
f 18/5 36/30 12/6
f 32/23 25/31 3/13
f 35/32 29/22 28/16
f 26/33 38/34 27/15
f 30/19 37/35 20/7
f 39/36 19/37 27/15
f 35/32 28/16 21/10
f 37/35 35/32 20/7
f 39/36 23/38 19/37
f 35/32 41/39 29/22
f 42/40 37/35 30/19
f 38/34 44/41 39/36
f 45/42 33/18 24/24
f 34/27 47/43 22/28
f 40/44 43/45 25/31
f 41/39 49/46 31/26
f 47/47 50/48 40/44
f 42/40 46/49 37/35
f 43/45 53/50 38/34
f 50/48 53/50 43/45
f 55/51 45/42 39/36
f 56/52 33/18 45/42
f 56/52 51/53 33/18
f 34/27 52/54 47/43
f 52/55 62/56 50/48
f 50/48 62/56 53/50
f 73/57 45/42 55/51
f 73/57 56/52 45/42
f 72/58 58/59 57/60
f 61/61 65/62 34/27
f 72/58 64/63 58/59
f 60/64 65/62 61/61
f 76/65 55/51 54/66
f 65/62 69/67 34/27
f 62/56 67/68 63/69
f 80/70 51/53 56/52
f 51/53 71/71 57/60
f 74/72 60/64 64/63
f 69/73 70/74 52/55
f 76/65 79/75 55/51
f 73/57 80/70 56/52
f 74/72 75/76 60/64
f 75/76 65/62 60/64
f 77/77 66/78 67/68
f 71/71 78/79 72/58
f 77/77 76/65 66/78
f 78/79 68/80 72/58
f 83/81 79/75 76/65
f 84/82 73/57 79/75
f 84/82 80/70 73/57
f 91/83 81/84 51/53
f 81/84 78/79 71/71
f 78/79 82/85 68/80
f 82/85 85/86 74/72
f 89/87 70/74 69/73
f 83/81 90/88 79/75
f 81/84 102/89 78/79
f 93/90 85/86 82/85
f 84/82 100/91 80/70
f 91/83 101/92 81/84
f 103/93 94/94 85/86
f 93/90 103/93 85/86
f 104/95 96/96 89/87
f 105/97 89/98 87/99
f 96/96 106/100 97/101
f 92/102 109/103 93/90
f 110/104 103/93 93/90
f 112/105 95/106 94/94
f 113/107 106/100 96/96
f 108/108 115/109 102/89
f 119/110 116/111 100/91
f 118/112 105/97 95/106
f 105/97 104/113 89/98
f 107/114 119/110 90/88
f 106/100 121/115 114/116
f 123/117 111/118 110/104
f 111/118 124/119 112/105
f 125/120 110/104 109/103
f 120/121 121/115 106/100
f 127/122 113/107 104/95
f 122/123 134/124 119/110
f 108/108 129/125 115/109
f 137/126 130/127 123/117
f 138/128 131/129 118/112
f 139/130 120/121 113/107
f 139/130 126/131 120/121
f 134/124 140/132 119/110
f 140/132 142/133 116/111
f 143/134 139/130 127/122
f 126/131 155/135 133/136
f 144/137 134/124 133/136
f 129/125 150/138 135/139
f 145/140 138/128 130/127
f 147/141 137/126 136/142
f 128/143 149/144 141/145
f 149/144 158/146 129/125
f 144/137 154/147 140/132
f 152/148 145/140 130/127
f 153/149 143/134 127/122
f 140/132 156/150 142/133
f 147/141 152/148 137/126
f 151/151 155/135 139/130
f 154/147 156/150 140/132
f 169/152 153/153 132/154
f 162/155 146/156 145/140
f 159/157 152/148 147/141
f 160/158 157/159 131/129
f 151/151 170/160 155/135
f 153/149 151/151 143/134
f 162/155 160/158 146/156
f 154/147 163/161 156/150
f 163/161 172/162 148/163
f 172/162 164/164 128/143
f 164/164 176/165 149/144
f 158/146 166/166 159/157
f 168/167 162/155 152/148
f 169/168 167/169 153/149
f 177/170 170/160 151/151
f 165/171 174/172 158/146
f 166/166 173/173 159/157
f 173/173 168/167 159/157
f 167/169 177/170 153/149
f 175/174 160/158 162/155
f 180/175 171/176 170/160
f 181/177 178/178 171/176
f 178/178 172/162 163/161
f 173/173 179/179 168/167
f 176/165 182/180 165/171
f 182/180 174/172 165/171
f 179/179 183/181 168/167
f 167/169 184/182 177/170
f 157/159 188/183 169/152
f 181/177 185/184 178/178
f 178/178 186/185 172/162
f 190/186 173/173 174/172
f 175/174 194/187 160/158
f 187/188 183/181 179/179
f 184/182 189/189 180/175
f 189/189 185/184 180/175
f 185/184 186/185 178/178
f 186/185 164/164 172/162
f 190/186 179/179 173/173
f 187/188 193/190 175/174
f 191/191 184/182 167/169
f 192/192 182/180 176/165
f 190/186 200/193 179/179
f 200/193 187/188 179/179
f 195/194 192/192 164/164
f 192/192 198/195 182/180
f 196/196 200/193 190/186
f 197/197 199/198 185/184
f 199/198 186/185 185/184
f 198/195 196/196 182/180
f 191/191 213/199 184/182
f 213/199 201/200 184/182
f 203/201 199/198 197/197
f 200/193 211/202 202/203
f 193/190 210/204 194/187
f 205/205 186/185 199/198
f 206/206 195/194 186/185
f 207/207 196/196 198/195
f 188/208 208/209 191/191
f 211/202 212/210 202/203
f 212/210 193/190 202/203
f 213/199 214/211 201/200
f 214/211 203/201 201/200
f 208/209 215/212 213/199
f 220/213 207/207 204/214
f 212/210 228/215 210/204
f 188/208 221/216 208/209
f 213/199 227/217 214/211
f 223/218 219/219 195/194
f 210/204 226/220 194/187
f 194/187 226/220 188/183
f 215/212 227/217 213/199
f 228/215 226/220 210/204
f 216/221 222/222 203/201
f 225/223 228/215 212/210
f 215/212 232/224 227/217
f 235/225 231/226 230/227
f 224/228 234/229 225/223
f 235/225 224/228 231/226
f 237/230 217/231 222/222
f 234/229 242/232 225/223
f 238/233 218/234 217/231
f 239/235 220/213 219/219
f 241/236 236/237 232/224
f 229/238 243/239 221/216
f 243/239 244/240 215/212
f 240/241 245/242 235/225
f 245/242 224/228 235/225
f 246/243 237/230 236/237
f 248/244 239/235 219/219
f 242/232 251/245 228/215
f 246/243 238/233 237/230
f 252/246 233/247 239/235
f 253/248 241/236 244/240
f 254/249 246/243 236/237
f 245/242 255/250 234/229
f 253/248 258/251 241/236
f 246/243 261/252 238/233
f 260/253 255/250 245/242
f 249/254 257/255 243/239
f 252/246 259/256 233/247
f 262/257 249/258 226/220
f 254/249 264/259 246/243
f 265/260 260/253 259/256
f 266/261 264/259 254/249
f 267/262 265/260 252/246
f 260/253 272/263 255/250
f 278/264 263/265 257/255
f 270/266 247/267 250/268
f 278/264 274/269 263/265
f 273/270 270/266 261/252
f 265/260 276/271 272/263
f 277/272 267/262 248/244
f 275/273 276/271 265/260
f 271/274 280/275 251/245
f 274/269 279/276 268/277
f 281/278 273/270 266/261
f 262/257 283/279 269/280
f 282/281 275/273 267/262
f 276/271 286/282 272/263
f 272/263 286/282 271/274
f 284/283 270/266 273/270
f 285/284 276/271 275/273
f 281/278 287/285 273/270
f 288/286 280/275 286/282
f 278/264 293/287 274/269
f 289/288 279/276 274/269
f 290/289 281/278 279/276
f 298/290 247/267 270/266
f 291/291 282/281 277/272
f 291/291 285/284 282/281
f 289/288 290/289 279/276
f 294/292 276/271 285/284
f 292/293 288/286 286/282
f 288/286 295/294 280/275
f 295/294 297/295 280/275
f 298/290 296/296 247/267
f 304/297 285/284 291/291
f 293/287 301/298 289/288
f 299/299 304/297 291/291
f 292/293 300/300 288/286
f 300/300 295/294 288/286
f 303/301 315/302 284/283
f 306/303 293/287 283/304
f 306/303 301/298 293/287
f 304/297 307/305 294/292
f 308/306 302/307 290/289
f 296/296 299/299 291/291
f 312/308 301/298 306/303
f 308/306 313/309 302/307
f 302/307 314/310 303/301
f 303/301 314/310 315/302
f 298/290 316/311 296/296
f 319/312 309/313 307/305
f 320/314 311/315 300/300
f 312/308 323/316 301/298
f 323/316 308/306 301/298
f 319/312 320/314 309/313
f 311/315 297/295 295/294
f 315/302 324/317 298/290
f 326/318 315/302 314/310
f 312/308 328/319 323/316
f 319/312 329/320 320/314
f 320/314 330/321 311/315
f 331/322 314/310 313/309
f 332/323 326/318 314/310
f 333/324 317/325 316/311
f 322/326 335/327 310/328
f 335/327 327/329 310/328
f 336/330 334/331 321/332
f 337/333 297/295 311/315
f 327/329 338/334 312/308
f 326/318 324/317 315/302
f 317/325 340/335 318/336
f 328/319 343/337 325/338
f 334/331 342/339 329/320
f 343/337 347/340 331/322
f 333/324 345/341 317/325
f 336/330 346/342 334/331
f 348/343 343/337 328/319
f 347/340 332/323 331/322
f 340/335 346/342 336/330
f 335/327 351/344 327/329
f 343/337 358/345 347/340
f 364/346 316/311 324/317
f 357/347 350/348 345/341
f 353/349 354/350 342/339
f 354/350 339/351 342/339
f 339/351 355/352 330/321
f 333/324 357/347 345/341
f 362/353 358/345 343/337
f 332/323 359/354 326/318
f 359/354 324/317 326/318
f 340/335 365/355 346/342
f 358/345 360/356 347/340
f 365/355 361/357 346/342
f 361/357 344/358 346/342
f 354/350 355/352 339/351
f 349/359 351/344 335/327
f 364/346 363/360 316/311
f 316/311 363/360 333/324
f 352/361 362/353 348/343
f 359/354 364/346 324/317
f 361/357 353/349 344/358
f 360/356 359/354 332/323
f 1/362 2/363 3/364
f 3/364 4/365 14/366
f 3/364 14/366 17/367
f 3/364 17/367 6/368
f 11/369 12/370 13/371
f 11/369 366/372 8/373
f 366/372 3/364 6/368
f 366/372 7/374 8/373
f 355/375 341/376 356/377
f 358/378 359/379 360/380
f 357/381 355/375 350/382
f 350/382 355/375 361/383
f 355/375 357/381 359/379
f 355/375 353/384 361/383
f 355/375 354/385 353/384
f 923/830 922/831 1234/832
f 922/831 924/833 1235/834
f 835/835 932/836 925/837
f 925/837 816/838 836/839
f 835/835 925/837 926/840
f 815/841 928/842 924/833
f 929/843 930/844 931/845
f 939/846 1242/847 927/848
f 932/836 1236/849 933/850
f 932/836 933/850 816/838
f 933/850 955/851 934/852
f 955/851 842/853 934/852
f 1245/854 935/855 842/853
f 935/855 936/856 1237/857
f 1246/858 964/859 936/856
f 842/853 1237/857 934/852
f 839/860 837/861 1239/862
f 837/861 937/863 1239/862
f 837/861 934/852 937/863
f 1237/857 838/864 1238/865
f 937/863 1238/865 938/866
f 1240/867 939/846 931/845
f 941/868 1241/869 1240/867
f 1241/869 942/870 1240/867
f 949/871 943/872 1236/849
f 942/870 1242/847 939/846
f 947/873 941/868 944/874
f 947/873 945/875 941/868
f 1243/876 946/877 1241/869
f 948/878 945/875 947/873
f 1243/876 1307/879 946/877
f 950/880 954/881 943/872
f 951/882 956/883 954/881
f 950/880 1306/884 951/882
f 951/882 952/885 956/883
f 952/885 1313/886 953/887
f 1305/888 811/889 817/890
f 953/887 1305/888 1244/891
f 954/881 842/853 955/851
f 956/883 1245/854 842/853
f 956/883 953/887 1245/854
f 1244/891 817/890 841/892
f 953/887 1246/858 935/855
f 841/892 817/890 958/893
f 817/890 846/894 958/893
f 957/895 845/896 843/897
f 957/895 959/898 844/899
f 817/890 1191/900 846/894
f 959/898 960/901 851/902
f 847/903 961/904 959/898
f 1048/905 1039/906 853/907
f 838/864 1247/908 812/909
f 1248/910 962/911 1247/908
f 848/912 963/913 850/914
f 820/915 966/916 963/913
f 963/913 819/917 849/918
f 963/913 966/916 819/917
f 936/856 1248/910 838/864
f 964/859 1249/919 1248/910
f 964/859 852/920 1249/919
f 852/920 848/912 1249/919
f 844/899 965/921 852/920
f 959/898 851/902 965/921
f 960/901 853/907 967/922
f 818/923 1185/924 819/917
f 818/923 1037/925 1185/924
f 821/926 970/927 854/928
f 854/928 969/929 856/930
f 856/930 969/929 855/931
f 976/932 855/931 969/929
f 976/932 984/933 855/931
f 855/931 823/934 1277/935
f 970/927 972/936 969/929
f 821/926 971/937 970/927
f 971/937 972/936 970/927
f 987/938 974/939 972/936
f 980/940 977/941 975/942
f 977/941 979/943 983/944
f 977/941 983/944 978/945
f 1251/946 997/947 979/943
f 979/943 981/948 982/949
f 981/948 857/950 982/949
f 979/943 982/949 983/944
f 982/949 822/951 983/944
f 855/931 1252/952 823/934
f 984/933 985/953 1252/952
f 975/942 978/945 984/933
f 978/945 985/953 984/933
f 978/945 986/954 985/953
f 1253/955 987/938 1250/956
f 824/957 988/958 859/959
f 988/958 1253/955 859/959
f 988/958 996/960 1253/955
f 996/960 989/961 987/938
f 993/962 992/963 860/964
f 993/962 860/964 861/965
f 861/965 995/966 1000/967
f 860/964 994/968 861/965
f 1000/967 995/966 1324/969
f 989/961 996/960 998/970
f 996/960 999/971 997/947
f 998/970 997/947 1251/946
f 999/971 1000/967 1001/972
f 862/973 1002/974 814/975
f 862/973 864/976 1002/974
f 862/973 1000/967 864/976
f 1000/967 1003/977 864/976
f 1000/967 1324/969 1003/977
f 1004/978 826/979 863/980
f 863/980 1026/981 1005/982
f 1324/969 1006/983 1003/977
f 1006/983 1223/984 1003/977
f 1223/984 825/985 1003/977
f 1223/984 1007/986 825/985
f 826/979 1013/987 1010/988
f 1013/987 1011/989 1010/988
f 1013/987 1220/990 1011/989
f 1012/991 1219/992 1014/993
f 1019/994 1015/995 1018/996
f 863/980 1029/997 1026/981
f 863/980 1254/998 1016/999
f 1254/998 1017/1000 1016/999
f 863/980 1010/988 1254/998
f 1010/988 1012/991 1254/998
f 1017/1000 1019/994 1020/1001
f 858/1002 1021/1003 813/1004
f 822/951 1022/1005 858/1002
f 1023/1006 866/1007 1022/1005
f 866/1007 868/1008 1022/1005
f 866/1007 827/1009 868/1008
f 868/1008 827/1009 867/1010
f 857/950 1023/1006 822/951
f 1025/1011 870/1012 1023/1006
f 814/975 1025/1011 857/950
f 1002/974 1024/1013 1025/1011
f 1005/982 1026/981 1024/1013
f 870/1012 869/1014 866/1007
f 869/1014 1255/1015 827/1009
f 1257/1016 1027/1017 1256/1018
f 1016/999 1028/1019 1257/1016
f 1029/997 1257/1016 1035/1020
f 1031/1021 1033/1022 1258/1023
f 1031/1021 1032/1024 1033/1022
f 1032/1024 1036/1025 871/1026
f 1256/1018 1027/1017 1157/1027
f 1255/1015 1035/1020 1034/1028
f 1035/1020 1256/1018 1034/1028
f 1258/1023 1158/1029 902/1030
f 1033/1022 871/1026 1158/1029
f 1037/925 1038/1031 1185/1032
f 1042/1033 872/1034 1037/925
f 967/922 1042/1033 818/923
f 853/907 1259/1035 967/922
f 1259/1035 1042/1033 967/922
f 1039/906 1259/1035 853/907
f 1048/905 1041/1036 1039/906
f 1041/1036 828/1037 1040/1038
f 1040/1038 1046/1039 872/1034
f 828/1037 1043/1040 1040/1038
f 1043/1040 874/1041 1040/1038
f 873/1042 1045/1043 874/1041
f 1045/1043 1044/1044 874/1041
f 1051/1045 875/1046 828/1037
f 1051/1045 828/1037 1041/1036
f 1049/1047 1052/1048 1050/1049
f 875/1046 1052/1048 1260/1050
f 1052/1048 1195/1051 1260/1050
f 1260/1050 1325/1052 1263/1053
f 1260/1050 1263/1053 1262/1054
f 1262/1054 1263/1053 1261/1055
f 1053/1056 1043/1040 828/1037
f 1053/1056 1262/1054 1043/1040
f 1043/1040 1262/1054 873/1042
f 875/1046 1260/1050 1053/1056
f 1056/1057 1073/1058 1044/1044
f 1056/1057 1057/1059 1055/1060
f 1056/1057 1055/1060 1073/1058
f 1057/1059 1059/1061 876/1062
f 1057/1059 876/1062 1055/1060
f 876/1062 1068/1063 1058/1064
f 1061/1065 1063/1066 1263/1053
f 1061/1065 1062/1067 1063/1066
f 1062/1067 1064/1068 1059/1061
f 1062/1067 824/957 1064/1068
f 1062/1067 990/1069 824/957
f 876/1062 1066/1070 1068/1063
f 1066/1070 1067/1071 1068/1063
f 1065/1072 1066/1070 876/1062
f 1064/1068 1069/1073 1065/1072
f 1065/1072 1069/1073 1066/1070
f 1069/1073 859/959 1067/1071
f 1067/1071 1070/1074 1076/1075
f 1046/1039 878/1076 1047/1077
f 1074/1078 877/1079 829/1080
f 1055/1060 1058/1064 1073/1058
f 1075/1081 877/1079 1074/1078
f 877/1079 821/926 968/1082
f 1076/1075 971/937 1075/1081
f 1075/1081 971/937 821/926
f 1264/1083 877/1079 968/1082
f 878/1076 1071/1084 856/930
f 1077/1085 1078/1086 1080/1087
f 1078/1086 1089/1088 1265/1089
f 1080/1087 1265/1089 1079/1090
f 1265/1089 1090/1091 1079/1090
f 1030/1092 881/1093 1036/1094
f 881/1093 1077/1085 1036/1094
f 1030/1092 879/1095 881/1093
f 881/1093 879/1095 1082/1096
f 879/1095 1096/1097 1081/1098
f 1082/1096 1081/1098 880/1099
f 880/1099 1084/1100 831/1101
f 831/1101 1084/1100 883/1102
f 1084/1100 1083/1103 883/1102
f 1085/1104 1107/1105 1087/1106
f 1087/1106 1112/1107 882/1108
f 1083/1103 1087/1106 1088/1109
f 1088/1109 882/1108 830/1110
f 1089/1088 1092/1111 1265/1089
f 1265/1089 1094/1112 1090/1091
f 831/1101 1089/1088 1078/1086
f 1265/1089 1092/1111 1094/1112
f 1030/1092 865/1113 879/1095
f 865/1113 1095/1114 886/1115
f 1018/1116 1097/1117 1095/1114
f 1096/1097 885/1118 1108/1119
f 1266/1120 1267/1121 1097/1117
f 1097/1117 1100/1122 884/1123
f 1100/1122 1267/1121 1103/1124
f 1100/1122 1103/1124 887/1125
f 1108/1119 1110/1126 1107/1105
f 885/1118 1101/1127 1110/1126
f 1110/1126 1106/1128 1109/1129
f 1110/1126 1109/1129 1111/1130
f 1107/1105 1110/1126 1111/1130
f 1107/1105 1111/1130 1112/1107
f 1114/1131 1113/1132 1111/1130
f 1114/1131 1116/1133 1113/1132
f 1271/1134 1121/1135 1115/1136
f 1115/1136 1121/1135 1116/1133
f 1116/1133 1121/1135 1113/1132
f 888/1137 1114/1131 1106/1128
f 889/1138 1271/1134 1114/1131
f 1118/1139 1271/1134 889/1138
f 1118/1139 1122/1140 1271/1134
f 1269/1141 1120/1142 1119/1143
f 1117/1144 1119/1143 1122/1140
f 1311/1145 1269/1141 1117/1144
f 1310/1146 1270/1147 1269/1141
f 1269/1141 1270/1147 1120/1142
f 1198/1148 944/874 1270/1147
f 1271/1134 891/1149 1121/1135
f 1122/1140 1272/1150 891/1149
f 1119/1143 1120/1142 1272/1150
f 1270/1147 944/874 840/1151
f 1120/1142 840/1151 1123/1152
f 891/1149 1273/1153 890/1154
f 1272/1150 1123/1152 1273/1153
f 1093/1155 1091/1156 1124/1157
f 1126/1158 1140/1159 893/1160
f 1126/1158 1125/1161 1140/1159
f 894/1162 893/1160 1137/1163
f 1124/1157 1126/1158 893/1160
f 830/1110 895/1164 892/1165
f 830/1110 1127/1166 895/1164
f 1112/1107 1113/1132 1128/1167
f 1127/1166 1128/1167 895/1164
f 895/1164 1128/1167 1131/1168
f 1128/1167 1113/1132 1129/1169
f 1131/1168 1129/1169 1130/1170
f 1130/1170 1133/1171 1139/1172
f 1133/1171 1134/1173 1132/1174
f 1121/1135 1134/1173 1275/1175
f 1121/1135 890/1154 1134/1173
f 1134/1173 890/1154 1135/1176
f 1276/1177 810/1178 929/843
f 1132/1174 1136/1179 1141/1180
f 1132/1174 1135/1176 1136/1179
f 1135/1176 1276/1177 929/843
f 1136/1179 929/843 815/841
f 893/1160 1140/1159 1137/1163
f 1141/1180 815/841 1142/1181
f 1138/1182 1141/1180 1142/1181
f 856/1183 1277/1184 878/1185
f 823/1186 1143/1187 1277/1184
f 1277/1184 1143/1187 1278/1188
f 823/1186 1146/1189 1143/1187
f 823/1186 1280/1190 1146/1189
f 813/1191 1154/1192 1279/1193
f 1279/1193 1154/1192 1280/1190
f 1147/1194 1145/1195 898/1196
f 1143/1187 1149/1197 1148/1198
f 1149/1197 898/1196 1148/1198
f 1148/1198 1150/1199 1151/1200
f 898/1196 1281/1201 1150/1199
f 1145/1195 1163/1202 1152/1203
f 1152/1203 899/1204 1282/1205
f 1152/1203 1282/1205 1153/1206
f 1281/1201 1153/1206 1298/1207
f 897/1208 1297/1209 1296/1210
f 897/1208 1183/1211 878/1185
f 867/1212 1155/1213 900/1214
f 900/1214 1290/1215 1283/1216
f 900/1214 1283/1216 1156/1217
f 1154/1192 1156/1217 1145/1195
f 827/1218 1284/1219 1155/1213
f 1157/1220 902/1221 1160/1222
f 1155/1213 1284/1219 1290/1215
f 1286/1223 901/1224 902/1221
f 1284/1219 1157/1220 832/1225
f 1160/1222 901/1224 1287/1226
f 832/1225 1160/1222 904/1227
f 1160/1222 1287/1226 1161/1228
f 1090/1229 1288/1230 1159/1231
f 1090/1229 1094/1232 1288/1230
f 901/1224 1286/1223 903/1233
f 1286/1223 1162/1234 1170/1235
f 904/1227 1161/1228 1166/1236
f 1292/1237 905/1238 1165/1239
f 1164/1240 1166/1236 905/1238
f 1165/1239 1167/1241 833/1242
f 1165/1239 833/1242 1168/1243
f 906/1244 1169/1245 1180/1246
f 1161/1228 1173/1247 1293/1248
f 1161/1228 1289/1249 1173/1247
f 1166/1236 1293/1248 905/1238
f 1162/1234 894/1250 1170/1235
f 903/1233 1170/1235 1294/1251
f 1170/1235 1274/1252 1171/1253
f 1171/1253 1138/1254 1294/1251
f 905/1238 1293/1248 1167/1241
f 1293/1248 1173/1247 1172/1255
f 1173/1247 1174/1256 1172/1255
f 1167/1241 1172/1255 833/1242
f 1172/1255 1174/1256 1176/1257
f 833/1242 1175/1258 1179/1259
f 1289/1249 1177/1260 1174/1256
f 1294/1251 1138/1254 1177/1260
f 1174/1256 1234/832 1235/834
f 1177/1260 923/830 1234/832
f 1178/1261 1235/834 835/835
f 1175/1258 1178/1261 1179/1259
f 1181/1262 1179/1259 836/839
f 1169/1245 907/1263 1295/1264
f 1180/1246 1295/1264 1182/1265
f 833/1242 1179/1259 1181/1262
f 1181/1262 836/839 839/860
f 907/1263 839/860 1239/862
f 1295/1264 938/866 1238/865
f 1183/1211 1038/1266 1047/1267
f 1296/1210 1183/1211 897/1208
f 908/1268 1185/924 1296/1210
f 1184/1269 1185/924 908/1268
f 1151/1200 1186/1270 1297/1209
f 1150/1199 1298/1207 1186/1270
f 1298/1207 1153/1206 1186/1270
f 1153/1206 1299/1271 1301/1272
f 1299/1271 1180/1246 1301/1272
f 1188/1273 1300/1274 908/1268
f 1190/1275 962/911 850/914
f 1300/1274 819/917 1184/1269
f 1300/1274 1184/1269 908/1268
f 911/1276 910/1277 1192/1278
f 909/1279 1192/1278 1224/1280
f 1193/1281 912/1282 910/1277
f 1302/1283 1303/1284 1193/1281
f 912/1282 1304/1285 1192/1278
f 1304/1285 1224/1280 1192/1278
f 847/903 909/1279 913/1286
f 909/1279 1224/1280 913/1286
f 1305/888 1193/1281 811/889
f 1306/884 1197/1287 952/885
f 1197/1287 1316/1288 1313/886
f 1313/886 1302/1283 1193/1281
f 1308/1289 1196/1290 1306/884
f 1309/1291 1199/1292 914/1293
f 914/1293 1314/1294 1307/879
f 1199/1292 1200/1295 1314/1294
f 1200/1295 1315/1296 1314/1294
f 915/1297 1319/1298 1199/1292
f 1199/1292 1204/1299 1200/1295
f 1204/1299 1317/1300 1315/1296
f 1310/1301 1202/1302 1198/1303
f 1311/1304 1201/1305 1202/1302
f 1202/1302 915/1297 1199/1292
f 1201/1305 1320/1306 1202/1302
f 1104/1307 1321/1308 1312/1309
f 1320/1306 1213/1310 1202/1302
f 1202/1302 1203/1311 915/1297
f 1319/1298 1209/1312 1204/1299
f 1313/886 1194/1313 1302/1283
f 1314/1294 1206/1314 1196/1290
f 1317/1300 1208/1315 916/1316
f 1205/1317 1206/1314 1316/1288
f 1316/1288 1207/1318 1194/1313
f 1208/1315 917/1319 1207/1318
f 1209/1312 918/1320 1317/1300
f 1210/1321 1211/1322 918/1320
f 1211/1322 1221/1323 1318/1324
f 1221/1323 1222/1325 1318/1324
f 1318/1324 920/1326 921/1327
f 1213/1310 1322/1328 1203/1311
f 1203/1311 1215/1329 1319/1298
f 1321/1308 1214/1330 1201/1305
f 1321/1308 1102/1331 1099/1332
f 1320/1306 919/1333 1213/1310
f 1214/1330 919/1333 1320/1306
f 1322/1328 1215/1329 1203/1311
f 919/1333 1216/1334 1322/1328
f 1216/1334 1217/1335 1215/1329
f 1323/1336 1007/1337 834/1338
f 1214/1330 1099/1332 1218/1339
f 919/1333 1218/1339 1014/1340
f 1216/1334 1014/1340 1219/1341
f 1218/1339 1098/1342 1014/1340
f 1219/1341 1220/1343 1217/1335
f 834/1338 1221/1323 1211/1322
f 1223/1344 1006/1345 1222/1325
f 1224/1280 1225/1346 913/1286
f 912/1282 1226/1347 1304/1285
f 1226/1347 1225/1346 1224/1280
f 1194/1313 1227/1348 1303/1284
f 1207/1318 1227/1348 1194/1313
f 1227/1348 1226/1347 912/1282
f 917/1319 1228/1349 1227/1348
f 1212/1350 921/1327 1228/1349
f 1226/1347 1229/1351 1225/1346
f 921/1327 1326/1352 1229/1351
f 921/1327 1327/1353 1326/1352
f 920/1326 1327/1353 921/1327
f 920/1326 995/1354 1327/1353
f 1327/1353 992/1355 1233/1356
f 1327/1353 994/1357 992/1355
f 1230/1358 1231/1359 1061/1360
f 1232/1361 1231/1359 1230/1358
f 1232/1361 1233/1356 1231/1359
f 1231/1359 991/1362 1062/1363
f 1233/1356 991/1362 1231/1359
f 1350/1364 1426/1365 1425/1366
f 1426/1365 1427/1367 1425/1366
f 1425/1366 1427/1367 1351/1368
f 1427/1367 1433/1369 1428/1370
f 1431/1371 1702/1372 1427/1367
f 1430/1373 1328/1374 1431/1371
f 1702/1372 1432/1375 1433/1369
f 1352/1376 1702/1372 1431/1371
f 1432/1375 1334/1377 1433/1369
f 1433/1369 1353/1378 1434/1379
f 1353/1378 1435/1380 1355/1381
f 1354/1382 1437/1383 1435/1380
f 1437/1383 1438/1384 1439/1385
f 1428/1370 1356/1386 1335/1387
f 1428/1370 1434/1379 1357/1388
f 1439/1385 1440/1389 1357/1388
f 1355/1381 1439/1385 1357/1388
f 1439/1385 1438/1384 1440/1389
f 1357/1388 1440/1389 1356/1386
f 1442/1390 1705/1391 1441/1392
f 1705/1391 1704/1393 1352/1376
f 1707/1394 1703/1395 1704/1393
f 1358/1396 1707/1394 1704/1393
f 1444/1397 1446/1398 1703/1395
f 1704/1393 1432/1375 1702/1372
f 1703/1395 1334/1377 1432/1375
f 1442/1390 1443/1399 1705/1391
f 1443/1399 1706/1400 1705/1391
f 1706/1400 1358/1396 1705/1391
f 1677/1401 1444/1397 1707/1394
f 1444/1397 1708/1402 1447/1403
f 1447/1403 1739/1404 1359/1405
f 1359/1405 1737/1406 1445/1407
f 1445/1407 1669/1408 1451/1409
f 1446/1398 1354/1382 1435/1380
f 1444/1397 1447/1403 1446/1398
f 1359/1405 1445/1407 1354/1382
f 1448/1410 1445/1407 1329/1411
f 1448/1410 1329/1411 1437/1383
f 1329/1411 1362/1412 1361/1413
f 1329/1411 1361/1413 1459/1414
f 1362/1412 1449/1415 1361/1413
f 1449/1415 1337/1416 1460/1417
f 1451/1409 1450/1418 1362/1412
f 1452/1419 1546/1420 1360/1421
f 1546/1420 1709/1422 1360/1421
f 1668/1423 1453/1424 1452/1419
f 1453/1424 1546/1420 1452/1419
f 1546/1420 1336/1425 1709/1422
f 1360/1421 1364/1426 1337/1416
f 1363/1427 1461/1428 1454/1429
f 1438/1384 1455/1430 1440/1389
f 1456/1431 1368/1432 1455/1430
f 1365/1433 1457/1434 1368/1432
f 1368/1432 1458/1435 1367/1436
f 1436/1437 1459/1414 1438/1384
f 1370/1438 1365/1433 1456/1431
f 1329/1411 1459/1414 1436/1437
f 1457/1434 1369/1439 1366/1440
f 1369/1439 1462/1441 1463/1442
f 1369/1439 1337/1416 1462/1441
f 1462/1441 1536/1443 1463/1442
f 1366/1440 1463/1442 1464/1444
f 1465/1445 1471/1446 1466/1447
f 1466/1447 1710/1448 1468/1449
f 1710/1448 1467/1450 1468/1449
f 1467/1450 1340/1451 1468/1449
f 1340/1451 1339/1452 1633/1453
f 1470/1454 1483/1455 1471/1446
f 1471/1446 1483/1455 1710/1448
f 1472/1456 1338/1457 1473/1458
f 1338/1457 1474/1459 1473/1458
f 1476/1460 1711/1461 1474/1459
f 1338/1457 1476/1460 1474/1459
f 1478/1462 1479/1463 1711/1461
f 1475/1464 1477/1465 1476/1460
f 1711/1461 1481/1466 1373/1467
f 1373/1467 1482/1468 1339/1452
f 1474/1459 1373/1467 1372/1469
f 1711/1461 1479/1463 1481/1466
f 1562/1470 1484/1471 1563/1472
f 1486/1473 1375/1474 1484/1471
f 1484/1471 1483/1455 1470/1454
f 1485/1475 1484/1471 1562/1470
f 1485/1475 1486/1473 1484/1471
f 1712/1476 1486/1473 1485/1475
f 1490/1477 1374/1478 1486/1473
f 1374/1478 1489/1479 1375/1474
f 1488/1480 1475/1464 1472/1456
f 1472/1456 1475/1464 1338/1457
f 1491/1481 1374/1478 1490/1477
f 1493/1482 1423/1483 1341/1484
f 1713/1485 1493/1482 1489/1479
f 1492/1486 1494/1487 1487/1488
f 1492/1486 1377/1489 1494/1487
f 1699/1490 1376/1491 1377/1489
f 1494/1487 1331/1492 1498/1493
f 1488/1480 1496/1494 1475/1464
f 1487/1488 1496/1494 1488/1480
f 1494/1487 1498/1493 1496/1494
f 1498/1493 1500/1495 1497/1496
f 1498/1493 1495/1497 1500/1495
f 1500/1495 1495/1497 1499/1498
f 1495/1497 1504/1499 1499/1498
f 1500/1495 1499/1498 1501/1500
f 1497/1496 1477/1465 1475/1464
f 1477/1465 1501/1500 1503/1501
f 1501/1500 1502/1502 1503/1501
f 1503/1501 1502/1502 1378/1503
f 1499/1498 1504/1499 1714/1504
f 1502/1502 1714/1504 1379/1505
f 1505/1506 1343/1507 1513/1508
f 1378/1503 1379/1505 1523/1509
f 1379/1505 1505/1506 1506/1510
f 1504/1499 1380/1511 1714/1504
f 1751/1512 1507/1513 1504/1499
f 1504/1499 1507/1513 1380/1511
f 1714/1504 1380/1511 1343/1507
f 1343/1507 1509/1514 1508/1515
f 1510/1516 1593/1517 1381/1518
f 1508/1515 1381/1518 1515/1519
f 1508/1515 1510/1516 1381/1518
f 1506/1510 1505/1506 1512/1520
f 1515/1519 1511/1521 1514/1522
f 1512/1520 1514/1522 1516/1523
f 1481/1466 1517/1524 1727/1525
f 1479/1463 1517/1524 1481/1466
f 1382/1526 1519/1527 1517/1524
f 1517/1524 1520/1528 1727/1525
f 1521/1529 1382/1526 1479/1463
f 1478/1462 1521/1529 1479/1463
f 1378/1503 1523/1509 1383/1530
f 1506/1510 1522/1531 1523/1509
f 1383/1530 1525/1532 1382/1526
f 1523/1509 1524/1533 1525/1532
f 1528/1534 1526/1535 1527/1536
f 1530/1537 1516/1523 1529/1538
f 1526/1535 1535/1539 1533/1540
f 1520/1528 1532/1541 1534/1542
f 1532/1541 1533/1540 1534/1542
f 1519/1527 1532/1541 1520/1528
f 1527/1536 1533/1540 1532/1541
f 1531/1543 1398/1544 1535/1539
f 1531/1543 1573/1545 1398/1544
f 1533/1540 1414/1546 1384/1547
f 1535/1539 1645/1548 1414/1546
f 1537/1549 1715/1550 1464/1551
f 1537/1549 1542/1552 1715/1550
f 1539/1553 1537/1549 1536/1443
f 1544/1554 1539/1553 1461/1428
f 1538/1555 1344/1556 1539/1553
f 1344/1556 1540/1557 1537/1549
f 1385/1558 1395/1559 1543/1560
f 1543/1560 1564/1561 1542/1552
f 1363/1427 1544/1554 1461/1428
f 1545/1562 1547/1563 1386/1564
f 1544/1554 1545/1562 1538/1555
f 1538/1555 1386/1564 1344/1556
f 1336/1425 1387/1565 1548/1566
f 1546/1420 1736/1567 1387/1565
f 1547/1563 1545/1562 1549/1568
f 1389/1569 1550/1570 1540/1557
f 1386/1564 1547/1563 1389/1569
f 1389/1569 1388/1571 1550/1570
f 1550/1570 1551/1572 1332/1573
f 1550/1570 1332/1573 1541/1574
f 1332/1573 1551/1572 1391/1575
f 1551/1572 1552/1576 1556/1577
f 1556/1577 1555/1578 1391/1575
f 1556/1577 1554/1579 1555/1578
f 1548/1566 1557/1580 1558/1581
f 1557/1580 1716/1582 1558/1581
f 1549/1568 1392/1583 1553/1584
f 1716/1582 1559/1585 1558/1581
f 1559/1585 1485/1475 1393/1586
f 1559/1585 1712/1476 1485/1475
f 1553/1584 1560/1587 1390/1588
f 1560/1587 1563/1472 1394/1589
f 1394/1589 1563/1472 1330/1590
f 1395/1559 1718/1591 1543/1560
f 1567/1592 1566/1593 1385/1558
f 1385/1558 1566/1593 1395/1559
f 1566/1593 1718/1591 1395/1559
f 1332/1573 1396/1594 1385/1558
f 1391/1575 1565/1595 1396/1594
f 1396/1594 1717/1596 1385/1558
f 1565/1595 1717/1596 1396/1594
f 1565/1595 1561/1597 1568/1598
f 1717/1596 1568/1598 1567/1592
f 1568/1598 1394/1589 1469/1599
f 1567/1592 1568/1598 1571/1600
f 1568/1598 1469/1599 1371/1601
f 1570/1602 1571/1600 1569/1603
f 1573/1604 1572/1605 1398/1606
f 1577/1607 1587/1608 1575/1609
f 1572/1605 1403/1610 1574/1611
f 1529/1612 1400/1613 1573/1604
f 1399/1614 1400/1613 1529/1612
f 1399/1614 1592/1615 1576/1616
f 1576/1616 1591/1617 1578/1618
f 1400/1613 1577/1607 1575/1609
f 1578/1618 1401/1619 1579/1620
f 1578/1618 1580/1621 1402/1622
f 1580/1621 1582/1623 1402/1622
f 1582/1623 1601/1624 1583/1625
f 1402/1622 1583/1625 1584/1626
f 1585/1627 1584/1626 1616/1628
f 1397/1629 1586/1630 1572/1605
f 1401/1619 1719/1631 1587/1608
f 1397/1629 1719/1631 1588/1632
f 1586/1630 1588/1632 1333/1633
f 1516/1634 1589/1635 1399/1614
f 1516/1636 1514/1637 1589/1635
f 1514/1637 1511/1638 1590/1639
f 1514/1637 1590/1639 1589/1635
f 1590/1639 1720/1640 1404/1641
f 1589/1635 1404/1641 1592/1615
f 1511/1638 1594/1642 1590/1639
f 1590/1639 1406/1643 1720/1640
f 1595/1644 1607/1645 1596/1646
f 1596/1646 1606/1647 1407/1648
f 1407/1648 1597/1649 1720/1640
f 1591/1617 1404/1641 1598/1650
f 1721/1651 1346/1652 1601/1624
f 1721/1651 1597/1649 1346/1652
f 1580/1621 1598/1650 1582/1623
f 1601/1624 1599/1653 1605/1654
f 1601/1624 1602/1655 1599/1653
f 1604/1656 1603/1657 1599/1653
f 1604/1656 1611/1658 1603/1657
f 1606/1647 1609/1659 1346/1652
f 1607/1645 1606/1647 1596/1646
f 1608/1660 1610/1661 1609/1659
f 1722/1662 1723/1663 1610/1661
f 1610/1661 1723/1663 1613/1664
f 1724/1665 1723/1663 1722/1662
f 1741/1666 1442/1390 1724/1665
f 1724/1665 1441/1392 1723/1663
f 1603/1657 1611/1658 1605/1654
f 1611/1658 1408/1667 1612/1668
f 1610/1661 1611/1658 1604/1656
f 1723/1663 1441/1392 1613/1664
f 1611/1658 1614/1669 1408/1667
f 1613/1664 1328/1374 1614/1669
f 1333/1633 1615/1670 1619/1671
f 1588/1632 1585/1627 1615/1670
f 1585/1627 1616/1628 1617/1672
f 1616/1628 1409/1673 1617/1672
f 1619/1671 1618/1674 1629/1675
f 1584/1626 1620/1676 1621/1677
f 1616/1628 1621/1677 1409/1673
f 1583/1625 1600/1678 1620/1676
f 1620/1676 1622/1679 1410/1680
f 1622/1679 1605/1654 1624/1681
f 1605/1654 1623/1682 1624/1681
f 1410/1680 1624/1681 1625/1683
f 1625/1683 1628/1684 1627/1685
f 1623/1682 1612/1668 1626/1686
f 1605/1654 1612/1668 1623/1682
f 1626/1686 1408/1667 1725/1687
f 1725/1687 1614/1669 1430/1373
f 1628/1684 1626/1686 1426/1365
f 1626/1686 1430/1373 1429/1688
f 1618/1674 1630/1689 1350/1364
f 1627/1685 1628/1684 1630/1689
f 1631/1690 1632/1691 1465/1692
f 1371/1693 1632/1691 1569/1694
f 1468/1695 1633/1696 1635/1697
f 1631/1690 1635/1697 1634/1698
f 1635/1697 1347/1699 1413/1700
f 1635/1697 1413/1700 1634/1698
f 1339/1701 1480/1702 1633/1696
f 1633/1696 1480/1702 1347/1699
f 1482/1703 1641/1704 1636/1705
f 1636/1705 1411/1706 1412/1707
f 1411/1706 1644/1708 1637/1709
f 1480/1702 1412/1707 1726/1710
f 1347/1699 1726/1710 1638/1711
f 1347/1699 1638/1711 1413/1700
f 1412/1707 1637/1709 1639/1712
f 1644/1708 1730/1713 1637/1709
f 1637/1709 1652/1714 1639/1712
f 1735/1715 1640/1716 1413/1700
f 1726/1710 1639/1712 1663/1717
f 1638/1711 1663/1717 1664/1718
f 1569/1694 1564/1719 1718/1720
f 1632/1691 1634/1698 1564/1719
f 1634/1698 1640/1716 1564/1719
f 1518/1721 1727/1722 1641/1704
f 1727/1722 1643/1723 1642/1724
f 1727/1722 1520/1725 1643/1723
f 1520/1725 1728/1726 1643/1723
f 1642/1724 1643/1723 1729/1727
f 1642/1724 1729/1727 1644/1708
f 1411/1706 1642/1724 1644/1708
f 1645/1728 1646/1729 1414/1730
f 1574/1731 1649/1732 1646/1729
f 1534/1733 1647/1734 1415/1735
f 1647/1734 1646/1729 1415/1735
f 1649/1732 1648/1736 1646/1729
f 1649/1732 1403/1737 1650/1738
f 1403/1737 1333/1739 1650/1738
f 1648/1736 1650/1738 1657/1740
f 1415/1735 1657/1740 1651/1741
f 1728/1726 1415/1735 1731/1742
f 1729/1727 1643/1723 1730/1713
f 1643/1723 1731/1742 1732/1743
f 1652/1714 1732/1743 1655/1744
f 1639/1712 1655/1744 1661/1745
f 1731/1742 1653/1746 1732/1743
f 1655/1744 1733/1747 1661/1745
f 1651/1741 1657/1740 1656/1748
f 1657/1740 1619/1749 1658/1750
f 1656/1748 1416/1751 1653/1746
f 1653/1746 1660/1752 1417/1753
f 1653/1746 1659/1754 1660/1752
f 1629/1755 1350/1756 1659/1754
f 1659/1754 1425/1366 1351/1368
f 1417/1753 1660/1752 1335/1387
f 1660/1752 1351/1368 1335/1387
f 1733/1747 1356/1386 1662/1757
f 1732/1743 1417/1753 1654/1758
f 1654/1758 1417/1753 1356/1386
f 1662/1757 1356/1386 1440/1389
f 1564/1719 1715/1759 1542/1760
f 1640/1716 1715/1759 1564/1719
f 1663/1717 1662/1757 1665/1761
f 1735/1715 1348/1762 1640/1716
f 1666/1763 1348/1762 1735/1715
f 1665/1761 1734/1764 1667/1765
f 1665/1761 1667/1765 1367/1436
f 1667/1765 1440/1389 1455/1430
f 1367/1436 1458/1435 1666/1763
f 1348/1762 1366/1440 1715/1759
f 1546/1766 1453/1424 1736/1767
f 1453/1424 1668/1423 1736/1767
f 1668/1423 1452/1419 1671/1768
f 1451/1409 1670/1769 1450/1418
f 1737/1406 1738/1770 1669/1408
f 1452/1419 1670/1769 1671/1768
f 1668/1423 1671/1768 1418/1771
f 1739/1404 1672/1772 1738/1770
f 1738/1770 1672/1772 1670/1769
f 1671/1768 1670/1769 1673/1773
f 1672/1772 1694/1774 1670/1769
f 1736/1767 1418/1771 1674/1775
f 1674/1775 1418/1771 1693/1776
f 1387/1777 1674/1775 1557/1778
f 1708/1402 1676/1779 1739/1404
f 1443/1399 1741/1780 1706/1400
f 1741/1780 1742/1781 1358/1396
f 1724/1782 1680/1783 1741/1780
f 1742/1781 1678/1784 1677/1401
f 1741/1780 1680/1783 1742/1781
f 1680/1783 1419/1785 1678/1784
f 1722/1786 1743/1787 1681/1788
f 1607/1789 1682/1790 1722/1786
f 1683/1791 1684/1792 1740/1793
f 1683/1791 1746/1794 1684/1792
f 1419/1785 1747/1795 1683/1791
f 1685/1796 1749/1797 1746/1794
f 1746/1794 1698/1798 1695/1799
f 1420/1800 1750/1801 1747/1795
f 1747/1795 1748/1802 1685/1796
f 1750/1801 1748/1802 1747/1795
f 1420/1800 1686/1803 1750/1801
f 1749/1797 1755/1804 1698/1798
f 1679/1805 1420/1800 1419/1785
f 1743/1787 1687/1806 1744/1807
f 1607/1789 1595/1808 1682/1790
f 1688/1809 1421/1810 1743/1787
f 1689/1811 1421/1810 1688/1809
f 1595/1808 1689/1811 1688/1809
f 1421/1810 1686/1803 1420/1800
f 1421/1810 1690/1812 1686/1803
f 1421/1810 1689/1811 1691/1813
f 1689/1811 1405/1814 1691/1813
f 1691/1813 1593/1815 1510/1816
f 1510/1816 1692/1817 1690/1812
f 1748/1802 1376/1818 1749/1797
f 1690/1812 1342/1819 1507/1820
f 1751/1821 1331/1822 1376/1818
f 1674/1775 1693/1776 1716/1823
f 1752/1824 1701/1825 1753/1826
f 1753/1826 1700/1827 1693/1776
f 1418/1771 1673/1773 1753/1826
f 1694/1774 1752/1824 1673/1773
f 1422/1828 1754/1829 1672/1772
f 1695/1799 1697/1830 1422/1828
f 1696/1831 1423/1832 1349/1833
f 1697/1830 1424/1834 1696/1831
f 1331/1822 1377/1835 1376/1818
f 1696/1831 1699/1836 1423/1832
f 1424/1834 1699/1836 1696/1831
f 1755/1804 1376/1818 1424/1834
f 1699/1836 1341/1837 1423/1832
f 1700/1827 1559/1838 1716/1823
f 1349/1833 1701/1825 1752/1824
f 1423/1832 1493/1839 1701/1825
f 1701/1825 1491/1840 1700/1827
f 1493/1839 1713/1841 1701/1825
f 1491/1840 1712/1842 1700/1827
f 1780/1843 1850/1844 1851/1845
f 1852/1846 1859/1847 1853/1848
f 1859/1847 1764/1849 1853/1848
f 1853/1848 1854/1850 1851/1845
f 1763/1851 1855/1852 1850/1844
f 1852/1846 1856/1853 1859/1847
f 1858/1854 1859/1847 1856/1853
f 1861/1855 1860/1856 2128/1857
f 1862/1858 1863/1859 1864/1860
f 1853/1848 1782/1861 1854/1850
f 1764/1849 1782/1861 1853/1848
f 1764/1849 1865/1862 1782/1861
f 1782/1861 1757/1863 1839/1864
f 1783/1865 1857/1866 1781/1867
f 1870/1868 1866/1869 1857/1866
f 1867/1870 1784/1871 1868/1872
f 1866/1869 1868/1872 1857/1866
f 1868/1872 1784/1871 2128/1857
f 2051/1873 1870/1868 1765/1874
f 1871/1875 1869/1876 1870/1868
f 1871/1875 2104/1877 1869/1876
f 1869/1876 1766/1878 1872/1879
f 1869/1876 1872/1879 1867/1870
f 1869/1876 1867/1870 1866/1869
f 1873/1880 1874/1881 1876/1882
f 1872/1879 1874/1881 1873/1880
f 1872/1879 1766/1878 1874/1881
f 1874/1881 1875/1883 1876/1882
f 1876/1882 1785/1884 1878/1885
f 1878/1885 1785/1884 1882/1886
f 1877/1887 1873/1880 1876/1882
f 1878/1885 1882/1886 2129/1888
f 1878/1885 1758/1889 1862/1858
f 1884/1890 1881/1891 1879/1892
f 1884/1890 1887/1893 1881/1891
f 1879/1892 1881/1891 2131/1894
f 1882/1886 1883/1895 2129/1888
f 2129/1888 1885/1896 1884/1890
f 1882/1886 2095/1897 1883/1895
f 1885/1896 1807/1898 1884/1890
f 1807/1898 1808/1899 1887/1893
f 1887/1893 1889/1900 1886/1901
f 1888/1902 1972/1903 1889/1900
f 1889/1900 1972/1903 1897/1904
f 1891/1905 1786/1906 1890/1907
f 1892/1908 1900/1909 1893/1910
f 1786/1906 1893/1910 2094/1911
f 2130/1912 1894/1913 1891/1905
f 1758/1889 2130/1912 1863/1859
f 1895/1914 1788/1915 1894/1913
f 1881/1891 1787/1916 2131/1894
f 1788/1915 1892/1908 1786/1906
f 1897/1904 1964/1917 1899/1918
f 1902/1919 1899/1918 1901/1920
f 1899/1918 1898/1921 1901/1920
f 2132/1922 1909/1923 1904/1924
f 2151/1925 1789/1926 1829/1927
f 1909/1923 2134/1928 1906/1929
f 1905/1930 1907/1931 2133/1932
f 1907/1931 1924/1933 1909/1923
f 2134/1928 1908/1934 1906/1929
f 1908/1934 1910/1935 1912/1936
f 1910/1935 1927/1937 1911/1938
f 1906/1929 1912/1936 2151/1925
f 1789/1926 1911/1938 1767/1939
f 1914/1940 1916/1941 1913/1942
f 1911/1938 1927/1937 1914/1940
f 1927/1937 1932/1943 1916/1941
f 1916/1941 1915/1944 1913/1942
f 1915/1944 1917/1945 1918/1946
f 1917/1945 1955/1947 1918/1946
f 1913/1942 1919/1948 1922/1949
f 1789/1926 1921/1950 1829/1927
f 1767/1939 1921/1950 1789/1926
f 1767/1939 2135/1951 1921/1950
f 1913/1942 1922/1949 1920/1952
f 1922/1949 1951/1953 1759/1954
f 1920/1952 1830/1955 2072/1956
f 1759/1954 2153/1957 1830/1955
f 1790/1958 1924/1933 2001/1959
f 1925/1960 1923/1961 1924/1933
f 2136/1962 1925/1960 1790/1958
f 2138/1963 2137/1964 1925/1960
f 1926/1965 1791/1966 2137/1964
f 2137/1964 1791/1966 1923/1961
f 1791/1966 1927/1937 1923/1961
f 1792/1967 1928/1968 2136/1962
f 2139/1969 2138/1963 1928/1968
f 2140/1970 1768/1971 1926/1965
f 1933/1972 1795/1973 1794/1974
f 2141/1975 1929/1976 1933/1972
f 1795/1973 2126/1977 1793/1978
f 1794/1974 1793/1978 1935/1979
f 1935/1979 1793/1978 1934/1980
f 2142/1981 1933/1972 1931/1982
f 1933/1972 1794/1974 1931/1982
f 1931/1982 1935/1979 1937/1983
f 1937/1983 1935/1979 1936/1984
f 1932/1943 1937/1983 1917/1945
f 1917/1945 1936/1984 1955/1947
f 1936/1984 1934/1980 1939/1985
f 1934/1980 1796/1986 1938/1987
f 1796/1986 1797/1988 1940/1989
f 2143/1990 1940/1989 1956/1991
f 1938/1987 1796/1986 2143/1990
f 1793/1978 1941/1992 1934/1980
f 1793/1978 1930/1993 1941/1992
f 1930/1993 2116/1994 1941/1992
f 1942/1995 1943/1996 1796/1986
f 1943/1996 1944/1997 1945/1998
f 1769/1999 1944/1997 1943/1996
f 1944/1997 2112/2000 1945/1998
f 1945/1998 2112/2000 2031/2001
f 1940/1989 1797/1988 1947/2002
f 1797/1988 1948/2003 1947/2002
f 1947/2002 1800/2004 1946/2005
f 1797/1988 1945/1998 1948/2003
f 1799/2006 1946/2005 1950/2007
f 1946/2005 1949/2008 1950/2007
f 1946/2005 1800/2004 1949/2008
f 1950/2007 1949/2008 2146/2009
f 1951/1953 1802/2010 1759/1954
f 1919/1948 1952/2011 1951/1953
f 1954/2012 1801/2013 1919/1948
f 1798/2014 2143/1990 1956/1991
f 1956/1991 1940/1989 1958/2015
f 1953/2016 1956/1991 1957/2017
f 1956/1991 1958/2015 1957/2017
f 1799/2006 1804/2018 1803/2019
f 1799/2006 1950/2007 1804/2018
f 1804/2018 1950/2007 2146/2009
f 1804/2018 1959/2020 1803/2019
f 1802/2010 1960/2021 2078/2022
f 1803/2019 1962/2023 1960/2021
f 1959/2020 1961/2024 1803/2019
f 1959/2020 2005/2025 1961/2024
f 1898/1921 1963/2026 1901/1920
f 1964/1917 1963/2026 1898/1921
f 1972/1903 1965/2027 1964/1917
f 1967/2028 1805/2029 1964/1917
f 1974/2030 1966/2031 1967/2028
f 1967/2028 1966/2031 1805/2029
f 1968/2032 1770/2033 1971/2034
f 1966/2031 1968/2032 1805/2029
f 1761/2035 1819/2036 1970/2037
f 1970/2037 1819/2036 1968/2032
f 1963/2026 2002/2038 1901/1920
f 1968/2032 1971/2034 1963/2026
f 1770/2033 1817/2039 1971/2034
f 1807/1898 2102/2040 1977/2041
f 1808/1899 1807/1898 1975/2042
f 1975/2042 1977/2041 1976/2043
f 1977/2041 1760/2044 1978/2045
f 1809/2046 1979/2047 1982/2048
f 1976/2043 1978/2045 1979/2047
f 1806/2049 1969/2050 1966/2031
f 1806/2049 1809/2046 1810/2051
f 1810/2051 1980/2052 1969/2050
f 1810/2051 1982/2048 1980/2052
f 1980/2052 1981/2053 1983/2054
f 1980/2052 1761/2035 1970/2037
f 1984/2055 1812/2056 2144/2057
f 1983/2054 1981/2053 1984/2055
f 1981/2053 1985/2058 1813/2059
f 1813/2059 1987/2060 1812/2056
f 1982/2048 1989/2061 1985/2058
f 1991/2062 1992/2063 1990/2064
f 1989/2061 1990/2064 1993/2065
f 1985/2058 1993/2065 1986/2066
f 1993/2065 1994/2067 1986/2066
f 1992/2063 1994/2067 1993/2065
f 1814/2068 1996/2069 1992/2063
f 1996/2069 2136/1962 1995/2070
f 1811/2071 1998/2072 1987/2060
f 1999/2073 1816/2074 1998/2072
f 1998/2072 1815/2075 1997/2076
f 1986/2066 1999/2073 1811/2071
f 1994/2067 1999/2073 1986/2066
f 1994/2067 1995/2070 1999/2073
f 1995/2070 1790/1958 2000/2077
f 1816/2074 2001/1959 1815/2075
f 1771/2078 2004/2079 1817/2039
f 1819/2036 1771/2078 1770/2033
f 1770/2033 1771/2078 1817/2039
f 2144/2057 2003/2080 1819/2036
f 2003/2080 1818/2081 1819/2036
f 1812/2056 2003/2080 2144/2057
f 1819/2036 1818/2081 1771/2078
f 1771/2078 1818/2081 2004/2079
f 1997/2076 1818/2081 2003/2080
f 1818/2081 1907/1931 1905/1930
f 1818/2081 1815/2075 1907/1931
f 2001/1959 1907/1931 1815/2075
f 2002/2038 2145/2082 2132/1922
f 2002/2038 2132/1922 1904/1924
f 2004/2079 1905/1930 2133/1932
f 2006/2083 2007/2084 2005/2085
f 2007/2084 2024/2086 2008/2087
f 2005/2085 2008/2087 1961/2088
f 2010/2089 2012/2090 2013/2091
f 1820/2092 2010/2089 2013/2091
f 2010/2089 2039/2093 2011/2094
f 2011/2094 2016/2095 2012/2090
f 2017/2096 2018/2097 2016/2095
f 2017/2096 1823/2098 2018/2097
f 2018/2097 2014/2099 2016/2095
f 2014/2099 2023/2100 2015/2101
f 2025/2102 2022/2103 2026/2104
f 1821/2105 2024/2086 1762/2106
f 2024/2086 2026/2104 2027/2107
f 1949/2108 2028/2109 2146/2110
f 2028/2109 2032/2111 2029/2112
f 2028/2109 2029/2112 2030/2113
f 2146/2110 2028/2109 2030/2113
f 1948/2114 2031/2115 2028/2109
f 1820/2092 2030/2113 2010/2089
f 2030/2113 2040/2116 2039/2093
f 2032/2111 2034/2117 1774/2118
f 1774/2118 2034/2117 2033/2119
f 2031/2115 2147/2120 2034/2117
f 2147/2120 2036/2121 2034/2117
f 2038/2122 2037/2123 1822/2124
f 1774/2118 2033/2119 2029/2112
f 2029/2112 2033/2119 1822/2124
f 2029/2112 1822/2124 2040/2116
f 2040/2116 1822/2124 2037/2123
f 2040/2116 2037/2123 1823/2098
f 1773/2125 2043/2126 2041/2127
f 2044/2128 2052/2129 1824/2130
f 2047/2131 2046/2132 2038/2122
f 2038/2122 2046/2132 1773/2125
f 2035/2133 2047/2131 2038/2122
f 2036/2121 2047/2131 2035/2133
f 2105/2134 2047/2131 2036/2121
f 2048/2135 2049/2136 2044/2128
f 1826/2137 2149/2138 2049/2136
f 2148/2139 1826/2137 2048/2135
f 2050/2140 2051/1873 2148/2139
f 1826/2137 1765/1874 2149/2138
f 2052/2129 2149/2138 2064/2141
f 2149/2138 2053/2142 2064/2141
f 1783/1865 1756/2143 2053/2142
f 2053/2142 1756/2143 2066/2144
f 2027/2107 2055/2145 2054/2146
f 2022/2103 2057/2147 2055/2145
f 2055/2145 1827/2148 2056/2149
f 2027/2107 2054/2146 2068/2150
f 2021/2151 2059/2152 2057/2147
f 2057/2147 1828/2153 1827/2148
f 2059/2152 2058/2154 1828/2153
f 1825/2155 2061/2156 2058/2154
f 2045/2157 2065/2158 2061/2156
f 2060/2159 2061/2156 2062/2160
f 2060/2159 2062/2160 2063/2161
f 2061/2156 2065/2158 2062/2160
f 2150/2162 2066/2144 2067/2163
f 2067/2163 1781/1867 1763/1851
f 2054/2146 2056/2149 2069/2164
f 2056/2149 2067/2163 2069/2164
f 2069/2164 1763/1851 1780/1843
f 2068/2150 2069/2164 1780/1843
f 2151/2165 1829/2166 2152/2167
f 1921/2168 2072/2169 2073/2170
f 2072/2169 1830/2171 2074/2172
f 1832/2173 2074/2172 1831/2174
f 1829/2166 2073/2170 2152/2167
f 2073/2170 1831/2174 2152/2167
f 2070/2175 2152/2167 1776/2176
f 1831/2174 2074/2172 2075/2177
f 1831/2174 2075/2177 1833/2178
f 2152/2167 2155/2179 2156/2180
f 2070/2175 1776/2176 2076/2181
f 2002/2182 2071/2183 2093/2184
f 2076/2181 2093/2184 2071/2183
f 1759/2185 1802/2186 2153/2187
f 2153/2187 2077/2188 1830/2171
f 1802/2186 2078/2189 2153/2187
f 2078/2189 2079/2190 2153/2187
f 2153/2187 2079/2190 2077/2188
f 2008/2191 1821/2192 1961/2193
f 2078/2189 1834/2194 2079/2190
f 2079/2190 1834/2194 2080/2195
f 2079/2190 2082/2196 2077/2188
f 2079/2190 2080/2195 2082/2196
f 1821/2192 2080/2195 1834/2194
f 2080/2195 1762/2197 2081/2198
f 2077/2188 2082/2196 2083/2199
f 2074/2172 2084/2200 2075/2177
f 2081/2198 2154/2201 2087/2202
f 2081/2198 1762/2197 2154/2201
f 1762/2197 2027/2203 2154/2201
f 2154/2201 2068/2204 1837/2205
f 1836/2206 2087/2202 1837/2205
f 1836/2206 1837/2205 1775/2207
f 1837/2205 2090/2208 2088/2209
f 2090/2208 1780/2210 1849/2211
f 2086/2212 2085/2213 1838/2214
f 2085/2213 2091/2215 1838/2214
f 2091/2215 2089/2216 1839/1864
f 2091/2215 1839/1864 1757/1863
f 1776/2176 2092/2217 2076/2181
f 1776/2176 1903/2218 2092/2217
f 2093/2184 1901/2219 2002/2182
f 2155/2179 2086/2212 2094/1911
f 2156/2180 1903/2218 1776/2176
f 1838/2214 1757/1863 1890/1907
f 2094/1911 1893/1910 2156/2180
f 2092/2217 1903/2218 2093/2184
f 1903/2218 1901/2220 2093/2184
f 1885/1896 1883/1895 1840/2221
f 1883/1895 2095/1897 1777/2222
f 1807/2223 1840/2221 2102/2224
f 2096/2225 2097/2226 2095/1897
f 2098/2227 2157/2228 2096/2225
f 2095/1897 2097/2226 1777/2222
f 2096/2225 2100/2229 2097/2226
f 2157/2228 2100/2229 2096/2225
f 2099/2230 2121/2231 2157/2228
f 1840/2221 1777/2222 2103/2232
f 1777/2222 2101/2233 2117/2234
f 2102/2224 2103/2232 1760/2235
f 1875/1883 2096/2225 1785/1884
f 1874/1881 2158/2236 1875/1883
f 1875/1883 2098/2227 2096/2225
f 1766/1878 2158/2236 1874/1881
f 1841/2237 1842/2238 1766/1878
f 1871/2239 2160/2240 2159/2241
f 2159/2241 2161/2242 2104/1877
f 2159/2241 2162/2243 2161/2242
f 2162/2243 2109/2244 2163/2245
f 2160/2240 2106/2246 2162/2243
f 2148/2247 2105/2248 2050/2249
f 2160/2240 2166/2250 2106/2246
f 2166/2250 1843/2251 2106/2246
f 2106/2246 1843/2251 2109/2244
f 1842/2238 2099/2230 2098/2227
f 2163/2245 2164/2252 2107/2253
f 2164/2252 2108/2254 2107/2253
f 2107/2253 2121/2231 2099/2230
f 1843/2251 2165/2255 2109/2244
f 2110/2256 2111/2257 2166/2250
f 2147/2258 2112/2259 2110/2256
f 2111/2257 1844/2260 1769/2261
f 2112/2259 2167/2262 2110/2256
f 2147/2258 2031/2263 2112/2259
f 2112/2259 1944/2264 2167/2262
f 2113/2265 2115/2266 1778/2267
f 2165/2255 2111/2257 2114/2268
f 2114/2268 1769/2261 1942/2269
f 1760/2235 2119/2270 1991/2271
f 1760/2235 1991/2271 1990/2272
f 2103/2232 2117/2234 2118/2273
f 2118/2273 1846/2274 2119/2270
f 1845/2275 1848/2276 2118/2273
f 1846/2274 1814/2277 2119/2270
f 2119/2270 1814/2277 1991/2271
f 2100/2229 2120/2278 2101/2233
f 2108/2254 2123/2279 2121/2231
f 2123/2279 2122/2280 2120/2278
f 1778/2267 2125/2281 2123/2279
f 1847/2282 2124/2283 2122/2280
f 2125/2281 1929/2284 2124/2283
f 2115/2266 2126/2285 2125/2281
f 2124/2283 2141/2286 1779/2287
f 2141/2286 1768/2288 1779/2287
f 1846/2274 1792/2289 1814/2277
f 2127/2290 2140/2291 1848/2276
f 1779/2287 2140/2291 2127/2290
f 1846/2274 2139/2292 1792/2289
f 1848/2276 2139/2292 1846/2274
f 1848/2276 2138/2293 2139/2292
f 2140/2291 2138/2293 1848/2276
f 2274/2294 2582/2295 2175/2296
f 2274/2294 2175/2296 2196/2297
f 2174/2298 2197/2299 2275/2300
f 2483/2301 2276/2302 2197/2299
f 2275/2300 2197/2299 2278/2303
f 2197/2299 2277/2304 2278/2303
f 2278/2303 2279/2305 2582/2295
f 2278/2303 2277/2304 2279/2305
f 2277/2304 2297/2306 2280/2307
f 2279/2305 2280/2307 2198/2308
f 2198/2308 2283/2309 2286/2310
f 2284/2311 2199/2312 2175/2296
f 2582/2295 2279/2305 2284/2311
f 2284/2311 2198/2308 2286/2310
f 2286/2310 2285/2313 2287/2314
f 2284/2311 2286/2310 2199/2312
f 2289/2315 2288/2316 2200/2317
f 2583/2318 2290/2319 2289/2315
f 2552/2320 2201/2321 2291/2322
f 2201/2321 2293/2323 2292/2324
f 2203/2325 2294/2326 2202/2327
f 2290/2319 2292/2324 2295/2328
f 2292/2324 2203/2325 2296/2329
f 2297/2306 2296/2329 2281/2330
f 2581/2331 2176/2332 2299/2333
f 2581/2331 2299/2333 2169/2334
f 2169/2334 2299/2333 2318/2335
f 2176/2332 2584/2336 2299/2333
f 2584/2336 2300/2337 2299/2333
f 2205/2338 2305/2339 2204/2340
f 2298/2341 2302/2342 2318/2335
f 2300/2337 2586/2343 2585/2344
f 2586/2343 2205/2338 2585/2344
f 2202/2327 2168/2345 2584/2336
f 2168/2345 2538/2346 2300/2337
f 2538/2346 2586/2343 2300/2337
f 2303/2347 2305/2339 2304/2348
f 2206/2349 2304/2348 2205/2338
f 2306/2350 2207/2351 2308/2352
f 2307/2353 2399/2354 2177/2355
f 2587/2356 2308/2352 2309/2357
f 2588/2358 2306/2350 2308/2352
f 2308/2352 2207/2351 2310/2359
f 2310/2359 2307/2353 2177/2355
f 2309/2357 2310/2359 2324/2360
f 2310/2359 2177/2355 2312/2361
f 2312/2361 2311/2362 2377/2363
f 2589/2364 2314/2365 2313/2366
f 2315/2367 2326/2368 2316/2369
f 2209/2370 2316/2369 2531/2371
f 2531/2371 2316/2369 2528/2372
f 2316/2369 2178/2373 2528/2372
f 2282/2374 2317/2375 2285/2313
f 2285/2313 2317/2375 2314/2365
f 2282/2374 2169/2334 2317/2375
f 2317/2375 2318/2335 2210/2376
f 2318/2335 2319/2377 2210/2376
f 2302/2342 2322/2378 2320/2379
f 2210/2376 2321/2380 2208/2381
f 2319/2377 2320/2379 2321/2380
f 2322/2378 2211/2382 2328/2383
f 2587/2356 2323/2384 2322/2378
f 2587/2356 2309/2357 2323/2384
f 2323/2384 2211/2382 2322/2378
f 2326/2368 2534/2385 2178/2373
f 2320/2379 2328/2383 2326/2368
f 2211/2382 2327/2386 2328/2383
f 2328/2383 2327/2386 2326/2368
f 2534/2385 2326/2368 2535/2387
f 2327/2386 2535/2388 2326/2368
f 2212/2389 2590/2390 2331/2391
f 2331/2391 2330/2392 2180/2393
f 2329/2394 2214/2395 2212/2389
f 2434/2396 2333/2397 2332/2398
f 2333/2397 2213/2399 2214/2395
f 2332/2398 2333/2397 2214/2395
f 2213/2399 2591/2400 2590/2390
f 2590/2390 2591/2400 2334/2401
f 2590/2390 2334/2401 2330/2392
f 2591/2400 2336/2402 2334/2401
f 2337/2403 2338/2404 2335/2405
f 2338/2404 2170/2406 2215/2407
f 2335/2405 2338/2404 2339/2408
f 2339/2408 2215/2407 2179/2409
f 2341/2410 2217/2411 2340/2412
f 2341/2410 2342/2413 2217/2411
f 2339/2408 2179/2409 2342/2413
f 2179/2409 2216/2414 2342/2413
f 2241/2415 2343/2416 2344/2417
f 2343/2416 2345/2418 2213/2399
f 2345/2418 2346/2419 2213/2399
f 2346/2419 2347/2420 2213/2399
f 2635/2421 2218/2422 2592/2423
f 2348/2424 2220/2425 2346/2419
f 2220/2425 2219/2426 2181/2427
f 2221/2428 2349/2429 2220/2425
f 2347/2420 2350/2430 2591/2400
f 2350/2430 2337/2403 2336/2402
f 2220/2425 2223/2431 2350/2430
f 2220/2425 2181/2427 2223/2431
f 2223/2431 2351/2432 2337/2403
f 2351/2432 2222/2433 2337/2403
f 2337/2403 2593/2434 2170/2406
f 2337/2403 2222/2433 2593/2434
f 2354/2435 2353/2436 2593/2434
f 2222/2433 2354/2435 2593/2434
f 2354/2435 2352/2437 2353/2436
f 2222/2433 2594/2438 2354/2435
f 2594/2438 2225/2439 2354/2435
f 2594/2438 2224/2440 2225/2439
f 2355/2441 2356/2442 2357/2443
f 2225/2439 2357/2443 2352/2437
f 2181/2427 2227/2444 2594/2438
f 2227/2444 2183/2445 2224/2440
f 2219/2426 2632/2446 2227/2444
f 2226/2447 2183/2445 2227/2444
f 2226/2447 2631/2448 2183/2445
f 2631/2448 2358/2449 2183/2445
f 2228/2450 2361/2451 2359/2452
f 2355/2441 2363/2453 2362/2454
f 2363/2453 2229/2455 2182/2456
f 2216/2414 2364/2457 2260/2458
f 2364/2457 2365/2459 2623/2460
f 2595/2461 2367/2462 2216/2414
f 2367/2462 2365/2459 2364/2457
f 2365/2459 2368/2463 2366/2464
f 2365/2459 2366/2464 2624/2465
f 2215/2407 2595/2461 2179/2409
f 2170/2406 2595/2461 2215/2407
f 2593/2434 2353/2436 2595/2461
f 2353/2436 2368/2463 2367/2462
f 2368/2463 2596/2466 2366/2464
f 2362/2454 2230/2467 2369/2468
f 2230/2467 2370/2469 2369/2468
f 2613/2470 2184/2471 2370/2469
f 2369/2468 2436/2472 2231/2473
f 2436/2472 2371/2474 2231/2473
f 2372/2475 2232/2476 2532/2477
f 2372/2475 2532/2477 2535/2388
f 2373/2478 2232/2476 2372/2475
f 2597/2479 2598/2480 2600/2481
f 2375/2482 2374/2483 2373/2478
f 2602/2484 2597/2479 2374/2483
f 2377/2363 2375/2482 2325/2485
f 2395/2486 2376/2487 2377/2363
f 2377/2363 2602/2484 2375/2482
f 2376/2487 2378/2488 2379/2489
f 2379/2489 2382/2490 2185/2491
f 2383/2492 2384/2493 2385/2494
f 2385/2494 2384/2493 2380/2495
f 2383/2492 2386/2496 2384/2493
f 2386/2496 2171/2497 2388/2498
f 2381/2499 2389/2500 2234/2501
f 2384/2493 2388/2498 2381/2499
f 2603/2502 2430/2503 2424/2504
f 2382/2490 2234/2501 2393/2505
f 2392/2506 2604/2507 2236/2508
f 2389/2500 2603/2502 2424/2504
f 2392/2506 2424/2504 2604/2507
f 2236/2508 2604/2507 2612/2509
f 2311/2362 2605/2510 2395/2486
f 2605/2510 2401/2511 2237/2512
f 2233/2513 2398/2514 2378/2488
f 2237/2512 2397/2515 2233/2513
f 2398/2514 2396/2516 2378/2488
f 2177/2355 2399/2354 2400/2517
f 2606/2518 2186/2519 2607/2520
f 2605/2510 2607/2520 2401/2511
f 2607/2520 2186/2519 2401/2511
f 2401/2511 2610/2521 2397/2515
f 2401/2511 2611/2522 2610/2521
f 2397/2515 2610/2521 2608/2523
f 2610/2521 2403/2524 2608/2523
f 2608/2523 2403/2524 2406/2525
f 2608/2523 2406/2525 2402/2526
f 2608/2523 2402/2526 2609/2527
f 2610/2521 2611/2522 2403/2524
f 2401/2511 2186/2519 2611/2522
f 2403/2524 2404/2528 2406/2525
f 2406/2525 2417/2529 2402/2526
f 2609/2527 2383/2492 2378/2488
f 2238/2530 2386/2496 2609/2527
f 2396/2516 2608/2523 2609/2527
f 2402/2526 2407/2531 2238/2530
f 2402/2526 2411/2532 2407/2531
f 2411/2532 2408/2533 2407/2531
f 2407/2531 2171/2497 2386/2496
f 2409/2534 2415/2535 2239/2536
f 2409/2534 2239/2536 2408/2533
f 2411/2532 2409/2534 2408/2533
f 2416/2537 2410/2538 2409/2534
f 2412/2539 2413/2540 2415/2535
f 2405/2541 2417/2529 2406/2525
f 2417/2529 2416/2537 2411/2532
f 2571/2542 2418/2543 2416/2537
f 2418/2543 2412/2539 2410/2538
f 2419/2544 2240/2545 2412/2539
f 2240/2545 2419/2544 2420/2546
f 2413/2540 2421/2547 2431/2548
f 2412/2539 2241/2415 2413/2540
f 2240/2545 2343/2416 2241/2415
f 2422/2549 2241/2415 2344/2417
f 2394/2550 2612/2509 2423/2551
f 2612/2509 2425/2552 2423/2551
f 2425/2552 2426/2553 2428/2554
f 2428/2554 2187/2555 2427/2556
f 2429/2557 2427/2556 2622/2558
f 2387/2559 2239/2536 2430/2503
f 2408/2533 2239/2536 2387/2559
f 2414/2560 2431/2548 2432/2561
f 2432/2561 2431/2548 2433/2562
f 2433/2562 2422/2549 2434/2396
f 2431/2548 2421/2547 2422/2549
f 2622/2558 2434/2396 2435/2563
f 2427/2556 2187/2555 2622/2558
f 2434/2396 2329/2394 2435/2563
f 2436/2564 2242/2565 2371/2566
f 2184/2567 2438/2568 2436/2564
f 2438/2568 2616/2569 2242/2565
f 2613/2570 2439/2571 2184/2567
f 2439/2571 2437/2572 2184/2567
f 2440/2573 2441/2574 2439/2571
f 2450/2575 2441/2574 2440/2573
f 2441/2574 2614/2576 2442/2577
f 2439/2571 2448/2578 2437/2572
f 2441/2574 2442/2577 2439/2571
f 2442/2577 2244/2579 2448/2578
f 2188/2580 2443/2581 2441/2574
f 2443/2581 2615/2582 2614/2576
f 2243/2583 2444/2584 2443/2581
f 2444/2584 2445/2585 2615/2582
f 2444/2584 2459/2586 2445/2585
f 2616/2569 2447/2587 2242/2565
f 2448/2578 2449/2588 2616/2569
f 2448/2578 2245/2589 2449/2588
f 2449/2588 2472/2590 2447/2587
f 2182/2591 2248/2592 2617/2593
f 2617/2593 2247/2594 2451/2595
f 2451/2595 2247/2594 2452/2596
f 2451/2595 2452/2596 2618/2597
f 2450/2575 2618/2597 2188/2580
f 2450/2575 2451/2595 2618/2597
f 2229/2598 2246/2599 2248/2592
f 2246/2599 2454/2600 2248/2592
f 2248/2592 2619/2601 2247/2594
f 2248/2592 2454/2600 2619/2601
f 2247/2594 2619/2601 2453/2602
f 2453/2602 2456/2603 2620/2604
f 2619/2601 2455/2605 2253/2606
f 2456/2603 2253/2606 2467/2607
f 2620/2604 2189/2608 2458/2609
f 2249/2610 2458/2609 2459/2586
f 2459/2586 2460/2611 2462/2612
f 2462/2612 2461/2613 2475/2614
f 2458/2609 2189/2608 2460/2611
f 2189/2608 2251/2615 2460/2611
f 2250/2616 2464/2617 2251/2615
f 2251/2615 2463/2618 2461/2613
f 2463/2618 2465/2619 2466/2620
f 2465/2619 2477/2621 2466/2620
f 2456/2603 2467/2607 2250/2616
f 2252/2622 2468/2623 2455/2605
f 2467/2607 2469/2624 2250/2616
f 2468/2623 2255/2625 2469/2624
f 2190/2626 2255/2625 2468/2623
f 2254/2627 2583/2318 2255/2625
f 2255/2625 2583/2318 2469/2624
f 2465/2619 2484/2628 2477/2621
f 2470/2629 2471/2630 2465/2619
f 2464/2617 2470/2629 2463/2618
f 2621/2631 2470/2629 2464/2617
f 2469/2624 2200/2317 2470/2629
f 2469/2624 2289/2315 2200/2317
f 2471/2630 2288/2316 2276/2302
f 2200/2317 2288/2316 2471/2630
f 2245/2589 2472/2590 2449/2588
f 2245/2589 2473/2632 2472/2590
f 2446/2633 2474/2634 2473/2632
f 2472/2590 2473/2632 2256/2635
f 2445/2585 2474/2634 2446/2633
f 2445/2585 2478/2636 2474/2634
f 2445/2585 2476/2637 2478/2636
f 2476/2637 2475/2614 2478/2636
f 2475/2614 2466/2620 2479/2638
f 2474/2634 2478/2636 2482/2639
f 2478/2636 2480/2640 2482/2639
f 2482/2639 2480/2640 2481/2641
f 2478/2636 2477/2621 2480/2640
f 2477/2621 2484/2628 2483/2301
f 2481/2641 2480/2640 2174/2298
f 2473/2632 2481/2641 2258/2642
f 2258/2642 2481/2641 2174/2298
f 2174/2298 2275/2300 2485/2643
f 2258/2642 2174/2298 2485/2643
f 2212/2644 2486/2645 2259/2646
f 2331/2647 2492/2648 2486/2645
f 2486/2645 2492/2648 2487/2649
f 2435/2650 2259/2646 2622/2651
f 2180/2652 2489/2653 2492/2648
f 2340/2654 2217/2655 2489/2653
f 2217/2655 2488/2656 2489/2653
f 2488/2656 2261/2657 2493/2658
f 2489/2653 2493/2658 2494/2659
f 2492/2648 2494/2659 2491/2660
f 2493/2658 2261/2657 2627/2661
f 2491/2660 2262/2662 2268/2663
f 2495/2664 2497/2665 2259/2646
f 2487/2649 2491/2660 2495/2664
f 2491/2660 2263/2666 2495/2664
f 2496/2667 2498/2668 2497/2665
f 2429/2669 2622/2651 2423/2670
f 2497/2665 2498/2668 2622/2651
f 2498/2668 2394/2671 2423/2670
f 2624/2672 2500/2673 2365/2674
f 2260/2675 2499/2676 2261/2657
f 2499/2676 2265/2677 2506/2678
f 2231/2679 2624/2672 2366/2680
f 2231/2679 2502/2681 2624/2672
f 2371/2682 2502/2681 2231/2679
f 2502/2681 2500/2673 2624/2672
f 2502/2681 2503/2683 2500/2673
f 2264/2684 2505/2685 2503/2683
f 2503/2683 2507/2686 2193/2687
f 2242/2688 2503/2683 2502/2681
f 2447/2689 2264/2684 2503/2683
f 2447/2689 2504/2690 2264/2684
f 2504/2690 2515/2691 2264/2684
f 2505/2685 2192/2692 2507/2686
f 2193/2687 2507/2686 2501/2693
f 2509/2694 2172/2695 2261/2657
f 2265/2677 2266/2696 2509/2694
f 2266/2696 2514/2697 2509/2694
f 2192/2692 2512/2698 2508/2699
f 2510/2700 2511/2701 2192/2692
f 2512/2698 2511/2701 2519/2702
f 2172/2695 2514/2697 2513/2703
f 2505/2685 2515/2691 2625/2704
f 2192/2692 2625/2704 2510/2700
f 2257/2705 2191/2706 2267/2707
f 2625/2704 2267/2707 2194/2708
f 2194/2708 2516/2709 2175/2296
f 2267/2707 2191/2706 2516/2709
f 2516/2709 2485/2710 2196/2297
f 2513/2703 2519/2702 2518/2711
f 2519/2702 2517/2712 2521/2713
f 2518/2711 2520/2714 2530/2715
f 2519/2702 2511/2701 2517/2712
f 2517/2712 2175/2296 2199/2312
f 2520/2714 2521/2713 2287/2314
f 2521/2713 2199/2312 2286/2310
f 2626/2716 2235/2717 2394/2671
f 2496/2667 2522/2718 2498/2668
f 2524/2719 2629/2720 2523/2721
f 2522/2718 2390/2722 2626/2716
f 2522/2718 2601/2723 2390/2722
f 2523/2721 2601/2723 2522/2718
f 2601/2723 2599/2724 2390/2722
f 2262/2662 2627/2661 2268/2663
f 2627/2661 2262/2662 2494/2659
f 2525/2725 2628/2726 2268/2663
f 2627/2661 2529/2727 2525/2725
f 2527/2728 2528/2372 2628/2726
f 2530/2715 2313/2366 2527/2728
f 2526/2729 2528/2372 2178/2373
f 2527/2728 2531/2371 2528/2372
f 2527/2728 2209/2370 2531/2371
f 2524/2719 2533/2730 2629/2720
f 2533/2730 2532/2731 2629/2720
f 2524/2719 2526/2729 2533/2730
f 2533/2730 2526/2729 2178/2373
f 2533/2730 2178/2373 2534/2385
f 2207/2351 2306/2350 2307/2353
f 2306/2350 2536/2732 2537/2733
f 2399/2734 2547/2735 2546/2736
f 2400/2737 2546/2736 2186/2738
f 2305/2339 2303/2347 2536/2732
f 2538/2346 2168/2345 2630/2739
f 2630/2739 2195/2740 2539/2741
f 2536/2732 2540/2742 2537/2733
f 2303/2347 2539/2741 2540/2742
f 2544/2743 2541/2744 2270/2745
f 2539/2741 2542/2746 2270/2745
f 2542/2746 2269/2747 2544/2743
f 2270/2745 2542/2746 2544/2743
f 2544/2743 2173/2748 2543/2749
f 2546/2736 2547/2735 2545/2750
f 2537/2733 2270/2745 2547/2735
f 2547/2735 2270/2745 2549/2751
f 2294/2326 2551/2752 2202/2327
f 2555/2753 2271/2754 2293/2323
f 2555/2753 2560/2755 2271/2754
f 2551/2752 2195/2740 2168/2345
f 2552/2320 2555/2753 2201/2321
f 2553/2756 2556/2757 2552/2320
f 2552/2320 2557/2758 2555/2753
f 2557/2758 2554/2759 2555/2753
f 2190/2760 2252/2761 2553/2756
f 2252/2761 2556/2757 2553/2756
f 2252/2761 2455/2762 2568/2763
f 2252/2761 2568/2763 2556/2757
f 2558/2764 2269/2747 2551/2752
f 2271/2754 2560/2755 2559/2765
f 2560/2755 2554/2759 2559/2765
f 2558/2764 2559/2765 2561/2766
f 2269/2747 2561/2766 2173/2748
f 2173/2748 2562/2767 2567/2768
f 2561/2766 2563/2769 2566/2770
f 2272/2771 2564/2772 2565/2773
f 2566/2770 2632/2774 2567/2768
f 2554/2759 2557/2758 2272/2771
f 2557/2758 2568/2763 2569/2775
f 2569/2775 2568/2763 2273/2776
f 2557/2758 2569/2775 2564/2772
f 2569/2775 2273/2776 2564/2772
f 2568/2763 2246/2777 2273/2776
f 2566/2770 2565/2773 2632/2774
f 2565/2773 2564/2772 2631/2778
f 2565/2773 2631/2778 2226/2779
f 2632/2774 2219/2780 2577/2781
f 2565/2773 2226/2779 2632/2774
f 2574/2782 2571/2783 2570/2784
f 2572/2785 2573/2786 2548/2787
f 2573/2786 2574/2782 2570/2784
f 2633/2788 2634/2789 2573/2786
f 2575/2790 2572/2785 2541/2744
f 2543/2749 2173/2748 2576/2791
f 2173/2748 2567/2768 2577/2781
f 2576/2791 2578/2792 2575/2790
f 2577/2781 2221/2793 2578/2792
f 2634/2789 2218/2794 2635/2795
f 2579/2796 2420/2797 2419/2798
f 2635/2795 2592/2799 2579/2796
f 2636/2800 2765/2801 3016/2802
f 2979/2803 2769/2804 2765/2801
f 2765/2801 2764/2805 3068/2806
f 2766/2807 2668/2808 2769/2804
f 2768/2809 2776/2810 2668/2808
f 2668/2808 2770/2811 2667/2812
f 3068/2806 3067/2813 3069/2814
f 2770/2811 3071/2815 2669/2816
f 2667/2812 2669/2816 3067/2813
f 3067/2813 2669/2816 2671/2817
f 2669/2816 2638/2818 2670/2819
f 2671/2817 2670/2819 2648/2820
f 3069/2814 2671/2817 2772/2821
f 3068/2806 3069/2814 3107/2822
f 2772/2821 2648/2820 2773/2823
f 2772/2821 2773/2823 2774/2824
f 2775/2825 2776/2810 2767/2826
f 2649/2827 2777/2828 2775/2825
f 2777/2828 2783/2829 2778/2830
f 2777/2828 2778/2830 2776/2810
f 2780/2831 2781/2832 2649/2827
f 2781/2832 2783/2829 2777/2828
f 2782/2833 3070/2834 2783/2829
f 3070/2834 2672/2835 2673/2836
f 2673/2836 3035/2837 2785/2838
f 2778/2830 3071/2815 2770/2811
f 2786/2839 2674/2840 3071/2815
f 3071/2815 2674/2840 2669/2816
f 2783/2829 2786/2839 2778/2830
f 3070/2834 2673/2836 2786/2839
f 2674/2840 2785/2838 2787/2841
f 2785/2838 2784/2842 3072/2843
f 2669/2816 2787/2841 2638/2818
f 2787/2841 3072/2843 2789/2844
f 2638/2818 2789/2844 2788/2845
f 2789/2844 2790/2846 2788/2845
f 3072/2843 3073/2847 2790/2846
f 2788/2845 2791/2848 2794/2849
f 2790/2846 2792/2850 2791/2848
f 2795/2851 2675/2852 3073/2847
f 2675/2852 2796/2853 2792/2850
f 2792/2850 2796/2853 2791/2848
f 3074/2854 2800/2855 2797/2856
f 2796/2853 2798/2857 3074/2854
f 3074/2854 2798/2857 2800/2855
f 2800/2855 2799/2858 2902/2859
f 2793/2860 3075/2861 2801/2862
f 3075/2861 2797/2856 2802/2863
f 2791/2848 3074/2854 3075/2861
f 2797/2856 2800/2855 2804/2864
f 2804/2864 2800/2855 2803/2865
f 2800/2855 2902/2859 2803/2865
f 2802/2863 2804/2864 2816/2866
f 2804/2864 2803/2865 2815/2867
f 2815/2867 2803/2865 2897/2868
f 2805/2869 2678/2870 2677/2871
f 2773/2823 2806/2872 2805/2869
f 2806/2872 2810/2873 2678/2870
f 2678/2870 2807/2874 2808/2875
f 2677/2871 2808/2875 3029/2876
f 2808/2875 2676/2877 2650/2878
f 2648/2820 2809/2879 2806/2872
f 2809/2879 2811/2880 2810/2873
f 2670/2819 2788/2845 2809/2879
f 2811/2880 2812/2881 2810/2873
f 2788/2845 2794/2849 2811/2880
f 2794/2849 2793/2860 2801/2862
f 2794/2849 2679/2882 2812/2881
f 2810/2873 2807/2874 2678/2870
f 2679/2882 3076/2883 2651/2884
f 2801/2862 2813/2885 2679/2882
f 2801/2862 2802/2863 2814/2886
f 2801/2862 2814/2886 2813/2885
f 2819/2887 2818/2888 2820/2889
f 3076/2883 3077/2890 2818/2888
f 2680/2891 2681/2892 3077/2890
f 3077/2890 2820/2889 2818/2888
f 2934/2893 2821/2894 2822/2895
f 2933/2896 2823/2897 2821/2894
f 2821/2894 2827/2898 2824/2899
f 2827/2898 2652/2900 2824/2899
f 2823/2897 2683/2901 2821/2894
f 2823/2897 2825/2902 2683/2901
f 2825/2902 2839/2903 2683/2901
f 2827/2898 3078/2904 2828/2905
f 2683/2901 3078/2904 2827/2898
f 2827/2898 2828/2905 2652/2900
f 2652/2900 2828/2905 2682/2906
f 2830/2907 2684/2908 3078/2904
f 2828/2905 2684/2908 3079/2909
f 3079/2909 2684/2908 2836/2910
f 2684/2908 2831/2911 2642/2912
f 2980/2913 2829/2914 2835/2915
f 2829/2914 3079/2909 3080/2916
f 3080/2916 2836/2910 2834/2917
f 2836/2910 2832/2918 2834/2917
f 2832/2918 2837/2919 2834/2917
f 2837/2919 2641/2920 2834/2917
f 2837/2919 2865/2921 2641/2920
f 2834/2917 2641/2920 2838/2922
f 2840/2923 2839/2903 2825/2902
f 2841/2924 2842/2925 2840/2923
f 2842/2925 2830/2907 2839/2903
f 2845/2926 2844/2927 2841/2924
f 3065/2928 3066/2929 2844/2927
f 3066/2929 2655/2930 2846/2931
f 2846/2931 2655/2930 2842/2925
f 2847/2932 2686/2933 2853/2934
f 2653/2935 3064/2936 2849/2937
f 2653/2935 2849/2937 2655/2930
f 2850/2938 2640/2939 3081/2940
f 2850/2938 3081/2940 2686/2933
f 2851/2941 3081/2940 2640/2939
f 2851/2941 2640/2939 2654/2942
f 2685/2943 2852/2944 2830/2907
f 2655/2930 2853/2934 2685/2943
f 2853/2934 2686/2933 2852/2944
f 2851/2941 2854/2945 2831/2911
f 2854/2945 2654/2942 2687/2946
f 2686/2933 2831/2911 2852/2944
f 2831/2911 2687/2946 2642/2912
f 3082/2947 2857/2948 2856/2949
f 2687/2946 2857/2948 3082/2947
f 2857/2948 2859/2950 2689/2951
f 2654/2942 3083/2952 2857/2948
f 2857/2948 3083/2952 2859/2950
f 2859/2950 2858/2953 2855/2954
f 3083/2952 2861/2955 2858/2953
f 2861/2955 2760/2956 2690/2957
f 2760/2956 3055/2958 2690/2957
f 2690/2957 2862/2959 2858/2953
f 2862/2959 3055/2958 2637/2960
f 2862/2959 2637/2960 2948/2961
f 3055/2958 2691/2962 2637/2960
f 2688/2963 2692/2964 2870/2965
f 2688/2963 2862/2959 2692/2964
f 2862/2959 2948/2961 2863/2966
f 2692/2964 2863/2966 2864/2967
f 2867/2968 2869/2969 2656/2970
f 2866/2971 2867/2968 2865/2921
f 2867/2968 2656/2970 2868/2972
f 2642/2912 2866/2971 2833/2973
f 3082/2947 2856/2949 2866/2971
f 2856/2949 2689/2951 2869/2969
f 2860/2974 2870/2965 2693/2975
f 2869/2969 2693/2975 2656/2970
f 2870/2965 2694/2976 2693/2975
f 2692/2964 2938/2977 2871/2978
f 2694/2976 2871/2978 2872/2979
f 2875/2980 3085/2981 2696/2982
f 3084/2983 2876/2984 2875/2980
f 2657/2985 2695/2986 2876/2984
f 2876/2984 2695/2986 3085/2981
f 2696/2982 2890/2987 2874/2988
f 2890/2987 3025/2989 2877/2990
f 2817/2991 2875/2980 2681/2892
f 2697/2992 3086/2993 3084/2983
f 3086/2993 2879/2994 2881/2995
f 2697/2992 2879/2994 3086/2993
f 2879/2994 2884/2996 2880/2997
f 2881/2995 2880/2997 2698/2998
f 3086/2993 2881/2995 3084/2983
f 2881/2995 2657/2985 2876/2984
f 2698/2998 2882/2999 2893/3000
f 3087/3001 2882/2999 2698/2998
f 2884/2996 2702/3002 2882/2999
f 2880/2997 2884/2996 3087/3001
f 2699/3003 2886/3004 2702/3002
f 2885/3005 2700/3006 2886/3004
f 2888/3007 2887/3008 2894/3009
f 2889/3010 2705/3011 2891/3012
f 2705/3011 2896/3013 2891/3012
f 3088/3014 2704/3015 2890/2987
f 2657/2985 2889/3010 2695/2986
f 2882/2999 2701/3016 2893/3000
f 2893/3000 2892/3017 2889/3010
f 2895/3018 2894/3009 2703/3019
f 2705/3011 2895/3018 2896/3013
f 2644/3020 2896/3013 2920/3021
f 2815/2867 2897/2868 2878/3022
f 2897/2868 2898/3023 2697/2992
f 2803/2865 2706/3024 2897/2868
f 2897/2868 2706/3024 2898/3023
f 2697/2992 2901/3025 2879/2994
f 2901/3025 3089/3026 2879/2994
f 2879/2994 2900/3027 2884/2996
f 2803/2865 2902/2859 2706/3024
f 2902/2859 2799/2858 2708/3028
f 2799/2858 2903/3029 2708/3028
f 2903/3029 3040/3030 2709/3031
f 2706/3024 2708/3028 2899/3032
f 2708/3028 3090/3033 2899/3032
f 2899/3032 2707/3034 3091/3035
f 3091/3035 2707/3034 2905/3036
f 2904/3037 2710/3038 3093/3039
f 3093/3039 2710/3038 3092/3040
f 2709/3031 2643/3041 2906/3042
f 2906/3042 3096/3043 2711/3044
f 2658/3045 3094/3046 2710/3038
f 2711/3044 2658/3045 2904/3037
f 2711/3044 3096/3043 2658/3045
f 2900/3027 2907/3047 2883/3048
f 2907/3047 2699/3003 2883/3048
f 2900/3027 3093/3039 2907/3047
f 3092/3040 3095/3049 2907/3047
f 3094/3046 2908/3050 2712/3051
f 3095/3049 2885/3005 2699/3003
f 2712/3051 2713/3052 2885/3005
f 2908/3050 2913/3053 2713/3052
f 2658/3045 2909/3054 3094/3046
f 2909/3054 2913/3053 2908/3050
f 2909/3054 2911/3055 2913/3053
f 2911/3055 2659/3056 2913/3053
f 2913/3053 2659/3056 2912/3057
f 2643/3041 2914/3058 2906/3042
f 2914/3058 2715/3059 3096/3043
f 3042/3060 2914/3058 2643/3041
f 2715/3059 2714/3061 2910/3062
f 3097/3063 2916/3064 2714/3061
f 3097/3063 2843/3065 2916/3064
f 2911/3055 2917/3066 2659/3056
f 2714/3061 2918/3067 2911/3055
f 2918/3067 2919/3068 2917/3066
f 2916/3064 2841/2924 2919/3068
f 2917/3066 2639/3069 2716/3070
f 2919/3068 2840/2923 2917/3066
f 2644/3020 2920/3021 2718/3071
f 2703/3019 2921/3072 2922/3073
f 2894/3009 2928/3074 2921/3072
f 2922/3073 2923/3075 2924/3076
f 2718/3071 2717/3077 2925/3078
f 2887/3008 2926/3079 2928/3074
f 2700/3006 2926/3079 2887/3008
f 2921/3072 2927/3080 2923/3075
f 2645/3081 2926/3079 2700/3006
f 2713/3052 2927/3080 2926/3079
f 2713/3052 2912/3057 2927/3080
f 2912/3057 2720/3082 2927/3080
f 2929/3083 2720/3082 2930/3084
f 2659/3056 2716/3070 2720/3082
f 2716/3070 2722/3085 2720/3082
f 2721/3086 2931/3087 2933/2896
f 2924/3076 2930/3084 2932/3088
f 2932/3088 2933/2896 2934/2893
f 2871/3089 2935/3090 2873/3091
f 2723/3092 2725/3093 2692/3094
f 2692/3094 2725/3093 2938/3095
f 2939/3096 2724/3097 2725/3093
f 2725/3093 2726/3098 2937/3099
f 2724/3097 2726/3098 2725/3093
f 2939/3096 2941/3100 2724/3097
f 2941/3100 2943/3101 2724/3097
f 2940/3102 2955/3103 2942/3104
f 2940/3102 2942/3104 2943/3101
f 2943/3101 2660/3105 2726/3098
f 2937/3099 2945/3106 2936/3107
f 2945/3106 2944/3108 2936/3107
f 2723/3092 2729/3109 2946/3110
f 2863/3111 2728/3112 2729/3109
f 2728/3112 2949/3113 2953/3114
f 2729/3109 2953/3114 2947/3115
f 2723/3092 2946/3110 2939/3096
f 2948/3116 2731/3117 2728/3112
f 2637/3118 2730/3119 2731/3117
f 2731/3117 2730/3119 2950/3120
f 2728/3112 2731/3117 2949/3113
f 2731/3117 2950/3120 2949/3113
f 2730/3119 3114/3121 2950/3120
f 2733/3122 2951/3123 2962/3124
f 2939/3096 2947/3115 2941/3100
f 2947/3115 2953/3114 2952/3125
f 2953/3114 2732/3126 2954/3127
f 2954/3127 2732/3126 2734/3128
f 2952/3125 2954/3127 2955/3103
f 2957/3129 2735/3130 2961/3131
f 2734/3128 2958/3132 2956/3133
f 2963/3134 2959/3135 2735/3130
f 2959/3135 2960/3136 2961/3131
f 2958/3132 2962/3124 2963/3134
f 2951/3123 2736/3137 2962/3124
f 2951/3123 3045/3138 2736/3137
f 2646/3139 3045/3138 2951/3123
f 2736/3137 2963/3134 2962/3124
f 3045/3138 2964/3140 2963/3134
f 3045/3138 2780/2831 2964/3140
f 2966/3141 2965/3142 2960/3136
f 2963/3134 2966/3141 2959/3135
f 2964/3140 2967/3143 2966/3141
f 2964/3140 2649/2827 2967/3143
f 2967/3143 2775/2825 2965/3142
f 2969/3144 2767/2826 2968/3145
f 2727/3146 2970/3147 2944/3108
f 2727/3146 2737/3148 2971/3149
f 2970/3147 2971/3149 2972/3150
f 2942/3104 2957/3129 2737/3148
f 2957/3129 2961/3131 2974/3151
f 2737/3148 2974/3151 2975/3152
f 2975/3152 2738/3153 2978/3154
f 2973/3155 2960/3136 2738/3153
f 2738/3153 2968/3145 2978/3154
f 2978/3154 2766/2807 2979/2803
f 2977/3156 2979/2803 2636/3157
f 2980/3158 2985/3159 2983/3160
f 2739/3161 2983/3160 2988/3162
f 2739/3161 2988/3162 2982/3163
f 2822/3164 2739/3161 2982/3163
f 2980/3158 2835/3165 2985/3159
f 2834/3166 2838/3167 2661/3168
f 2641/3169 2992/3170 2661/3168
f 3098/3171 2984/3172 2740/3173
f 3080/3174 3098/3171 2740/3173
f 2835/3165 2740/3173 2985/3159
f 2740/3173 2984/3172 3099/3175
f 2740/3173 3099/3175 2741/3176
f 2984/3172 3004/3177 3099/3175
f 2982/3163 2988/3162 2989/3178
f 2989/3178 2991/3179 2718/3180
f 2990/3181 2991/3179 2988/3162
f 2718/3180 2991/3179 2644/3182
f 2865/3183 2993/3184 2992/3170
f 2992/3170 2993/3184 2995/3185
f 2993/3184 2663/3186 2995/3185
f 2995/3185 2663/3186 3102/3187
f 2992/3170 2995/3185 3100/3188
f 2995/3185 3102/3187 2994/3189
f 2996/3190 2993/3184 2868/3191
f 2742/3192 2997/3193 2996/3190
f 2873/3194 2742/3192 2872/3195
f 3101/3196 2998/3197 2997/3193
f 2997/3193 2663/3186 2993/3184
f 2998/3197 2999/3198 2997/3193
f 3101/3196 3000/3199 2998/3197
f 3000/3199 3001/3200 2999/3198
f 2994/3189 2744/3201 3100/3188
f 2663/3186 3003/3202 3102/3187
f 3102/3187 3003/3202 3103/3203
f 2744/3201 3103/3203 2743/3204
f 3002/3205 3105/3206 3103/3203
f 3100/3188 2744/3201 3104/3207
f 3104/3207 2647/3208 3004/3177
f 2743/3204 3005/3209 3104/3207
f 3005/3209 2745/3210 2647/3208
f 3105/3206 2746/3211 2743/3204
f 2662/3212 3006/3213 3002/3205
f 3006/3213 3106/3214 3105/3206
f 3014/3215 3007/3216 3008/3217
f 3005/3209 3106/3214 3009/3218
f 2745/3210 3009/3218 3028/3219
f 3001/3200 3012/3220 3010/3221
f 3000/3199 3011/3222 3012/3220
f 3011/3222 2972/3223 3013/3224
f 3013/3224 2972/3223 2976/3225
f 2662/3212 3010/3221 3014/3215
f 3010/3221 3012/3220 3014/3215
f 3012/3220 3013/3224 3014/3215
f 3015/3226 3016/2802 3019/3227
f 2972/3223 2977/3228 2976/3225
f 3021/3229 3020/3230 3018/3231
f 3007/3216 3019/3227 3017/3232
f 3019/3227 2747/3233 3017/3232
f 2747/3233 3107/2822 2772/2821
f 2747/3233 2774/2824 3021/3229
f 3108/3234 3025/3235 2991/3179
f 2987/3236 3108/3234 2990/3181
f 3024/3237 3025/3235 3108/3234
f 3023/3238 3024/3237 3108/3234
f 2986/3239 3023/3238 2987/3236
f 2986/3239 3026/3240 2749/3241
f 3027/3242 3026/3240 2741/3176
f 3027/3242 3109/3243 3026/3240
f 3027/3242 2745/3210 3028/3219
f 3028/3219 2748/3244 3109/3243
f 3109/3243 3029/2876 2749/3241
f 3009/3218 3018/3231 3028/3219
f 3029/2876 2650/2878 2749/3241
f 3030/3245 2677/2871 3029/2876
f 3024/3237 3031/3246 3025/3235
f 3032/3247 2819/2887 3031/3246
f 2749/3241 2819/2887 3032/3247
f 3031/3246 2820/2889 2874/3248
f 2819/2887 2820/2889 3031/3246
f 2798/2857 2665/3249 3033/3250
f 2795/2851 3035/2837 2750/3251
f 3035/2837 2672/2835 2750/3251
f 2750/3251 2664/3252 3036/3253
f 2750/3251 3036/3253 3037/3254
f 3034/3255 2750/3251 3037/3254
f 2665/3249 3037/3254 2752/3256
f 3037/3254 2761/3257 2752/3256
f 3036/3253 2751/3258 3038/3259
f 3036/3253 3038/3259 3039/3260
f 3033/3250 2752/3256 3041/3261
f 3041/3261 2752/3256 2753/3262
f 2709/3263 3043/3264 2643/3265
f 3040/3266 2754/3267 3043/3264
f 3043/3264 2753/3262 3042/3268
f 3044/3269 3111/3270 2672/2835
f 3046/3271 2755/3272 3044/3269
f 3044/3269 2755/3272 3111/3270
f 3111/3270 2664/3252 2672/2835
f 3045/3273 2779/3274 2780/3275
f 3045/3273 2756/3276 2779/3274
f 2779/3274 3046/3271 3044/3269
f 2779/3274 2756/3276 3046/3271
f 3045/3273 2646/3277 2756/3276
f 2646/3277 3114/3278 2756/3276
f 3114/3278 2757/3279 2756/3276
f 2755/3272 3048/3280 3111/3270
f 3048/3280 2751/3258 2664/3252
f 2751/3258 3048/3280 2758/3281
f 3047/3282 3051/3283 3049/3284
f 3050/3285 3051/3283 3112/3286
f 3051/3283 3052/3287 3058/3288
f 3051/3283 3058/3288 3112/3286
f 2758/3281 3050/3285 3113/3289
f 3050/3285 3112/3286 3057/3290
f 3050/3285 3057/3290 3113/3289
f 2757/3279 3114/3278 3053/3291
f 3047/3282 2666/3292 3052/3287
f 2666/3292 3053/3291 3054/3293
f 2666/3292 3054/3293 2760/3294
f 3054/3293 2759/3295 3055/3296
f 2759/3295 2730/3297 2691/3298
f 3052/3287 2861/3299 3058/3288
f 3058/3288 2640/3300 3057/3290
f 3042/3268 2753/3262 2915/3301
f 2752/3256 2761/3257 3059/3302
f 3060/3303 3061/3304 3059/3302
f 3061/3304 3097/3305 2915/3301
f 2761/3257 3039/3260 3062/3306
f 2762/3307 3062/3306 3039/3260
f 3038/3259 2762/3307 3039/3260
f 3038/3259 2758/3281 2762/3307
f 3062/3306 2763/3308 2761/3257
f 3064/3309 2653/3310 2763/3308
f 3113/3289 3056/3311 3063/3312
f 3056/3311 2848/3313 3063/3312
f 3057/3290 2850/3314 3056/3311
f 3065/3315 2845/3316 3097/3305
f 2763/3308 3066/3317 3065/3315
f 2653/3310 3066/3317 2763/3308
f 2845/3316 2843/3318 3097/3305
f 3205/3319 3208/3320 3139/3321
f 3492/3322 3211/3323 3206/3324
f 3139/3321 3206/3324 3124/3325
f 3123/3326 3207/3327 3208/3320
f 3208/3320 3492/3322 3139/3321
f 3207/3327 3222/3328 3208/3320
f 3210/3329 3224/3330 3214/3331
f 3209/3332 3214/3331 3492/3322
f 3208/3320 3209/3332 3492/3322
f 3492/3322 3214/3331 3211/3323
f 3214/3331 3212/3333 3211/3323
f 3212/3333 3213/3334 3211/3323
f 3140/3335 3213/3334 3212/3333
f 3493/3336 3118/3337 3494/3338
f 3494/3338 3215/3339 3216/3340
f 3124/3325 3206/3324 3219/3341
f 3218/3342 3220/3343 3221/3344
f 3206/3324 3211/3323 3218/3342
f 3220/3343 3217/3345 3221/3344
f 3254/3346 3117/3347 3221/3344
f 3391/3348 3222/3328 3116/3349
f 3141/3350 3223/3351 3222/3328
f 3223/3351 3210/3329 3222/3328
f 3225/3352 3226/3353 3223/3351
f 3223/3351 3224/3330 3210/3329
f 3463/3354 3495/3355 3391/3348
f 3201/3356 3142/3357 3225/3352
f 3495/3355 3223/3351 3141/3350
f 3142/3357 3234/3358 3226/3353
f 3201/3356 3459/3359 3142/3357
f 3459/3359 3234/3358 3142/3357
f 3459/3359 3228/3360 3234/3358
f 3228/3360 3230/3361 3227/3362
f 3228/3360 3229/3363 3230/3361
f 3229/3363 3445/3364 3243/3365
f 3226/3353 3232/3366 3224/3330
f 3233/3367 3235/3368 3232/3366
f 3227/3362 3231/3369 3233/3367
f 3235/3368 3496/3370 3236/3371
f 3236/3371 3493/3336 3494/3338
f 3496/3370 3118/3337 3493/3336
f 3143/3372 3497/3373 3118/3337
f 3143/3372 3237/3374 3497/3373
f 3242/3375 3237/3374 3143/3372
f 3238/3376 3239/3377 3240/3378
f 3237/3374 3245/3379 3239/3377
f 3240/3378 3239/3377 3144/3380
f 3240/3378 3144/3380 3126/3381
f 3241/3382 3242/3375 3125/3383
f 3241/3382 3244/3384 3146/3385
f 3242/3375 3146/3385 3245/3379
f 3245/3379 3247/3386 3251/3387
f 3247/3386 3147/3388 3246/3389
f 3244/3384 3545/3390 3146/3385
f 3146/3385 3441/3391 3147/3388
f 3147/3388 3439/3392 3248/3393
f 3126/3381 3144/3380 3259/3394
f 3251/3387 3246/3389 3499/3395
f 3499/3395 3250/3396 3249/3397
f 3250/3396 3248/3393 3498/3398
f 3249/3397 3252/3399 3262/3400
f 3249/3397 3498/3398 3252/3399
f 3255/3401 3256/3402 3253/3403
f 3258/3404 3500/3405 3256/3402
f 3256/3402 3502/3406 3257/3407
f 3216/3340 3215/3339 3255/3401
f 3215/3339 3145/3408 3258/3404
f 3118/3337 3145/3408 3215/3339
f 3145/3408 3260/3409 3258/3404
f 3126/3381 3259/3394 3260/3409
f 3260/3409 3127/3410 3500/3405
f 3259/3394 3501/3411 3127/3410
f 3499/3395 3262/3400 3501/3411
f 3252/3399 3148/3412 3263/3413
f 3262/3400 3263/3413 3261/3414
f 3127/3410 3261/3414 3264/3415
f 3261/3414 3266/3416 3265/3417
f 3261/3414 3263/3413 3266/3416
f 3149/3418 3266/3416 3437/3419
f 3263/3413 3314/3420 3266/3416
f 3150/3421 3267/3422 3115/3423
f 3115/3423 3267/3422 3402/3424
f 3267/3422 3273/3425 3268/3426
f 3268/3426 3273/3425 3507/3427
f 3269/3428 3270/3429 3503/3430
f 3270/3429 3152/3431 3503/3430
f 3503/3430 3152/3431 3273/3425
f 3271/3432 3272/3433 3270/3429
f 3152/3431 3151/3434 3273/3425
f 3273/3425 3151/3434 3275/3435
f 3274/3436 3505/3437 3275/3435
f 3505/3437 3154/3438 3275/3435
f 3275/3435 3506/3439 3276/3440
f 3506/3439 3508/3441 3307/3442
f 3276/3440 3506/3439 3277/3443
f 3278/3444 3129/3445 3279/3446
f 3278/3444 3277/3443 3129/3445
f 3279/3446 3129/3445 3120/3447
f 3272/3433 3282/3448 3152/3431
f 3347/3449 3281/3450 3280/3451
f 3282/3448 3283/3452 3284/3453
f 3285/3454 3153/3455 3281/3450
f 3285/3454 3287/3456 3283/3452
f 3283/3452 3288/3457 3293/3458
f 3288/3457 3289/3459 3290/3460
f 3291/3461 3476/3462 3292/3463
f 3289/3459 3292/3463 3290/3460
f 3128/3464 3293/3458 3274/3436
f 3274/3436 3293/3458 3505/3437
f 3293/3458 3154/3438 3505/3437
f 3290/3460 3154/3438 3293/3458
f 3290/3460 3294/3465 3154/3438
f 3294/3465 3506/3439 3154/3438
f 3508/3441 3156/3466 3295/3467
f 3156/3466 3509/3468 3297/3469
f 3308/3470 3299/3471 3130/3472
f 3292/3463 3156/3466 3508/3441
f 3509/3468 3298/3473 3296/3474
f 3299/3471 3300/3475 3157/3476
f 3130/3472 3299/3471 3303/3477
f 3157/3476 3301/3478 3304/3479
f 3304/3479 3302/3480 3184/3481
f 3129/3445 3277/3443 3120/3447
f 3277/3443 3307/3442 3158/3482
f 3307/3442 3155/3483 3510/3484
f 3155/3483 3297/3469 3510/3484
f 3510/3484 3297/3469 3308/3470
f 3510/3484 3159/3485 3158/3482
f 3159/3485 3305/3486 3158/3482
f 3159/3485 3309/3487 3312/3488
f 3130/3472 3303/3477 3309/3487
f 3304/3479 3371/3489 3311/3490
f 3310/3491 3311/3490 3369/3492
f 3305/3486 3159/3485 3312/3488
f 3312/3488 3369/3492 3414/3493
f 3371/3489 3370/3494 3369/3492
f 3313/3495 3314/3420 3263/3413
f 3148/3412 3313/3495 3263/3413
f 3160/3496 3161/3497 3313/3495
f 3313/3495 3161/3497 3314/3420
f 3148/3412 3330/3498 3315/3499
f 3511/3500 3316/3501 3315/3499
f 3511/3500 3162/3502 3316/3501
f 3315/3499 3316/3501 3160/3496
f 3162/3502 3317/3503 3325/3504
f 3131/3505 3318/3506 3162/3502
f 3318/3506 3319/3507 3317/3503
f 3319/3507 3322/3508 3317/3503
f 3320/3509 3321/3510 3319/3507
f 3319/3507 3321/3510 3322/3508
f 3317/3503 3322/3508 3326/3511
f 3322/3508 3360/3512 3132/3513
f 3324/3514 3323/3515 3430/3516
f 3317/3503 3326/3511 3325/3504
f 3326/3511 3327/3517 3323/3515
f 3322/3508 3132/3513 3326/3511
f 3132/3513 3355/3518 3326/3511
f 3323/3515 3327/3517 3328/3519
f 3148/3412 3512/3520 3330/3498
f 3512/3520 3329/3521 3330/3498
f 3330/3498 3163/3522 3131/3505
f 3513/3523 3166/3524 3332/3525
f 3513/3523 3332/3525 3329/3521
f 3513/3523 3439/3392 3166/3524
f 3439/3392 3164/3526 3166/3524
f 3166/3524 3331/3527 3165/3528
f 3332/3525 3165/3528 3333/3529
f 3329/3521 3333/3529 3169/3530
f 3165/3528 3550/3531 3167/3532
f 3333/3529 3168/3533 3334/3534
f 3168/3533 3343/3535 3334/3534
f 3169/3530 3334/3534 3133/3536
f 3163/3522 3171/3537 3318/3506
f 3318/3506 3171/3537 3335/3538
f 3171/3537 3169/3530 3336/3539
f 3336/3539 3133/3536 3170/3540
f 3335/3538 3320/3509 3319/3507
f 3170/3540 3133/3536 3337/3541
f 3133/3536 3175/3542 3337/3541
f 3134/3543 3173/3544 3340/3545
f 3175/3542 3341/3546 3338/3547
f 3340/3545 3173/3544 3341/3546
f 3173/3544 3349/3548 3341/3546
f 3343/3535 3172/3549 3334/3534
f 3167/3532 3344/3550 3168/3533
f 3344/3550 3345/3551 3343/3535
f 3515/3552 3345/3551 3344/3550
f 3515/3552 3177/3553 3345/3551
f 3346/3554 3177/3553 3515/3552
f 3346/3554 3347/3449 3177/3553
f 3491/3555 3286/3556 3347/3449
f 3286/3556 3285/3454 3347/3449
f 3341/3546 3349/3548 3348/3557
f 3350/3558 3351/3559 3349/3548
f 3176/3560 3351/3559 3350/3558
f 3176/3560 3177/3553 3351/3559
f 3347/3449 3280/3451 3351/3559
f 3351/3559 3352/3561 3178/3562
f 3409/3563 3353/3564 3410/3565
f 3410/3565 3353/3564 3357/3566
f 3327/3517 3355/3518 3328/3519
f 3132/3513 3359/3567 3354/3568
f 3355/3518 3354/3568 3356/3569
f 3354/3568 3363/3570 3356/3569
f 3353/3564 3356/3569 3357/3566
f 3132/3513 3360/3512 3359/3567
f 3321/3510 3180/3571 3360/3512
f 3360/3512 3180/3571 3359/3567
f 3339/3572 3180/3571 3321/3510
f 3514/3573 3339/3572 3321/3510
f 3339/3572 3174/3574 3362/3575
f 3174/3574 3341/3546 3361/3576
f 3362/3575 3361/3576 3179/3577
f 3359/3567 3179/3577 3354/3568
f 3354/3568 3179/3577 3363/3570
f 3361/3576 3348/3557 3178/3562
f 3179/3577 3178/3562 3363/3570
f 3364/3578 3352/3561 3271/3432
f 3358/3579 3357/3566 3528/3580
f 3356/3569 3365/3581 3366/3582
f 3356/3569 3363/3570 3365/3581
f 3366/3582 3365/3581 3368/3583
f 3368/3583 3269/3428 3150/3421
f 3367/3584 3150/3421 3115/3423
f 3181/3585 3374/3586 3182/3587
f 3182/3587 3183/3588 3369/3589
f 3371/3590 3181/3585 3370/3591
f 3372/3592 3517/3593 3371/3590
f 3517/3593 3373/3594 3371/3590
f 3518/3595 3378/3596 3375/3597
f 3516/3598 3379/3599 3377/3600
f 3377/3600 3135/3601 3375/3597
f 3375/3597 3394/3602 3374/3586
f 3304/3603 3184/3604 3372/3592
f 3372/3592 3184/3604 3517/3593
f 3380/3605 3381/3606 3518/3595
f 3373/3594 3517/3593 3518/3595
f 3302/3607 3136/3608 3184/3604
f 3184/3604 3136/3608 3380/3605
f 3380/3605 3136/3608 3381/3606
f 3383/3609 3121/3610 3389/3611
f 3383/3609 3389/3611 3388/3612
f 3518/3595 3381/3606 3516/3598
f 3381/3606 3388/3612 3384/3613
f 3385/3614 3187/3615 3186/3616
f 3186/3616 3386/3617 3387/3618
f 3519/3619 3522/3620 3388/3612
f 3519/3619 3520/3621 3522/3620
f 3188/3622 3390/3623 3520/3621
f 3552/3624 3188/3622 3519/3619
f 3551/3625 3391/3348 3188/3622
f 3463/3354 3391/3348 3551/3625
f 3188/3622 3391/3348 3390/3623
f 3391/3348 3116/3349 3393/3626
f 3522/3620 3397/3627 3521/3628
f 3392/3629 3521/3628 3185/3630
f 3520/3621 3523/3631 3522/3620
f 3392/3629 3522/3620 3521/3628
f 3520/3621 3390/3623 3523/3631
f 3390/3623 3393/3626 3523/3631
f 3394/3602 3190/3632 3416/3633
f 3396/3634 3137/3635 3395/3636
f 3395/3636 3137/3635 3526/3637
f 3525/3638 3526/3637 3189/3639
f 3379/3599 3191/3640 3135/3601
f 3137/3635 3192/3641 3526/3637
f 3526/3637 3192/3641 3400/3642
f 3398/3643 3521/3628 3192/3641
f 3527/3644 3393/3626 3399/3645
f 3393/3626 3524/3646 3123/3326
f 3192/3641 3527/3644 3400/3642
f 3425/3647 3401/3648 3205/3319
f 3189/3639 3400/3642 3401/3648
f 3400/3642 3399/3645 3401/3648
f 3401/3648 3399/3645 3123/3326
f 3401/3648 3123/3326 3205/3319
f 3115/3649 3404/3650 3193/3651
f 3115/3649 3402/3652 3404/3650
f 3402/3652 3403/3653 3404/3650
f 3367/3654 3193/3651 3528/3655
f 3279/3656 3120/3657 3194/3658
f 3279/3656 3194/3658 3405/3659
f 3405/3659 3196/3660 3529/3661
f 3406/3662 3195/3663 3196/3660
f 3196/3660 3122/3664 3433/3665
f 3433/3665 3122/3664 3434/3666
f 3528/3655 3197/3667 3358/3668
f 3193/3651 3529/3661 3530/3669
f 3404/3650 3405/3659 3529/3661
f 3528/3655 3530/3669 3197/3667
f 3197/3667 3530/3669 3531/3670
f 3530/3669 3408/3671 3531/3670
f 3529/3661 3407/3672 3532/3673
f 3531/3670 3408/3671 3533/3674
f 3531/3670 3533/3674 3429/3675
f 3357/3676 3358/3668 3410/3677
f 3197/3667 3531/3670 3410/3677
f 3410/3677 3429/3675 3409/3678
f 3306/3679 3411/3680 3158/3681
f 3414/3682 3306/3679 3305/3683
f 3415/3684 3417/3685 3534/3686
f 3417/3685 3424/3687 3423/3688
f 3534/3686 3417/3685 3423/3688
f 3194/3658 3413/3689 3406/3662
f 3413/3689 3536/3690 3535/3691
f 3406/3662 3535/3691 3195/3663
f 3535/3691 3419/3692 3195/3663
f 3412/3693 3415/3684 3536/3690
f 3536/3690 3534/3686 3418/3694
f 3418/3694 3423/3688 3537/3695
f 3122/3664 3420/3696 3540/3697
f 3420/3696 3422/3698 3540/3697
f 3421/3699 3426/3700 3538/3701
f 3420/3696 3538/3701 3422/3698
f 3434/3666 3540/3697 3428/3702
f 3423/3688 3425/3703 3537/3695
f 3424/3687 3190/3704 3425/3703
f 3537/3695 3425/3703 3427/3705
f 3538/3701 3426/3700 3124/3325
f 3427/3705 3205/3706 3139/3321
f 3426/3700 3139/3321 3124/3325
f 3422/3698 3218/3342 3540/3697
f 3422/3698 3219/3341 3218/3342
f 3218/3342 3221/3344 3540/3697
f 3428/3702 3221/3344 3117/3347
f 3408/3671 3532/3673 3431/3707
f 3198/3708 3432/3709 3431/3707
f 3533/3674 3431/3707 3199/3710
f 3435/3711 3544/3712 3432/3709
f 3432/3709 3541/3713 3199/3710
f 3199/3710 3438/3714 3542/3715
f 3542/3715 3438/3714 3430/3716
f 3434/3666 3428/3702 3436/3717
f 3436/3717 3257/3407 3435/3711
f 3436/3717 3254/3346 3257/3407
f 3438/3714 3314/3420 3324/3718
f 3199/3710 3543/3719 3438/3714
f 3543/3719 3437/3419 3438/3714
f 3541/3713 3543/3719 3199/3710
f 3544/3712 3149/3418 3543/3719
f 3257/3407 3502/3406 3544/3712
f 3437/3419 3266/3416 3314/3420
f 3439/3392 3200/3720 3164/3721
f 3441/3391 3545/3390 3440/3722
f 3200/3720 3440/3722 3443/3723
f 3545/3390 3442/3724 3548/3725
f 3440/3722 3548/3725 3546/3726
f 3200/3720 3443/3723 3164/3721
f 3164/3721 3443/3723 3331/3727
f 3243/3365 3444/3728 3244/3384
f 3444/3728 3442/3724 3545/3390
f 3444/3728 3460/3729 3446/3730
f 3442/3724 3446/3730 3547/3731
f 3446/3730 3448/3732 3447/3733
f 3449/3734 3481/3735 3448/3732
f 3547/3731 3447/3733 3450/3736
f 3447/3733 3448/3732 3450/3736
f 3450/3736 3448/3732 3204/3737
f 3331/3727 3451/3738 3550/3739
f 3451/3738 3456/3740 3452/3741
f 3443/3723 3546/3726 3451/3738
f 3546/3726 3454/3742 3549/3743
f 3549/3743 3456/3740 3451/3738
f 3547/3731 3450/3736 3455/3744
f 3455/3744 3450/3736 3478/3745
f 3228/3360 3459/3359 3458/3746
f 3458/3746 3460/3729 3229/3363
f 3495/3355 3461/3747 3225/3352
f 3463/3354 3468/3748 3462/3749
f 3468/3748 3464/3750 3462/3749
f 3462/3749 3464/3750 3461/3747
f 3464/3750 3457/3751 3201/3356
f 3552/3752 3466/3753 3551/3754
f 3552/3752 3465/3755 3466/3753
f 3465/3755 3558/3756 3466/3753
f 3458/3746 3449/3734 3460/3729
f 3457/3751 3469/3757 3458/3746
f 3464/3750 3467/3758 3457/3751
f 3467/3758 3470/3759 3457/3751
f 3469/3757 3481/3735 3449/3734
f 3553/3760 3481/3735 3469/3757
f 3470/3759 3471/3761 3469/3757
f 3469/3757 3471/3761 3553/3760
f 3471/3761 3473/3762 3553/3760
f 3554/3763 3471/3761 3470/3759
f 3472/3764 3555/3765 3554/3763
f 3554/3763 3555/3765 3471/3761
f 3472/3764 3202/3766 3555/3765
f 3558/3756 3557/3767 3556/3768
f 3121/3769 3474/3770 3465/3755
f 3474/3770 3136/3771 3302/3772
f 3558/3756 3138/3773 3472/3764
f 3558/3756 3302/3772 3138/3773
f 3138/3773 3302/3772 3301/3774
f 3202/3766 3476/3775 3555/3765
f 3138/3773 3475/3776 3472/3764
f 3138/3773 3300/3777 3475/3776
f 3475/3776 3300/3777 3298/3778
f 3477/3779 3480/3780 3452/3741
f 3477/3779 3203/3781 3480/3780
f 3455/3744 3559/3782 3477/3779
f 3559/3782 3203/3781 3477/3779
f 3559/3782 3562/3783 3203/3781
f 3479/3784 3560/3785 3559/3782
f 3480/3780 3346/3786 3515/3787
f 3203/3781 3562/3783 3480/3780
f 3481/3735 3561/3788 3448/3732
f 3561/3788 3204/3737 3448/3732
f 3561/3788 3482/3789 3204/3737
f 3483/3790 3487/3791 3561/3788
f 3482/3789 3485/3792 3484/3793
f 3485/3792 3490/3794 3486/3795
f 3489/3796 3487/3791 3483/3790
f 3487/3791 3488/3797 3482/3789
f 3489/3796 3488/3797 3487/3791
f 3488/3797 3289/3798 3485/3792
f 3289/3798 3288/3799 3490/3794
f 3562/3783 3491/3800 3346/3786
f 3486/3795 3287/3801 3560/3785
f 3490/3794 3288/3799 3287/3801
f 3892/3802 3686/3803 3688/3804
f 3595/3805 3689/3806 3686/3803
f 3689/3806 3690/3807 3686/3803
f 3686/3803 3690/3807 3693/3808
f 3690/3807 3691/3809 3692/3810
f 3692/3810 3577/3811 3596/3812
f 3693/3808 3596/3812 3687/3813
f 3596/3812 3695/3814 3694/3815
f 3596/3812 3698/3816 3695/3814
f 3696/3817 4014/3818 3698/3816
f 3713/3819 3701/3820 3697/3821
f 3713/3819 3699/3822 3701/3820
f 4016/3823 3701/3820 3597/3824
f 4012/3825 3594/3826 3702/3827
f 3702/3827 3703/3828 3598/3829
f 3687/3813 3694/3815 3594/3826
f 3594/3826 3694/3815 3703/3828
f 4015/3830 4017/3831 3567/3832
f 4017/3831 3578/3833 3734/3834
f 3703/3828 4015/3830 3598/3829
f 4017/3831 4030/3835 3567/3832
f 3599/3836 4013/3837 3564/3838
f 4018/3839 3705/3840 3704/3841
f 3600/3842 3691/3809 3690/3807
f 3704/3841 3705/3840 3691/3809
f 4113/3843 4018/3839 4020/3844
f 3601/3845 3708/3846 4018/3839
f 3675/3847 3707/3848 4021/3849
f 3707/3848 3696/3817 4021/3849
f 3707/3848 3710/3850 3696/3817
f 3709/3851 3710/3850 3707/3848
f 3675/3847 3709/3851 3707/3848
f 3966/3852 3967/3853 3602/3854
f 3705/3840 3696/3817 3577/3811
f 3712/3855 3713/3819 4014/3818
f 4021/3849 3696/3817 3705/3840
f 3710/3850 3714/3856 3712/3855
f 3711/3857 3579/3858 3715/3859
f 3579/3858 3603/3860 4022/3861
f 4022/3861 3568/3862 3699/3822
f 3717/3863 3718/3864 3603/3860
f 4023/3865 3604/3866 3719/3867
f 3565/3868 3717/3863 3579/3858
f 3565/3868 3721/3869 3717/3863
f 3565/3868 3957/3870 3721/3869
f 3721/3869 3580/3871 4024/3872
f 3720/3873 4024/3872 3722/3874
f 3722/3874 4024/3872 3724/3875
f 4024/3872 3725/3876 3724/3875
f 3724/3875 3950/3877 4027/3878
f 3723/3879 3724/3875 3731/3880
f 3725/3876 4025/3881 3950/3877
f 4027/3878 3727/3882 4026/3883
f 3950/3877 3727/3882 4027/3878
f 3727/3882 3951/3884 4026/3883
f 3951/3884 3726/3885 3728/3886
f 3604/3866 3723/3879 3581/3887
f 3722/3874 3724/3875 3723/3879
f 3730/3888 3731/3880 3729/3889
f 4027/3878 4026/3883 4028/3890
f 4028/3890 3728/3886 4054/3891
f 3729/3889 3733/3892 3606/3893
f 3733/3892 4028/3890 3732/3894
f 3733/3892 3732/3894 3566/3895
f 3735/3896 4033/3897 3607/3898
f 3578/3833 3737/3899 3734/3834
f 3737/3899 3607/3898 3734/3834
f 3597/3824 3700/3900 3737/3899
f 3568/3862 3716/3901 3700/3900
f 3738/3902 3740/3903 3737/3899
f 4023/3865 3719/3867 3738/3902
f 3719/3867 3739/3904 3740/3903
f 3740/3903 3735/3896 3737/3899
f 3740/3903 3739/3904 3735/3896
f 3739/3904 3745/3905 3735/3896
f 3739/3904 3742/3906 3745/3905
f 3581/3887 3742/3906 3739/3904
f 3730/3888 3606/3893 3742/3906
f 3606/3893 4031/3907 3741/3908
f 3733/3892 3744/3909 4031/3907
f 3741/3908 4032/3910 3742/3906
f 4031/3907 3744/3909 4032/3910
f 3607/3898 4033/3897 3736/3911
f 3736/3911 4033/3897 3945/3912
f 4034/3913 3949/3914 4109/3915
f 3735/3896 4034/3913 4033/3897
f 3745/3905 3609/3916 4034/3913
f 3742/3906 4032/3910 3609/3916
f 3744/3909 3743/3917 3747/3918
f 3609/3916 4032/3910 3949/3914
f 3748/3919 3751/3920 3893/3921
f 3749/3922 3750/3923 3651/3924
f 3610/3925 3752/3926 4035/3927
f 3752/3926 4036/3928 3751/3920
f 3569/3929 3763/3930 3752/3926
f 3753/3931 3582/3932 3611/3933
f 3751/3920 3612/3934 3750/3923
f 3754/3935 3755/3936 3758/3937
f 4038/3938 4037/3939 3757/3940
f 3898/3941 3760/3942 3654/3943
f 3754/3935 3758/3937 3760/3942
f 4038/3938 3757/3940 3761/3944
f 3900/3945 3761/3944 3899/3946
f 3613/3947 3763/3930 3762/3948
f 3613/3947 3765/3949 3763/3930
f 3764/3950 3613/3947 3762/3948
f 3765/3949 3768/3951 3614/3952
f 3612/3934 3766/3953 3753/3931
f 3763/3930 3765/3949 3766/3953
f 3615/3954 3767/3955 3768/3951
f 3767/3955 3770/3956 3768/3951
f 4007/3957 4124/3958 3770/3956
f 3994/3959 3771/3960 4041/3961
f 3616/3962 3774/3963 3769/3964
f 3582/3932 3772/3965 4043/3966
f 3772/3965 4042/3967 4043/3966
f 4042/3967 3773/3968 4043/3966
f 3769/3964 3774/3963 3773/3968
f 3774/3963 3583/3969 3617/3970
f 4043/3966 3775/3971 3756/3972
f 3775/3971 3617/3970 3570/3973
f 3756/3972 3775/3971 4037/3939
f 3570/3973 3779/3974 3776/3975
f 3776/3975 3619/3976 3618/3977
f 3779/3974 3781/3978 3619/3976
f 4044/3979 3777/3980 4045/3981
f 4046/3982 3778/3983 3584/3984
f 3583/3969 4047/3985 3779/3974
f 4047/3985 3780/3986 3779/3974
f 3994/3959 4047/3985 3771/3960
f 3993/3987 3782/3988 3781/3978
f 3781/3978 3782/3988 3777/3980
f 3783/3989 3620/3990 3784/3991
f 4049/3992 3563/3993 3641/3994
f 3778/3983 3784/3991 3786/3995
f 4049/3992 3641/3994 3787/3996
f 3761/3944 3788/3997 3789/3998
f 4050/3999 3790/4000 4091/4001
f 3757/3940 3791/4002 3788/3997
f 3791/4002 3618/3977 3792/4003
f 4037/3939 3570/3973 3791/4002
f 3618/3977 4044/3979 3792/4003
f 3792/4003 4046/3982 3793/4004
f 3792/4003 3793/4004 3789/3998
f 4046/3982 3584/3984 3793/4004
f 3786/3995 4052/4005 3794/4006
f 3621/4007 3787/3996 4051/4008
f 3787/3996 3859/4009 4051/4008
f 3794/4006 4052/4005 4091/4001
f 4051/4008 3636/4010 3660/4011
f 3795/4012 3797/4013 3608/4014
f 3796/4015 3811/4016 3797/4013
f 4053/4017 3798/4018 3795/4012
f 3566/3895 3800/4019 4053/4017
f 3800/4019 3802/4020 4053/4017
f 3585/4021 3801/4022 3802/4020
f 3801/4022 3812/4023 3796/4015
f 3625/4024 3624/4025 3803/4026
f 3585/4021 3805/4027 3801/4022
f 3805/4027 3625/4024 3803/4026
f 3804/4028 3807/4029 3625/4024
f 3623/4030 3806/4031 3807/4029
f 3624/4025 3625/4024 3809/4032
f 3806/4031 3808/4033 3807/4029
f 3811/4016 3626/4034 3814/4035
f 3812/4023 3626/4034 3811/4016
f 3626/4034 3809/4032 3813/4036
f 3809/4032 3808/4033 3813/4036
f 3814/4035 3813/4036 4063/4037
f 3940/4038 3814/4035 3909/4039
f 3814/4035 4063/4037 3845/4040
f 3566/3895 3815/4041 3800/4019
f 3566/3895 3732/3894 3815/4041
f 3732/3894 4054/3891 3815/4041
f 4054/3891 3821/4042 3816/4043
f 3726/3885 3819/4044 3728/3886
f 3728/3886 3819/4044 3820/4045
f 3818/4046 3820/4045 4055/4047
f 3821/4042 4055/4047 3630/4048
f 3820/4045 3627/4049 3628/4050
f 3838/4051 3835/4052 3628/4050
f 3628/4050 3835/4052 3822/4053
f 4055/4047 3823/4054 3630/4048
f 3628/4050 3822/4053 4055/4047
f 3585/4021 3825/4055 3805/4027
f 3824/4056 3623/4030 3804/4028
f 3630/4048 3827/4057 3826/4058
f 3630/4048 3823/4054 3827/4057
f 3823/4054 3629/4059 3827/4057
f 3827/4057 4056/4060 3826/4058
f 3827/4057 3629/4059 4056/4060
f 3623/4030 3826/4058 4056/4060
f 4056/4060 3572/4061 3623/4030
f 3629/4059 3830/4062 3572/4061
f 3830/4062 3631/4063 3829/4064
f 3831/4065 3832/4066 3629/4059
f 3831/4065 3833/4067 3832/4066
f 4057/4068 3833/4067 3831/4065
f 3840/4069 4060/4070 4057/4068
f 3828/4071 3586/4072 3631/4063
f 3833/4067 3834/4073 3586/4072
f 3835/4052 4058/4074 3822/4053
f 3835/4052 3836/4075 4058/4074
f 3836/4075 4057/4068 4058/4074
f 4058/4074 4057/4068 3831/4065
f 3571/4076 3837/4077 3838/4051
f 3837/4077 3840/4069 3836/4075
f 3837/4077 3839/4078 3840/4069
f 3571/4076 3839/4078 3837/4077
f 3839/4078 3632/4079 4060/4070
f 3841/4080 3632/4079 3839/4078
f 4010/4081 3842/4082 3632/4079
f 4060/4070 4059/4083 3843/4084
f 3843/4084 4059/4083 3844/4085
f 3632/4079 3764/3950 4061/4086
f 4062/4087 3844/4085 4059/4083
f 4062/4087 3762/3948 3569/3929
f 3845/4040 3848/4088 3846/4089
f 3909/4039 3846/4089 3910/3565
f 3910/3565 3846/4089 3850/4090
f 3813/4036 3849/4091 4063/4037
f 3813/4036 3808/4033 3849/4091
f 3849/4091 3633/4092 3848/4088
f 4063/4037 3849/4091 3848/4088
f 3634/4093 4064/4094 4066/4095
f 3846/4089 3634/4093 3850/4090
f 3808/4033 3851/4096 3847/4097
f 3847/4097 3851/4096 3853/4098
f 3847/4097 3853/4098 3633/4092
f 3572/4061 3829/4064 3806/4031
f 3806/4031 3829/4064 3851/4096
f 4065/4099 3852/4100 3635/4101
f 3633/4092 4065/4099 4064/4094
f 3852/4100 3854/4102 3635/4101
f 3852/4100 3843/4084 3854/4102
f 3843/4084 3844/4085 3854/4102
f 3854/4102 3844/4085 3856/4103
f 3856/4103 4062/4087 3855/4104
f 3855/4104 3569/3929 3610/3925
f 3850/4090 4066/4095 3897/4105
f 4064/4094 3635/4101 4066/4095
f 4066/4095 3858/4106 3857/4107
f 3857/4107 4035/3927 3748/3919
f 3859/4108 3636/4109 4051/4110
f 3859/4108 4067/4111 3636/4109
f 3861/4112 3639/4113 4067/4111
f 3860/4114 3862/4115 3861/4112
f 3862/4115 3638/4116 3639/4113
f 3862/4115 3863/4117 3638/4116
f 3863/4117 3864/4118 3638/4116
f 3873/4119 3637/4120 3864/4118
f 3864/4118 4076/4121 3865/4122
f 3639/4113 3866/4123 3917/4124
f 3638/4116 3866/4123 3639/4113
f 3638/4116 3881/4125 3866/4123
f 3865/4122 4077/4126 3881/4125
f 3859/4108 3868/4127 3867/4128
f 3870/4129 3860/4114 3867/4128
f 4068/4130 4069/4131 3872/4132
f 3872/4132 3642/4133 3643/4134
f 3870/4129 4068/4130 3860/4114
f 3860/4114 4068/4130 3871/4135
f 4068/4130 3872/4132 3871/4135
f 3871/4135 3872/4132 3873/4119
f 3871/4135 3863/4117 3862/4115
f 3873/4119 3643/4134 3574/4136
f 3645/4137 3644/4138 3886/4139
f 4069/4131 3875/4140 3876/4141
f 3642/4133 3876/4141 3877/4142
f 3646/4143 3878/4144 3587/4145
f 3646/4143 3880/4146 3878/4144
f 3877/4142 3647/4147 3646/4143
f 3879/4148 4071/4149 3877/4142
f 3879/4148 4019/4150 4071/4149
f 4113/3843 4019/4150 3879/4148
f 3886/4139 3890/4151 3588/4152
f 3644/4138 3890/4151 3886/4139
f 3644/4138 4078/4153 3890/4151
f 4072/4154 3889/4155 4078/4153
f 3878/4144 4072/4154 3644/4138
f 3647/4147 4073/4156 3880/4146
f 3647/4147 3599/3836 4073/4156
f 3880/4146 4073/4156 3889/4155
f 4075/4157 3564/3838 4079/4158
f 3881/4125 3884/4159 3866/4123
f 4077/4126 3648/4160 3881/4125
f 3882/4161 3589/4162 4077/4126
f 3885/4163 3882/4161 4076/4121
f 3645/4137 3886/4139 3650/4164
f 3886/4139 3649/4165 3885/4163
f 3885/4163 3649/4165 3882/4161
f 3649/4165 3890/4151 3888/4166
f 3589/4162 3887/4167 4080/4168
f 3890/4151 4078/4153 3888/4166
f 3889/4155 4074/4169 3891/4170
f 4079/4158 3564/3838 3595/3805
f 3887/4167 3891/4170 4080/4168
f 4080/4168 3891/4170 3576/4171
f 3891/4170 4079/4158 3576/4171
f 3883/4172 3648/4160 3892/3802
f 3892/3802 3576/4171 3686/3803
f 3748/4173 3893/4174 3896/4175
f 3748/4173 3896/4175 3652/4176
f 3749/4177 3651/4178 3893/4174
f 3893/4174 3894/4179 3896/4175
f 4083/4180 3895/4181 3896/4175
f 3857/4182 4081/4183 3897/4184
f 4081/4183 3652/4176 3897/4184
f 3900/4185 4090/4186 3653/4187
f 3898/4188 3901/4189 3651/4178
f 3898/4188 3653/4187 3901/4189
f 3901/4189 4083/4180 3894/4179
f 3901/4189 3656/4190 4083/4180
f 3657/4191 4082/4192 3656/4190
f 3657/4191 3575/4193 3903/4194
f 3903/4194 3575/4193 4105/4195
f 4082/4192 3941/4196 3656/4190
f 3897/4184 3906/4197 3905/4198
f 3897/4184 3905/4198 3850/4199
f 3906/4197 4085/4200 3905/4198
f 3656/4190 4086/4201 4083/4180
f 4085/4200 3908/4202 4084/4203
f 3908/4202 4086/4201 3907/4204
f 4084/4203 3908/4202 4087/4205
f 4085/4200 4084/4203 4088/4206
f 3905/4198 4088/4206 3910/4207
f 4088/4206 4087/4205 3658/4208
f 3910/4207 3658/4208 3909/4209
f 3789/4210 3659/4211 3761/4212
f 4091/4213 3911/4214 4050/4215
f 4089/4216 3914/4217 3659/4211
f 3911/4214 3913/4218 4089/4216
f 3659/4211 3915/4219 3899/4220
f 3622/4221 3912/4222 4091/4213
f 3660/4223 3916/4224 3622/4221
f 3917/4225 3661/4226 3916/4224
f 3866/4227 3918/4228 3917/4225
f 3916/4224 3661/4226 3919/4229
f 4090/4186 3915/4219 3655/4230
f 3915/4219 3920/4231 3921/4232
f 3915/4219 3921/4232 3655/4230
f 3914/4217 3913/4218 3920/4231
f 3913/4218 3922/4233 4092/4234
f 3912/4222 3916/4224 3922/4233
f 3920/4231 4092/4234 3923/4235
f 4092/4234 3924/4236 3923/4235
f 3923/4235 3924/4236 3929/4237
f 3923/4235 3929/4237 3927/4238
f 3921/4232 3923/4235 3925/4239
f 3927/4238 3930/4240 3926/4241
f 3927/4238 3926/4241 4097/4242
f 3924/4236 3928/4243 4093/4244
f 3927/4238 3929/4237 3930/4240
f 3929/4237 4096/4245 3663/4246
f 3930/4240 3663/4246 3662/4247
f 3926/4241 3662/4247 4098/4248
f 3919/4229 4094/4249 3931/4250
f 3928/4243 3931/4250 4095/4251
f 3918/4228 3884/4252 3932/4253
f 3918/4228 3932/4253 4094/4249
f 4094/4249 3932/4253 3933/4254
f 3932/4253 3884/4252 3933/4254
f 4093/4244 4095/4251 3929/4237
f 3931/4250 3935/4255 3934/4256
f 3934/4256 3935/4255 4011/4257
f 3933/4254 3884/4252 3935/4255
f 3663/4246 3936/4258 3937/4259
f 3936/4258 4011/4257 4012/3825
f 3662/4247 3938/4260 4098/4248
f 3938/4260 3702/3827 3598/3829
f 3938/4260 3937/4259 3702/3827
f 4029/4261 4099/4262 3567/3832
f 4098/4248 3938/4260 4099/4262
f 3909/4209 3939/4263 3940/4264
f 4087/4205 3907/4204 4100/4265
f 3658/4208 4100/4265 3939/4263
f 3941/4196 4101/4266 4086/4201
f 4101/4266 3942/4267 3907/4204
f 3664/4268 3944/4269 4101/4266
f 3942/4267 4102/4270 4100/4265
f 4102/4270 4104/4271 3939/4263
f 4103/4272 3665/4273 4104/4271
f 4104/4271 3947/4274 3940/4264
f 3575/4193 4097/4242 4105/4195
f 3667/4275 4105/4195 3666/4276
f 4105/4195 4097/4242 4029/4261
f 4105/4195 4029/4261 3666/4276
f 3666/4276 3590/4277 3664/4268
f 3666/4276 4106/4278 3590/4277
f 3947/4274 3799/4279 3810/4280
f 3947/4274 3946/4281 3799/4279
f 4103/4272 4107/4282 3665/4273
f 3590/4277 3948/4283 3943/4284
f 4108/4285 3668/4286 4107/4282
f 3948/4283 4109/3915 4108/4285
f 4109/3915 3949/3914 3668/4286
f 4106/4278 3945/3912 3590/4277
f 3945/3912 4033/3897 3948/4283
f 3746/4287 3747/3918 3946/4281
f 3727/3882 3950/3877 3670/4288
f 3951/3884 3670/4288 3669/4289
f 3950/3877 4025/3881 3670/4288
f 4025/3881 3954/4290 4110/4291
f 3670/4288 4110/4291 3955/4292
f 3952/4293 3953/4294 3954/4290
f 3955/4292 4110/4291 3669/4289
f 3721/3869 3956/4295 3580/3871
f 3580/3871 3956/4295 3952/4293
f 3591/4296 3671/4297 3956/4295
f 3956/4295 3953/4294 3952/4293
f 3953/4294 3671/4297 3960/4298
f 3671/4297 3673/4299 3960/4298
f 3958/4300 3673/4299 3671/4297
f 3981/4301 4002/4302 3958/4300
f 3958/4300 3672/4303 3673/4299
f 3953/4294 3960/4298 3959/4304
f 3959/4304 3960/4298 4119/4305
f 3819/4306 4111/4307 3961/4308
f 3819/4306 3961/4308 3820/4309
f 3674/4310 3961/4308 4111/4307
f 4110/4291 3954/4290 3962/4311
f 3669/4289 3962/4311 3674/4310
f 3954/4290 3953/4294 3962/4311
f 3674/4310 3964/4312 4112/4313
f 3964/4312 4119/4305 3997/4314
f 3963/4315 3965/4316 3961/4308
f 3627/4317 3571/4318 3838/4319
f 3967/3853 3957/3870 3565/3868
f 3709/3851 3675/3847 3968/4320
f 3968/4320 3675/3847 3970/4321
f 3970/4321 3681/4322 3968/4320
f 3676/4323 3971/4324 3967/3853
f 3601/3845 4115/4325 3706/4326
f 4115/4325 3974/4327 3706/4326
f 4113/3843 3972/4328 4018/3839
f 4113/4329 4114/4330 3972/4328
f 3974/4327 3975/4331 3969/4332
f 3677/4333 3978/4334 4115/4325
f 3876/4335 3976/4336 3973/4337
f 3976/4336 3678/4338 3679/4339
f 3875/4340 3678/4338 3976/4336
f 3875/4340 3573/4341 3678/4338
f 3681/4322 4116/4342 3971/4324
f 4116/4342 3958/4300 3591/4296
f 3975/4331 3980/4343 3681/4322
f 3975/4331 3680/4344 3980/4343
f 3975/4331 3979/4345 3680/4344
f 3977/4346 3592/4347 3975/4331
f 4116/4342 3981/4301 3958/4300
f 3980/4343 3981/4301 4116/4342
f 3680/4344 4121/4348 3980/4343
f 3979/4345 3986/4349 3680/4344
f 3592/4347 3983/4350 3979/4345
f 3982/4351 4117/4352 3592/4347
f 3983/4350 3985/4353 3979/4345
f 4117/4352 3984/4354 3983/4350
f 3593/4355 3682/4356 4117/4352
f 3986/4349 3992/4357 4121/4348
f 3678/4338 3988/4358 3987/4359
f 3987/4359 3593/4355 3982/4351
f 3990/4360 3988/4358 3678/4338
f 3988/4358 3990/4360 3563/4361
f 3987/4359 3989/4362 3593/4355
f 3988/4358 3989/4362 3987/4359
f 3990/4360 3641/4363 3563/4361
f 3682/4356 3620/4364 3783/4365
f 3984/4354 3991/4366 3985/4353
f 3991/4366 3994/4367 3992/4357
f 3682/4356 3993/4368 3984/4354
f 3984/4354 3993/4368 3780/4369
f 3993/4368 3783/4365 3782/4370
f 3780/4369 3993/4368 3781/4371
f 3991/4366 3780/4369 4047/4372
f 3965/4316 3996/4373 3627/4317
f 4112/4313 3995/4374 3963/4315
f 4112/4313 3997/4314 4118/4375
f 4119/4305 4000/4376 3683/4377
f 4118/4375 3998/4378 3995/4374
f 3683/4377 4005/4379 4008/4380
f 3995/4374 3998/4378 3996/4373
f 3998/4378 3841/4381 3571/4318
f 3960/4298 4000/4376 4119/4305
f 3960/4298 3672/4303 4000/4376
f 4001/4382 4120/4383 4002/4302
f 4121/4348 4004/4384 4001/4382
f 3992/4357 4004/4384 4121/4348
f 3683/4377 4006/4385 4005/4379
f 4000/4376 4122/4386 4006/4385
f 4003/4387 4005/4379 4122/4386
f 4003/4387 3684/4388 4005/4379
f 4005/4379 3684/4388 4007/4389
f 4008/4380 4005/4379 4007/4389
f 3992/4357 4009/4390 4004/4384
f 3992/4357 3994/4367 4009/4390
f 4041/4391 4040/4392 4123/4393
f 3994/4367 4041/4391 4009/4390
f 4007/4389 3770/4394 3767/4395
f 4008/4380 3767/4395 3685/4396
f 3767/4395 3615/4397 3685/4396
f 4189/4398 4187/4399 4296/4400
f 4188/4401 4189/4398 4186/4402
f 4188/4401 4191/4403 4189/4398
f 4192/4404 4194/4405 4187/4399
f 4192/4404 4339/4406 4194/4405
f 4187/4399 4194/4405 4205/4407
f 4198/4408 4338/4409 4195/4410
f 4316/4411 4140/4412 4199/4413
f 4200/4414 4190/4415 4338/4409
f 4200/4414 4193/4416 4190/4415
f 4202/4417 4203/4418 4204/4419
f 4204/4419 4207/4420 4340/4421
f 4193/4416 4206/4422 4192/4404
f 4206/4422 4208/4423 4339/4406
f 4340/4421 4207/4420 4206/4422
f 4339/4406 4129/4424 4141/4425
f 4142/4426 4131/4427 4143/4428
f 4254/4429 4145/4430 4131/4427
f 4255/4431 4212/4432 4144/4433
f 4144/4433 4217/4434 4209/4435
f 4131/4427 4209/4435 4146/4436
f 4277/4437 4143/4428 4211/4438
f 4147/4439 4146/4436 4228/4440
f 4213/4441 4249/4442 4214/4443
f 4214/4443 4218/4444 4217/4434
f 4144/4433 4214/4443 4217/4434
f 4148/4445 4149/4446 4249/4442
f 4215/4447 4150/4448 4149/4446
f 4215/4447 4125/4449 4150/4448
f 4217/4434 4216/4450 4209/4435
f 4218/4444 4150/4448 4221/4451
f 4209/4435 4216/4450 4210/4452
f 4216/4450 4221/4451 4220/4453
f 4221/4451 4151/4454 4224/4455
f 4150/4448 4125/4449 4222/4456
f 4151/4454 4330/4457 4341/4458
f 4222/4456 4331/4459 4151/4454
f 4219/4460 4223/4461 4231/4462
f 4220/4453 4224/4455 4223/4461
f 4224/4455 4341/4458 4261/4463
f 4211/4438 4227/4464 4280/4465
f 4147/4439 4228/4440 4152/4466
f 4225/4467 4226/4468 4152/4466
f 4146/4436 4229/4469 4228/4440
f 4210/4452 4219/4460 4229/4469
f 4230/4470 4132/4471 4225/4467
f 4230/4470 4231/4462 4232/4472
f 4141/4425 4233/4473 4306/4474
f 4235/4475 4155/4476 4234/4477
f 4234/4477 4155/4476 4154/4478
f 4153/4479 4154/4478 4236/4480
f 4233/4473 4154/4478 4307/4481
f 4153/4479 4236/4480 4126/4482
f 4207/4420 4238/4483 4237/4484
f 4204/4419 4239/4485 4238/4483
f 4133/4486 4155/4476 4237/4484
f 4133/4486 4240/4487 4155/4476
f 4240/4487 4179/4488 4244/4489
f 4240/4487 4244/4489 4243/4490
f 4235/4475 4237/4484 4155/4476
f 4240/4487 4243/4490 4242/4491
f 4155/4476 4240/4487 4242/4491
f 4242/4491 4246/4492 4156/4493
f 4244/4489 4334/4494 4245/4495
f 4243/4490 4245/4495 4246/4492
f 4246/4492 4245/4495 4247/4496
f 4247/4496 4248/4497 4249/4442
f 4156/4493 4246/4492 4157/4498
f 4157/4498 4247/4496 4213/4441
f 4247/4496 4249/4442 4213/4441
f 4157/4498 4213/4441 4212/4432
f 4250/4499 4158/4500 4236/4480
f 4250/4499 4251/4501 4158/4500
f 4158/4500 4252/4502 4126/4482
f 4154/4478 4159/4503 4250/4499
f 4154/4478 4242/4491 4159/4503
f 4159/4503 4241/4504 4134/4505
f 4134/4505 4253/4506 4159/4503
f 4251/4501 4256/4507 4252/4502
f 4254/4429 4130/4508 4251/4501
f 4251/4501 4142/4426 4256/4507
f 4226/4509 4160/4510 4135/4511
f 4132/4512 4257/4513 4160/4510
f 4232/4514 4231/4515 4258/4516
f 4231/4515 4260/4517 4258/4516
f 4258/4516 4259/4518 4162/4519
f 4257/4513 4162/4519 4136/4520
f 4260/4517 4265/4521 4259/4518
f 4162/4519 4266/4522 4161/4523
f 4135/4511 4165/4524 4164/4525
f 4160/4510 4136/4520 4165/4524
f 4165/4524 4136/4520 4163/4526
f 4136/4520 4161/4523 4163/4526
f 4164/4525 4163/4526 4128/4527
f 4223/4528 4261/4529 4260/4517
f 4330/4530 4262/4531 4341/4532
f 4166/4533 4263/4534 4262/4531
f 4127/4535 4167/4536 4166/4533
f 4167/4536 4264/4537 4263/4534
f 4261/4529 4265/4521 4260/4517
f 4263/4534 4265/4521 4261/4529
f 4263/4534 4264/4537 4265/4521
f 4264/4537 4267/4538 4266/4522
f 4266/4522 4267/4538 4268/4539
f 4270/4540 4267/4538 4264/4537
f 4267/4538 4271/4541 4269/4542
f 4267/4538 4269/4542 4268/4539
f 4167/4536 4270/4540 4264/4537
f 4270/4540 4318/4543 4271/4541
f 4271/4541 4168/4544 4272/4545
f 4318/4543 4168/4544 4271/4541
f 4197/4546 4196/4547 4168/4544
f 4168/4544 4196/4547 4272/4545
f 4196/4547 4195/4410 4188/4401
f 4161/4523 4274/4548 4163/4526
f 4274/4548 4276/4549 4273/4550
f 4273/4550 4300/4551 4299/4552
f 4266/4522 4268/4539 4161/4523
f 4268/4539 4275/4553 4161/4523
f 4275/4553 4276/4549 4274/4548
f 4272/4545 4188/4401 4276/4549
f 4276/4549 4186/4402 4300/4551
f 4278/4554 4287/4555 4279/4556
f 4279/4556 4252/4557 4256/4558
f 4280/4559 4169/4560 4277/4561
f 4291/4562 4281/4563 4169/4560
f 4284/4564 4285/4565 4282/4566
f 4282/4566 4288/4567 4283/4568
f 4285/4565 4286/4569 4282/4566
f 4287/4555 4126/4570 4252/4557
f 4283/4568 4289/4571 4287/4555
f 4288/4567 4174/4572 4289/4571
f 4289/4571 4174/4572 4126/4570
f 4227/4573 4137/4574 4291/4562
f 4226/4575 4135/4576 4170/4577
f 4170/4577 4135/4576 4171/4578
f 4170/4577 4171/4578 4172/4579
f 4171/4578 4135/4576 4164/4580
f 4171/4578 4164/4580 4290/4581
f 4293/4582 4284/4564 4281/4563
f 4137/4574 4172/4579 4292/4583
f 4291/4562 4292/4583 4293/4582
f 4292/4583 4298/4584 4173/4585
f 4293/4582 4173/4585 4295/4586
f 4293/4582 4295/4586 4284/4564
f 4298/4584 4297/4587 4173/4585
f 4173/4585 4294/4588 4295/4586
f 4294/4588 4138/4589 4308/4590
f 4290/4581 4299/4591 4298/4584
f 4299/4591 4301/4592 4298/4584
f 4298/4584 4301/4592 4297/4587
f 4290/4581 4128/4593 4299/4591
f 4300/4594 4302/4595 4301/4592
f 4301/4592 4296/4400 4297/4587
f 4186/4596 4189/4398 4296/4400
f 4296/4400 4187/4399 4303/4597
f 4294/4588 4303/4597 4138/4589
f 4296/4400 4303/4597 4294/4588
f 4286/4569 4304/4598 4288/4567
f 4305/4599 4306/4600 4307/4601
f 4174/4572 4305/4599 4307/4601
f 4285/4565 4175/4602 4286/4569
f 4295/4586 4308/4590 4285/4565
f 4175/4602 4308/4590 4309/4603
f 4304/4598 4309/4603 4305/4599
f 4305/4599 4309/4603 4306/4600
f 4309/4603 4310/4604 4306/4600
f 4310/4604 4205/4407 4141/4425
f 4307/4601 4306/4600 4233/4605
f 4314/4606 4313/4607 4312/4608
f 4313/4607 4315/4609 4177/4610
f 4178/4611 4177/4610 4139/4612
f 4176/4613 4179/4614 4133/4615
f 4180/4616 4317/4617 4320/4618
f 4180/4616 4320/4618 4314/4606
f 4198/4408 4197/4619 4316/4411
f 4197/4619 4318/4620 4317/4617
f 4318/4620 4167/4621 4181/4622
f 4167/4621 4127/4623 4181/4622
f 4317/4617 4181/4622 4319/4624
f 4181/4622 4328/4625 4319/4624
f 4320/4618 4322/4626 4321/4627
f 4314/4606 4321/4627 4315/4609
f 4322/4626 4319/4624 4323/4628
f 4321/4627 4182/4629 4315/4609
f 4321/4627 4322/4626 4182/4629
f 4315/4609 4182/4629 4325/4630
f 4182/4629 4324/4631 4325/4630
f 4324/4631 4327/4632 4325/4630
f 4323/4628 4326/4633 4182/4629
f 4328/4625 4326/4633 4323/4628
f 4326/4633 4324/4631 4182/4629
f 4324/4631 4185/4634 4327/4632
f 4127/4623 4328/4625 4181/4622
f 4127/4623 4329/4635 4328/4625
f 4166/4636 4330/4637 4329/4635
f 4332/4638 4125/4639 4185/4634
f 4326/4633 4332/4638 4324/4631
f 4331/4640 4332/4638 4326/4633
f 4331/4640 4222/4641 4125/4639
f 4179/4614 4336/4642 4183/4643
f 4183/4643 4336/4642 4333/4644
f 4244/4645 4183/4643 4334/4646
f 4183/4643 4333/4644 4334/4646
f 4177/4610 4325/4630 4335/4647
f 4335/4647 4327/4632 4337/4648
f 4125/4639 4215/4649 4185/4634
f 4334/4646 4184/4650 4248/4651
f 4419/4652 4624/4653 4345/4654
f 4420/4655 4421/4656 4419/4652
f 4624/4653 4428/4657 4423/4658
f 4426/4659 4428/4657 4624/4653
f 4428/4657 4626/4660 4423/4658
f 4363/4661 4422/4662 4424/4663
f 4551/4664 4425/4665 4420/4655
f 4425/4665 4427/4666 4421/4656
f 4625/4667 4427/4666 4545/4668
f 4365/4669 4366/4670 4626/4660
f 4602/4671 4429/4672 4366/4670
f 4364/4673 4428/4657 4426/4659
f 4366/4670 4346/4674 4422/4662
f 4346/4674 4369/4675 4440/4676
f 4440/4676 4369/4675 4629/4677
f 4629/4677 4367/4678 4368/4679
f 4432/4680 4431/4681 4430/4682
f 4368/4679 4432/4680 4442/4683
f 4587/4684 4589/4685 4433/4686
f 4433/4686 4589/4685 4627/4687
f 4430/4682 4436/4688 4435/4689
f 4435/4689 4436/4688 4437/4690
f 4433/4686 4627/4687 4436/4688
f 4436/4688 4627/4687 4437/4690
f 4439/4691 4438/4692 4582/4693
f 4422/4662 4440/4676 4628/4694
f 4628/4694 4440/4676 4439/4691
f 4629/4677 4368/4679 4438/4692
f 4422/4662 4346/4674 4440/4676
f 4435/4689 4444/4695 4348/4696
f 4435/4689 4443/4697 4444/4695
f 4443/4697 4586/4698 4444/4695
f 4521/4699 4372/4700 4554/4701
f 4448/4702 4630/4703 4644/4704
f 4644/4704 4373/4705 4371/4706
f 4372/4700 4448/4702 4554/4701
f 4554/4701 4448/4702 4644/4704
f 4349/4707 4446/4708 4372/4700
f 4447/4709 4630/4703 4448/4702
f 4372/4700 4446/4708 4448/4702
f 4373/4705 4631/4710 4371/4706
f 4631/4710 4374/4711 4451/4712
f 4379/4713 4374/4711 4631/4710
f 4460/4714 4471/4715 4450/4716
f 4371/4706 4452/4717 4645/4718
f 4371/4706 4631/4710 4452/4717
f 4451/4712 4453/4719 4557/4720
f 4375/4721 4446/4708 4445/4722
f 4454/4723 4375/4721 4445/4722
f 4632/4724 4622/4725 4376/4726
f 4455/4727 4376/4726 4447/4709
f 4375/4721 4447/4709 4446/4708
f 4456/4728 4375/4721 4454/4723
f 4456/4728 4455/4727 4375/4721
f 4651/4729 4632/4724 4455/4727
f 4457/4730 4377/4731 4459/4732
f 4377/4731 4458/4733 4379/4713
f 4621/4734 4378/4735 4458/4733
f 4459/4732 4379/4713 4449/4736
f 4379/4713 4460/4714 4374/4711
f 4458/4733 4474/4737 4460/4714
f 4380/4738 4633/4739 4474/4737
f 4464/4740 4465/4741 4466/4742
f 4378/4735 4461/4743 4380/4738
f 4378/4735 4463/4744 4461/4743
f 4461/4743 4463/4744 4464/4740
f 4465/4741 4467/4745 4466/4742
f 4466/4742 4611/4746 4634/4747
f 4635/4748 4466/4742 4468/4749
f 4466/4742 4634/4747 4468/4749
f 4468/4749 4634/4747 4469/4750
f 4634/4747 4350/4751 4469/4750
f 4475/4752 4469/4750 4523/4753
f 4453/4719 4470/4754 4563/4755
f 4450/4716 4470/4754 4453/4719
f 4471/4715 4470/4754 4450/4716
f 4471/4715 4472/4756 4470/4754
f 4474/4737 4636/4757 4471/4715
f 4636/4757 4472/4756 4471/4715
f 4633/4739 4636/4757 4474/4737
f 4633/4739 4462/4758 4636/4757
f 4462/4758 4466/4742 4635/4748
f 4636/4757 4381/4759 4472/4756
f 4462/4758 4635/4748 4381/4759
f 4475/4752 4522/4760 4382/4761
f 4476/4762 4382/4761 4646/4763
f 4522/4760 4395/4764 4382/4761
f 4477/4765 4478/4766 4637/4767
f 4477/4765 4488/4768 4478/4766
f 4637/4767 4478/4766 4585/4769
f 4478/4766 4351/4770 4585/4769
f 4342/4771 4479/4772 4637/4767
f 4479/4772 4477/4765 4637/4767
f 4342/4771 4491/4773 4479/4772
f 4479/4772 4480/4774 4481/4775
f 4480/4774 4383/4776 4481/4775
f 4482/4777 4489/4778 4488/4768
f 4383/4776 4482/4777 4488/4768
f 4383/4776 4484/4779 4482/4777
f 4483/4780 4484/4779 4383/4776
f 4486/4781 4384/4782 4484/4779
f 4484/4779 4502/4783 4486/4781
f 4486/4781 4505/4784 4485/4785
f 4487/4786 4514/4787 4489/4778
f 4484/4779 4384/4782 4482/4777
f 4488/4768 4385/4788 4478/4766
f 4489/4778 4515/4789 4385/4788
f 4489/4778 4514/4787 4515/4789
f 4434/4790 4492/4791 4491/4773
f 4491/4773 4493/4792 4494/4793
f 4480/4774 4494/4793 4483/4780
f 4480/4774 4483/4780 4383/4776
f 4495/4794 4647/4795 4386/4796
f 4647/4795 4598/4797 4496/4798
f 4492/4791 4386/4796 4493/4792
f 4386/4796 4496/4798 4497/4799
f 4496/4798 4499/4800 4500/4801
f 4500/4801 4499/4800 4638/4802
f 4498/4803 4343/4804 4499/4800
f 4497/4799 4500/4801 4503/4805
f 4483/4780 4501/4806 4502/4783
f 4493/4792 4497/4799 4501/4806
f 4501/4806 4497/4799 4387/4807
f 4502/4783 4387/4807 4505/4784
f 4503/4805 4506/4808 4504/4809
f 4506/4808 4389/4810 4344/4811
f 4507/4812 4508/4813 4506/4808
f 4508/4813 4388/4814 4506/4808
f 4506/4808 4388/4814 4389/4810
f 4343/4804 4509/4815 4499/4800
f 4509/4815 4640/4816 4638/4802
f 4510/4817 4639/4818 4509/4815
f 4639/4818 4390/4819 4641/4820
f 4511/4821 4454/4723 4639/4818
f 4639/4818 4454/4723 4390/4819
f 4641/4820 4391/4822 4388/4814
f 4641/4820 4642/4823 4391/4822
f 4513/4824 4352/4825 4516/4826
f 4487/4786 4517/4827 4514/4787
f 4514/4787 4517/4827 4392/4828
f 4384/4782 4485/4785 4518/4829
f 4517/4827 4519/4830 4392/4828
f 4392/4828 4519/4830 4352/4825
f 4519/4830 4391/4822 4520/4831
f 4391/4822 4512/4832 4520/4831
f 4352/4825 4520/4831 4349/4707
f 4520/4831 4512/4832 4349/4707
f 4512/4832 4445/4722 4349/4707
f 4516/4826 4349/4707 4521/4833
f 4522/4834 4393/4835 4395/4836
f 4393/4835 4394/4837 4395/4836
f 4394/4837 4529/4838 4395/4836
f 4524/4839 4353/4840 4522/4834
f 4528/4841 4396/4842 4353/4840
f 4399/4843 4525/4844 4524/4839
f 4525/4844 4528/4841 4353/4840
f 4525/4844 4643/4845 4528/4841
f 4526/4846 4527/4847 4643/4845
f 4643/4845 4527/4847 4528/4841
f 4528/4841 4547/4848 4396/4842
f 4394/4837 4398/4849 4529/4838
f 4353/4840 4396/4842 4394/4837
f 4398/4849 4530/4850 4529/4838
f 4469/4851 4537/4852 4399/4843
f 4537/4852 4532/4853 4536/4854
f 4532/4853 4401/4855 4536/4854
f 4532/4853 4400/4856 4401/4855
f 4401/4855 4533/4857 4534/4858
f 4401/4855 4534/4858 4402/4859
f 4399/4843 4535/4860 4525/4844
f 4536/4854 4401/4855 4402/4859
f 4525/4844 4538/4861 4526/4846
f 4538/4861 4539/4862 4526/4846
f 4534/4858 4404/4863 4402/4859
f 4402/4859 4540/4864 4539/4862
f 4404/4863 4541/4865 4540/4864
f 4539/4862 4543/4866 4403/4867
f 4540/4864 4542/4868 4539/4862
f 4533/4857 4404/4863 4534/4858
f 4544/4869 4545/4668 4542/4868
f 4545/4668 4427/4666 4425/4665
f 4542/4868 4551/4664 4543/4866
f 4545/4668 4425/4665 4551/4664
f 4397/4870 4546/4871 4530/4850
f 4397/4870 4405/4872 4546/4871
f 4405/4872 4552/4873 4576/4874
f 4547/4848 4549/4875 4548/4876
f 4526/4846 4549/4875 4527/4847
f 4549/4875 4403/4867 4406/4877
f 4548/4876 4406/4877 4552/4873
f 4550/4878 4551/4664 4420/4655
f 4552/4873 4550/4878 4553/4879
f 4576/4880 4553/4879 4419/4881
f 4554/4882 4355/4883 4555/4884
f 4452/4885 4558/4886 4645/4887
f 4557/4888 4556/4889 4408/4890
f 4645/4887 4558/4886 4355/4883
f 4355/4883 4408/4890 4407/4891
f 4408/4890 4570/4892 4407/4891
f 4516/4893 4561/4894 4562/4895
f 4407/4891 4560/4896 4354/4897
f 4561/4894 4409/4898 4562/4895
f 4453/4899 4563/4900 4557/4888
f 4470/4901 4473/4902 4563/4900
f 4395/4903 4566/4904 4565/4905
f 4646/4906 4356/4907 4473/4902
f 4566/4904 4356/4907 4646/4906
f 4529/4908 4410/4909 4566/4904
f 4410/4909 4567/4910 4566/4904
f 4569/4911 4570/4892 4564/4912
f 4569/4911 4571/4913 4570/4892
f 4570/4892 4571/4913 4559/4914
f 4572/4915 4358/4916 4573/4917
f 4571/4913 4357/4918 4580/4919
f 4410/4909 4546/4920 4574/4921
f 4574/4921 4576/4922 4575/4923
f 4572/4915 4568/4924 4358/4916
f 4568/4924 4575/4923 4358/4916
f 4358/4916 4575/4923 4345/4654
f 4575/4923 4576/4922 4345/4654
f 4424/4663 4628/4694 4357/4918
f 4345/4654 4363/4661 4573/4917
f 4409/4898 4354/4897 4578/4925
f 4577/4926 4585/4927 4578/4925
f 4407/4891 4559/4914 4579/4928
f 4560/4896 4411/4929 4354/4897
f 4571/4913 4580/4919 4559/4914
f 4357/4918 4583/4930 4580/4919
f 4580/4919 4582/4693 4581/4931
f 4581/4931 4441/4932 4359/4933
f 4628/4694 4439/4691 4583/4930
f 4582/4693 4441/4932 4581/4931
f 4441/4932 4348/4696 4359/4933
f 4578/4925 4585/4927 4351/4934
f 4359/4933 4586/4698 4577/4926
f 4359/4933 4348/4696 4586/4698
f 4348/4696 4444/4695 4586/4698
f 4495/4935 4588/4936 4647/4937
f 4587/4684 4593/4938 4589/4685
f 4590/4939 4360/4940 4593/4938
f 4590/4939 4593/4938 4587/4684
f 4369/4675 4429/4672 4360/4940
f 4360/4940 4606/4941 4595/4942
f 4591/4943 4360/4940 4595/4942
f 4592/4944 4595/4942 4616/4945
f 4592/4944 4616/4945 4596/4946
f 4647/4937 4599/4947 4598/4948
f 4593/4938 4592/4944 4600/4949
f 4599/4947 4600/4949 4598/4948
f 4601/4950 4343/4951 4498/4952
f 4365/4669 4604/4953 4414/4954
f 4429/4672 4602/4671 4360/4940
f 4602/4671 4414/4954 4606/4941
f 4364/4673 4625/4667 4361/4955
f 4364/4673 4361/4955 4604/4953
f 4544/4956 4412/4957 4625/4667
f 4412/4957 4413/4958 4361/4955
f 4603/4959 4609/4960 4413/4958
f 4609/4960 4608/4961 4413/4958
f 4606/4941 4605/4962 4607/4963
f 4606/4941 4607/4963 4594/4964
f 4608/4961 4610/4965 4607/4963
f 4594/4964 4607/4963 4362/4966
f 4609/4960 4610/4965 4608/4961
f 4533/4967 4400/4968 4610/4965
f 4400/4968 4416/4969 4610/4965
f 4610/4965 4416/4969 4415/4970
f 4416/4969 4467/4971 4415/4970
f 4400/4968 4532/4972 4416/4969
f 4416/4969 4350/4973 4611/4974
f 4362/4966 4612/4975 4417/4976
f 4612/4975 4415/4970 4463/4977
f 4417/4976 4463/4977 4378/4978
f 4613/4979 4418/4980 4510/4981
f 4600/4949 4613/4979 4601/4950
f 4597/4982 4613/4979 4600/4949
f 4648/4983 4615/4984 4613/4979
f 4614/4985 4623/4986 4648/4983
f 4596/4946 4648/4983 4597/4982
f 4649/4987 4617/4988 4596/4946
f 4595/4942 4594/4964 4618/4989
f 4594/4964 4362/4966 4618/4989
f 4362/4966 4620/4990 4618/4989
f 4617/4988 4614/4985 4648/4983
f 4649/4987 4619/4991 4617/4988
f 4620/4990 4457/4992 4649/4987
f 4619/4991 4650/4993 4617/4988
f 4417/4976 4621/4994 4620/4990
f 4620/4990 4621/4994 4377/4995
f 4650/4993 4622/4996 4614/4985
f 4615/4984 4456/4997 4418/4980
f 4614/4985 4622/4996 4623/4986
f 4623/4986 4622/4996 4632/4998
f 4651/4999 4455/5000 4615/4984
f 4418/4980 4456/4997 4454/5001
f 4652/5002 4657/5003 4653/5004
f 4657/5003 4654/5005 4653/5004
f 5200/5006 4658/5007 5197/5008
f 4656/5009 4659/5010 5203/5011
f 4660/5012 4655/5013 5202/5014
f 4659/5010 4661/5015 5200/5006
f 4658/5007 4662/5016 4652/5002
f 4662/5016 4665/5017 4657/5003
f 4665/5017 4654/5005 4657/5003
f 4667/5018 4660/5012 5201/5019
f 4661/5015 4668/5020 4658/5007
f 4670/5021 4664/5022 4660/5012
f 4659/5010 4671/5023 4661/5015
f 4672/5024 4663/5025 4664/5022
f 4669/5026 4675/5027 4665/5017
f 4675/5027 4666/5028 4665/5017
f 4676/5029 4667/5018 4666/5028
f 4668/5020 4677/5030 4669/5026
f 4674/5031 4678/5032 4671/5023
f 4681/5033 4673/5034 4672/5024
f 4677/5030 4684/5035 4675/5027
f 4684/5035 4676/5029 4675/5027
f 4678/5032 4685/5036 4668/5020
f 4686/5037 4679/5038 4676/5029
f 4687/5039 4682/5040 4681/5033
f 4682/5041 4688/5042 4683/5043
f 4677/5030 4689/5044 4684/5035
f 4689/5044 4686/5037 4684/5035
f 4688/5042 4690/5045 4678/5032
f 4685/5036 4691/5046 4677/5030
f 4692/5047 4679/5038 4686/5037
f 4693/5048 4680/5049 4679/5038
f 4691/5046 4695/5050 4689/5044
f 4695/5050 4692/5047 4689/5044
f 4696/5051 4687/5039 4680/5049
f 4694/5052 4697/5053 4688/5042
f 4690/5045 4698/5054 4685/5036
f 4699/5055 4694/5056 4687/5039
f 4700/5057 4693/5048 4692/5047
f 4697/5053 4701/5058 4690/5045
f 4698/5054 4702/5059 4691/5046
f 4702/5059 4703/5060 4695/5050
f 4703/5060 4700/5057 4695/5050
f 4701/5058 4704/5061 4698/5054
f 4706/5062 4694/5056 4699/5055
f 4708/5063 4705/5064 4693/5048
f 4707/5065 4709/5066 4697/5053
f 4710/5067 4708/5063 4700/5057
f 4701/5058 4711/5068 4704/5061
f 4702/5059 4712/5069 4703/5060
f 4712/5069 4710/5067 4703/5060
f 4711/5068 4714/5070 4702/5059
f 4715/5071 4705/5064 4708/5063
f 4709/5066 4717/5072 4701/5058
f 4713/5073 4718/5074 4709/5066
f 4719/5075 4716/5076 4705/5064
f 4717/5072 4721/5077 4711/5068
f 4722/5078 4715/5071 4710/5067
f 4721/5077 4723/5079 4714/5070
f 4724/5080 4720/5081 4716/5076
f 4723/5079 4725/5082 4712/5069
f 4725/5082 4722/5078 4712/5069
f 4720/5083 4726/5084 4718/5074
f 4726/5084 4727/5085 4717/5072
f 4728/5086 4719/5075 4715/5071
f 4729/5087 4724/5080 4719/5075
f 4721/5077 4731/5088 4723/5079
f 4732/5089 4722/5078 4725/5082
f 4726/5084 4733/5090 4727/5085
f 4730/5091 4735/5092 4726/5084
f 4736/5093 4728/5086 4722/5078
f 4737/5094 4730/5095 4724/5080
f 4734/5096 4738/5097 4731/5088
f 4740/5098 4737/5094 4729/5087
f 4739/5099 4741/5100 4735/5092
f 4738/5097 4742/5101 4732/5089
f 4742/5101 4736/5093 4732/5089
f 4733/5090 4743/5102 4734/5096
f 4741/5100 4744/5103 4733/5090
f 4746/5104 4740/5098 4728/5086
f 4743/5102 4747/5105 4738/5097
f 4748/5106 4739/5107 4737/5094
f 4747/5105 4749/5108 4742/5101
f 4749/5108 4745/5109 4742/5101
f 4751/5110 4746/5104 4745/5109
f 4752/5111 4748/5106 4740/5098
f 4750/5112 4753/5113 4741/5100
f 4754/5114 4752/5111 4746/5104
f 4744/5103 4755/5115 4743/5102
f 4757/5116 4750/5117 4748/5106
f 4753/5113 4758/5118 4744/5103
f 4756/5119 4760/5120 4749/5108
f 4761/5121 4754/5114 4751/5110
f 4755/5115 4762/5122 4756/5119
f 4759/5123 4763/5124 4753/5113
f 4764/5125 4757/5116 4752/5111
f 4765/5126 4759/5127 4757/5116
f 4758/5118 4766/5128 4755/5115
f 4767/5129 4764/5125 4754/5114
f 4768/5130 4767/5129 4761/5121
f 4762/5122 4770/5131 4760/5120
f 4770/5131 4768/5130 4760/5120
f 4766/5128 4771/5132 4762/5122
f 4772/5133 4769/5134 4765/5126
f 4771/5132 4773/5135 4770/5131
f 4773/5135 4768/5130 4770/5131
f 4763/5124 4775/5136 4758/5118
f 4776/5137 4767/5129 4768/5130
f 4774/5138 4777/5139 4763/5124
f 4778/5140 4764/5125 4767/5129
f 4775/5136 4779/5141 4766/5128
f 4779/5141 4780/5142 4771/5132
f 4781/5143 4772/5133 4764/5125
f 4780/5142 4782/5144 4773/5135
f 4782/5144 4776/5137 4773/5135
f 4783/5145 4774/5146 4772/5133
f 4774/5138 4784/5147 4777/5139
f 4784/5147 4785/5148 4775/5136
f 4787/5149 4778/5140 4776/5137
f 4785/5148 4788/5150 4779/5141
f 4788/5150 4789/5151 4780/5142
f 4790/5152 4786/5153 4783/5145
f 4791/5154 4781/5143 4778/5140
f 4789/5151 4792/5155 4782/5144
f 4792/5155 4787/5149 4782/5144
f 4793/5156 4790/5152 4781/5143
f 4794/5157 4785/5148 4784/5147
f 4795/5158 4794/5157 4786/5159
f 4790/5152 4795/5160 4786/5153
f 4799/5161 4788/5150 4785/5148
f 4800/5162 4796/5163 4788/5150
f 4801/5164 4799/5161 4794/5157
f 4791/5154 4802/5165 4793/5156
f 4798/5166 4804/5167 4791/5154
f 4805/5168 4797/5169 4796/5163
f 4806/5170 4801/5164 4795/5158
f 4803/5171 4806/5172 4795/5160
f 4797/5169 4807/5173 4798/5166
f 4804/5167 4809/5174 4802/5165
f 4809/5174 4810/5175 4803/5171
f 4812/5176 4800/5162 4799/5161
f 4813/5177 4805/5168 4800/5162
f 4814/5178 4811/5179 4806/5170
f 4810/5175 4814/5180 4806/5172
f 4815/5181 4808/5182 4805/5168
f 4808/5182 4816/5183 4807/5173
f 4817/5184 4819/5185 4809/5174
f 4820/5186 4813/5177 4812/5176
f 4819/5185 4821/5187 4810/5175
f 4822/5188 4820/5186 4811/5179
f 4823/5189 4818/5190 4815/5181
f 4824/5191 4822/5188 4814/5178
f 4821/5187 4824/5192 4814/5180
f 4818/5190 4825/5193 4816/5183
f 4827/5194 4823/5189 4813/5177
f 4826/5195 4828/5196 4819/5185
f 4830/5197 4827/5194 4820/5186
f 4832/5198 4830/5197 4822/5188
f 4833/5199 4831/5200 4823/5189
f 4834/5201 4832/5198 4824/5191
f 4829/5202 4834/5203 4824/5192
f 4825/5193 4836/5204 4826/5195
f 4835/5205 4837/5206 4825/5193
f 4828/5196 4838/5207 4829/5202
f 4839/5208 4833/5199 4827/5194
f 4836/5204 4840/5209 4828/5196
f 4841/5210 4839/5208 4830/5197
f 4842/5211 4832/5198 4834/5201
f 4838/5207 4842/5212 4834/5203
f 4843/5213 4841/5210 4832/5198
f 4844/5214 4835/5205 4833/5199
f 4837/5206 4846/5215 4836/5204
f 4845/5216 4847/5217 4837/5206
f 4848/5218 4844/5214 4839/5208
f 4850/5219 4843/5213 4842/5211
f 4840/5209 4851/5220 4838/5207
f 4852/5221 4841/5210 4843/5213
f 4846/5215 4853/5222 4840/5209
f 4854/5223 4849/5224 4844/5214
f 4847/5217 4855/5225 4846/5215
f 4853/5222 4856/5226 4851/5220
f 4858/5227 4854/5223 4848/5218
f 4860/5228 4859/5229 4854/5223
f 4859/5229 4861/5230 4847/5217
f 4862/5231 4852/5221 4850/5219
f 4855/5225 4863/5232 4853/5222
f 4856/5226 4862/5233 4850/5234
f 4864/5235 4857/5236 4852/5221
f 4866/5237 4860/5228 4858/5227
f 4867/5238 4859/5229 4860/5228
f 4861/5230 4868/5239 4855/5225
f 4859/5229 4869/5240 4861/5230
f 4868/5239 4871/5241 4863/5232
f 4873/5242 4865/5243 4864/5235
f 4874/5244 4873/5242 4862/5231
f 4872/5245 4874/5246 4862/5233
f 4875/5247 4867/5238 4866/5237
f 4877/5248 4875/5247 4865/5243
f 4876/5249 4878/5250 4869/5240
f 4879/5251 4873/5242 4874/5244
f 4880/5252 4876/5249 4867/5238
f 4871/5241 4881/5253 4872/5245
f 4878/5250 4882/5254 4868/5239
f 4882/5254 4883/5255 4871/5241
f 4885/5256 4877/5248 4873/5242
f 4886/5257 4880/5252 4875/5247
f 4884/5258 4887/5259 4878/5250
f 4888/5260 4885/5256 4879/5251
f 4881/5253 4888/5261 4879/5262
f 4887/5259 4891/5263 4882/5254
f 4883/5255 4892/5264 4881/5253
f 4893/5265 4886/5257 4877/5248
f 4894/5266 4893/5265 4885/5256
f 4890/5267 4895/5268 4887/5259
f 4891/5263 4896/5269 4883/5255
f 4897/5270 4894/5266 4888/5260
f 4892/5264 4897/5271 4888/5261
f 4896/5269 4900/5272 4892/5264
f 4901/5273 4898/5274 4886/5257
f 4903/5275 4901/5273 4893/5265
f 4891/5263 4904/5276 4896/5269
f 4895/5268 4905/5277 4891/5263
f 4904/5276 4908/5278 4900/5272
f 4909/5279 4906/5280 4898/5274
f 4910/5281 4902/5282 4897/5270
f 4911/5283 4901/5273 4903/5275
f 4908/5278 4910/5284 4897/5271
f 4912/5285 4909/5279 4901/5273
f 4905/5277 4913/5286 4904/5276
f 4914/5287 4911/5283 4902/5282
f 4915/5288 4909/5279 4912/5285
f 4916/5289 4914/5287 4910/5281
f 4908/5278 4916/5290 4910/5284
f 4918/5291 4917/5292 4909/5279
f 4917/5292 4919/5293 4907/5294
f 4913/5286 4921/5295 4908/5278
f 4922/5296 4911/5283 4914/5287
f 4923/5297 4915/5288 4911/5283
f 4920/5298 4924/5299 4913/5286
f 4925/5300 4922/5296 4916/5289
f 4921/5295 4925/5301 4916/5290
f 4919/5293 4926/5302 4920/5298
f 4924/5299 4927/5303 4921/5295
f 4928/5304 4923/5297 4922/5296
f 4915/5288 4931/5305 4918/5291
f 4931/5305 4929/5306 4918/5291
f 4928/5304 4933/5307 4923/5297
f 4934/5308 4935/5309 4931/5305
f 4936/5310 4926/5302 4930/5311
f 4932/5312 4937/5313 4928/5304
f 4938/5314 4932/5315 4927/5303
f 4935/5309 4939/5316 4929/5306
f 4939/5316 4936/5310 4929/5306
f 4940/5317 4938/5314 4924/5299
f 4941/5318 4940/5317 4926/5302
f 4932/5312 4942/5319 4937/5313
f 4943/5320 4932/5315 4938/5314
f 4934/5308 4945/5321 4935/5309
f 4946/5322 4936/5310 4939/5316
f 4942/5319 4947/5323 4933/5307
f 4949/5324 4941/5318 4936/5310
f 4945/5321 4950/5325 4946/5322
f 4950/5325 4949/5324 4946/5322
f 4951/5326 4944/5327 4943/5320
f 4947/5323 4953/5328 4948/5329
f 4952/5330 4955/5331 4942/5319
f 4957/5332 4941/5318 4949/5324
f 4958/5333 4940/5317 4941/5318
f 4959/5334 4951/5326 4940/5317
f 4953/5328 4961/5335 4954/5336
f 4961/5335 4962/5337 4950/5325
f 4962/5337 4957/5332 4950/5325
f 4963/5338 4960/5339 4951/5326
f 4960/5340 4964/5341 4955/5331
f 4966/5342 4958/5333 4957/5332
f 4965/5343 4967/5344 4953/5328
f 4968/5345 4959/5334 4958/5333
f 4961/5335 4970/5346 4962/5337
f 4970/5346 4966/5342 4962/5337
f 4972/5347 4969/5348 4963/5338
f 4967/5344 4973/5349 4961/5335
f 4969/5350 4974/5351 4964/5341
f 4975/5352 4968/5345 4966/5342
f 4974/5351 4976/5353 4965/5343
f 4976/5353 4978/5354 4967/5344
f 4973/5349 4979/5355 4970/5346
f 4979/5355 4975/5352 4970/5346
f 4980/5356 4971/5357 4968/5345
f 4978/5354 4981/5358 4973/5349
f 4982/5359 4977/5360 4972/5347
f 4983/5361 4982/5359 4971/5357
f 4984/5362 4980/5356 4975/5352
f 4974/5351 4985/5363 4976/5353
f 4981/5358 4986/5364 4979/5355
f 4986/5364 4984/5362 4979/5355
f 4977/5365 4987/5366 4974/5351
f 4989/5367 4980/5356 4984/5362
f 4990/5368 4983/5361 4980/5356
f 4985/5363 4991/5369 4978/5354
f 4993/5370 4988/5371 4982/5359
f 4991/5369 4994/5372 4981/5358
f 4988/5373 4995/5374 4987/5366
f 4994/5372 4996/5375 4986/5364
f 4996/5375 4989/5367 4986/5364
f 4991/5369 4998/5376 4994/5372
f 4995/5374 4999/5377 4985/5363
f 5000/5378 4997/5379 4993/5370
f 4997/5380 5001/5381 4995/5374
f 5002/5382 4990/5368 4989/5367
f 5003/5383 4992/5384 4990/5368
f 4999/5377 5004/5385 4991/5369
f 5004/5385 5005/5386 4998/5376
f 5006/5387 5002/5382 4996/5375
f 5007/5388 5000/5378 4992/5384
f 5009/5389 5008/5390 5000/5378
f 5008/5391 5010/5392 5001/5381
f 5011/5393 5003/5383 5002/5382
f 5010/5392 5012/5394 4999/5377
f 5013/5395 5007/5388 5003/5383
f 5012/5394 5014/5396 5004/5385
f 5005/5386 5015/5397 5006/5387
f 5015/5397 5011/5393 5006/5387
f 5014/5396 5016/5398 5005/5386
f 5017/5399 5008/5390 5009/5389
f 5018/5400 5017/5399 5007/5388
f 5019/5401 5020/5402 5010/5392
f 5021/5403 5013/5395 5011/5393
f 5020/5402 5022/5404 5012/5394
f 5016/5398 5023/5405 5015/5397
f 5023/5405 5021/5403 5015/5397
f 5014/5396 5024/5406 5016/5398
f 5025/5407 5018/5400 5013/5395
f 5022/5404 5027/5408 5014/5396
f 5029/5409 5026/5410 5017/5399
f 5027/5408 5030/5411 5024/5406
f 5026/5412 5031/5413 5020/5402
f 5030/5411 5032/5414 5023/5405
f 5034/5415 5028/5416 5025/5407
f 5035/5417 5029/5409 5028/5416
f 5036/5418 5026/5410 5029/5409
f 5031/5413 5038/5419 5022/5404
f 5037/5420 5039/5421 5031/5413
f 5038/5419 5040/5422 5027/5408
f 5030/5411 5041/5423 5032/5414
f 5041/5423 5033/5424 5032/5414
f 5043/5425 5035/5417 5034/5415
f 5040/5422 5044/5426 5030/5411
f 5045/5427 5043/5425 5033/5424
f 5046/5428 5042/5429 5036/5418
f 5039/5421 5047/5430 5038/5419
f 5047/5430 5048/5431 5040/5422
f 5049/5432 5046/5428 5035/5417
f 5042/5433 5050/5434 5039/5421
f 5044/5426 5051/5435 5041/5423
f 5051/5435 5045/5427 5041/5423
f 5048/5431 5053/5436 5044/5426
f 5054/5437 5049/5432 5043/5425
f 5052/5438 5056/5439 5050/5434
f 5059/5440 5054/5437 5045/5427
f 5053/5436 5060/5441 5051/5435
f 5060/5441 5059/5440 5051/5435
f 5058/5442 5061/5443 5053/5436
f 5062/5444 5055/5445 5049/5432
f 5063/5446 5052/5447 5055/5445
f 5061/5443 5065/5448 5060/5441
f 5065/5448 5059/5440 5060/5441
f 5066/5449 5062/5444 5054/5437
f 5064/5450 5067/5451 5056/5439
f 5068/5452 5061/5443 5058/5442
f 5065/5448 5069/5453 5059/5440
f 5070/5454 5068/5452 5057/5455
f 5071/5456 5065/5448 5061/5443
f 5062/5444 5072/5457 5063/5446
f 5073/5458 5070/5454 5067/5451
f 5066/5449 5074/5459 5062/5444
f 5075/5460 5073/5458 5064/5450
f 5072/5457 5075/5461 5064/5462
f 5076/5463 5071/5456 5068/5452
f 5074/5459 5078/5464 5072/5457
f 5079/5465 5076/5463 5070/5454
f 5077/5466 5080/5467 5069/5453
f 5080/5467 5081/5468 5066/5449
f 5082/5469 5079/5465 5073/5458
f 5083/5470 5077/5466 5071/5456
f 5084/5471 5082/5469 5075/5460
f 5078/5464 5084/5472 5075/5461
f 5074/5459 5085/5473 5078/5464
f 5077/5466 5086/5474 5080/5467
f 5081/5468 5087/5475 5074/5459
f 5088/5476 5076/5463 5079/5465
f 5091/5477 5089/5478 5083/5470
f 5086/5474 5092/5479 5081/5468
f 5089/5478 5093/5480 5086/5474
f 5094/5481 5088/5476 5082/5469
f 5095/5482 5094/5481 5084/5471
f 5085/5473 5095/5483 5084/5472
f 5096/5484 5089/5478 5091/5477
f 5092/5479 5097/5485 5087/5475
f 5100/5486 5096/5484 5090/5487
f 5102/5488 5099/5489 5094/5481
f 5103/5490 5102/5488 5095/5482
f 5098/5491 5103/5492 5095/5483
f 5101/5493 5104/5494 5093/5480
f 5105/5495 5100/5486 5099/5489
f 5106/5496 5101/5493 5096/5484
f 5107/5497 5106/5496 5100/5486
f 5104/5494 5108/5498 5092/5479
f 5109/5499 5105/5495 5102/5488
f 5097/5485 5110/5500 5098/5491
f 5108/5498 5112/5501 5097/5485
f 5113/5502 5109/5499 5103/5490
f 5110/5500 5113/5503 5103/5492
f 5114/5504 5106/5496 5107/5497
f 5115/5505 5105/5495 5109/5499
f 5111/5506 5116/5507 5104/5494
f 5112/5501 5118/5508 5110/5500
f 5119/5509 5114/5504 5105/5495
f 5120/5510 5117/5511 5106/5496
f 5121/5512 5115/5505 5113/5502
f 5118/5508 5121/5513 5113/5503
f 5117/5511 5122/5514 5116/5507
f 5125/5515 5119/5509 5115/5505
f 5124/5516 5126/5517 5118/5508
f 5127/5518 5120/5510 5114/5504
f 5128/5519 5125/5515 5121/5512
f 5126/5517 5128/5520 5121/5513
f 5130/5521 5129/5522 5120/5510
f 5131/5523 5127/5518 5119/5509
f 5132/5524 5131/5523 5125/5515
f 5124/5516 5133/5525 5126/5517
f 5122/5514 5134/5526 5123/5527
f 5129/5522 5135/5528 5122/5514
f 5134/5526 5136/5529 5124/5516
f 5137/5530 5132/5524 5128/5519
f 5133/5525 5137/5531 5128/5520
f 5140/5532 5127/5518 5131/5523
f 5141/5533 5138/5534 5130/5521
f 5142/5535 5141/5533 5127/5518
f 5136/5529 5143/5536 5133/5525
f 5135/5528 5144/5537 5134/5526
f 5138/5534 5145/5538 5135/5528
f 5146/5539 5139/5540 5137/5530
f 5143/5536 5146/5541 5137/5531
f 5147/5542 5140/5532 5139/5540
f 5149/5543 5141/5533 5142/5535
f 5150/5544 5148/5545 5141/5533
f 5144/5537 5151/5546 5136/5529
f 5148/5545 5152/5547 5145/5538
f 5152/5547 5153/5548 5144/5537
f 5155/5549 5149/5543 5140/5532
f 5151/5546 5156/5550 5143/5536
f 5157/5551 5154/5552 5146/5539
f 5156/5550 5157/5553 5146/5541
f 5159/5554 5158/5555 5150/5544
f 5153/5548 5160/5556 5151/5546
f 5158/5555 5161/5557 5152/5547
f 5164/5558 5162/5559 5159/5554
f 5165/5560 5155/5549 5154/5552
f 5166/5561 5163/5562 5155/5549
f 5160/5556 5167/5563 5156/5550
f 5161/5557 5168/5564 5153/5548
f 5169/5565 5165/5560 5157/5551
f 5167/5563 5169/5566 5157/5553
f 5162/5559 5170/5567 5161/5557
f 5171/5568 5166/5561 5165/5560
f 5172/5569 5162/5559 5164/5558
f 5168/5564 5174/5570 5160/5556
f 5176/5571 5172/5569 5163/5562
f 5173/5572 5177/5573 5170/5567
f 5174/5570 5178/5574 5167/5563
f 5179/5575 5175/5576 5171/5568
f 5177/5573 5180/5577 5168/5564
f 5181/5578 5179/5575 5169/5565
f 5180/5577 5183/5579 5174/5570
f 5178/5574 5181/5580 5169/5566
f 5184/5581 5182/5582 5172/5569
f 5182/5582 5185/5583 5177/5573
f 5183/5579 5186/5584 5178/5574
f 5187/5585 5179/5575 5181/5578
f 5188/5586 5184/5581 5176/5571
f 5186/5584 5187/5587 5181/5580
f 5190/5588 5188/5586 5175/5576
f 5185/5583 5191/5589 5180/5577
f 5191/5589 5194/5590 5183/5579
f 5193/5591 5195/5592 5185/5583
f 5196/5593 5190/5588 5189/5594
f 5197/5595 5192/5596 5188/5586
f 5198/5597 5196/5593 5187/5585
f 5194/5590 5199/5598 5186/5584
f 5200/5599 5197/5595 5190/5588
f 5195/5592 5201/5600 5191/5589
f 5203/5601 5200/5599 5196/5593
f 4652/5602 4653/5603 5192/5596
f 4653/5603 4654/5604 5195/5592
f 5202/5605 4655/5606 5199/5598
f 5206/5607 5208/5608 5787/1634
f 5208/5608 5791/5609 5787/1634
f 5209/5610 5204/5611 5786/5612
f 5204/5613 5210/5614 5205/5615
f 5790/5616 5211/5617 5782/5618
f 5212/5619 5207/5620 5791/5609
f 5213/5621 5204/5611 5209/5610
f 5210/5614 5214/5622 5790/5616
f 5215/5623 5213/5621 5784/5624
f 5211/5617 5216/5625 5206/5607
f 5216/5625 5217/5626 5208/5608
f 5217/5626 5212/5619 5208/5608
f 5220/5627 5215/5623 5207/5620
f 5221/5628 5220/5627 5212/5619
f 5214/5622 5222/5629 5211/5617
f 5223/5630 5218/5631 5213/5621
f 5219/5632 5224/5633 5214/5622
f 5225/5634 5223/5630 5215/5623
f 5222/5629 5226/5635 5216/5625
f 5227/5636 5221/5628 5217/5626
f 5229/5637 5225/5634 5220/5627
f 5230/5638 5229/5637 5221/5628
f 5228/5639 5231/5640 5219/5632
f 5232/5641 5228/5642 5223/5630
f 5222/5629 5234/5643 5226/5635
f 5235/5644 5230/5638 5227/5636
f 5231/5640 5236/5645 5224/5633
f 5237/5646 5229/5637 5230/5638
f 5236/5645 5238/5647 5222/5629
f 5239/5648 5232/5641 5225/5634
f 5240/5649 5233/5650 5232/5641
f 5233/5651 5241/5652 5231/5640
f 5242/5653 5239/5648 5229/5637
f 5244/5654 5242/5653 5237/5646
f 5238/5647 5245/5655 5234/5643
f 5246/5656 5244/5654 5235/5644
f 5236/5645 5247/5657 5238/5647
f 5248/5658 5239/5648 5242/5653
f 5249/5659 5243/5660 5240/5649
f 5241/5652 5251/5661 5236/5645
f 5252/5662 5248/5658 5244/5654
f 5250/5663 5253/5664 5241/5652
f 5245/5655 5254/5665 5246/5656
f 5254/5665 5252/5662 5246/5656
f 5255/5666 5249/5659 5239/5648
f 5247/5657 5256/5667 5245/5655
f 5251/5661 5257/5668 5247/5657
f 5259/5669 5258/5670 5249/5659
f 5256/5667 5260/5671 5254/5665
f 5261/5672 5248/5658 5252/5662
f 5262/5673 5255/5666 5248/5658
f 5253/5664 5263/5674 5251/5661
f 5257/5668 5264/5675 5256/5667
f 5258/5676 5265/5677 5253/5664
f 5266/5678 5259/5669 5255/5666
f 5263/5674 5268/5679 5257/5668
f 5269/5680 5262/5673 5261/5672
f 5264/5675 5270/5681 5260/5671
f 5270/5681 5269/5680 5260/5671
f 5268/5679 5271/5682 5264/5675
f 5267/5683 5272/5684 5265/5677
f 5273/5685 5259/5669 5266/5678
f 5276/5686 5262/5673 5269/5680
f 5277/5687 5273/5685 5262/5673
f 5271/5682 5278/5688 5270/5681
f 5278/5688 5276/5686 5270/5681
f 5274/5689 5279/5690 5272/5684
f 5268/5679 5281/5691 5271/5682
f 5280/5692 5283/5693 5268/5679
f 5284/5694 5275/5695 5273/5685
f 5285/5696 5282/5697 5275/5695
f 5283/5693 5286/5698 5281/5691
f 5287/5699 5277/5687 5276/5686
f 5286/5698 5288/5700 5278/5688
f 5288/5700 5287/5699 5278/5688
f 5279/5690 5290/5701 5280/5692
f 5289/5702 5291/5703 5279/5690
f 5293/5704 5285/5696 5284/5694
f 5294/5705 5292/5706 5287/5699
f 5283/5693 5295/5707 5286/5698
f 5296/5708 5289/5709 5285/5696
f 5290/5701 5297/5710 5283/5693
f 5295/5707 5298/5711 5288/5700
f 5298/5711 5294/5705 5288/5700
f 5289/5702 5299/5712 5291/5703
f 5297/5710 5300/5713 5295/5707
f 5299/5712 5302/5714 5290/5701
f 5303/5715 5292/5706 5294/5705
f 5304/5716 5296/5708 5293/5704
f 5305/5717 5304/5716 5292/5706
f 5301/5718 5306/5719 5299/5712
f 5300/5713 5307/5720 5298/5711
f 5307/5720 5303/5715 5298/5711
f 5302/5714 5308/5721 5297/5710
f 5308/5721 5309/5722 5300/5713
f 5310/5723 5301/5724 5296/5708
f 5306/5719 5312/5725 5302/5714
f 5313/5726 5310/5723 5304/5716
f 5309/5722 5314/5727 5307/5720
f 5315/5728 5305/5717 5303/5715
f 5308/5721 5316/5729 5309/5722
f 5311/5730 5317/5731 5306/5719
f 5318/5732 5311/5733 5310/5723
f 5319/5734 5313/5726 5305/5717
f 5312/5725 5320/5735 5308/5721
f 5322/5736 5318/5732 5313/5726
f 5317/5731 5323/5737 5312/5725
f 5320/5735 5324/5738 5316/5729
f 5321/5739 5325/5740 5317/5731
f 5326/5741 5319/5734 5315/5728
f 5324/5738 5327/5742 5314/5727
f 5327/5742 5326/5741 5314/5727
f 5323/5737 5328/5743 5320/5735
f 5329/5744 5321/5745 5318/5732
f 5330/5746 5322/5736 5319/5734
f 5325/5740 5332/5747 5323/5737
f 5328/5743 5333/5748 5324/5738
f 5331/5749 5334/5750 5325/5740
f 5335/5751 5330/5746 5326/5741
f 5336/5752 5329/5744 5322/5736
f 5333/5748 5337/5753 5327/5742
f 5337/5753 5335/5751 5327/5742
f 5338/5754 5331/5755 5329/5744
f 5340/5756 5336/5752 5330/5746
f 5339/5757 5341/5758 5334/5750
f 5332/5747 5342/5759 5328/5743
f 5343/5760 5340/5756 5335/5751
f 5344/5761 5338/5754 5336/5752
f 5342/5759 5346/5762 5333/5748
f 5347/5763 5345/5764 5338/5754
f 5341/5758 5348/5765 5332/5747
f 5346/5762 5349/5766 5337/5753
f 5349/5766 5343/5760 5337/5753
f 5350/5767 5344/5761 5340/5756
f 5351/5768 5350/5767 5343/5760
f 5348/5765 5352/5769 5342/5759
f 5345/5770 5353/5771 5341/5758
f 5354/5772 5347/5763 5344/5761
f 5356/5773 5353/5771 5345/5770
f 5357/5774 5355/5775 5346/5762
f 5354/5772 5358/5776 5347/5763
f 5359/5777 5352/5769 5348/5765
f 5355/5775 5360/5778 5351/5768
f 5362/5779 5359/5777 5353/5771
f 5358/5776 5361/5780 5356/5781
f 5363/5782 5357/5774 5352/5769
f 5365/5783 5364/5784 5357/5774
f 5350/5767 5366/5785 5354/5772
f 5360/5778 5367/5786 5350/5767
f 5366/5785 5368/5787 5358/5776
f 5364/5784 5369/5788 5360/5778
f 5370/5789 5362/5779 5361/5790
f 5368/5787 5370/5791 5361/5780
f 5372/5792 5365/5783 5363/5782
f 5373/5793 5364/5784 5365/5783
f 5374/5794 5371/5795 5362/5779
f 5367/5786 5376/5796 5366/5785
f 5377/5797 5372/5792 5371/5795
f 5378/5798 5377/5797 5374/5794
f 5369/5788 5379/5799 5367/5786
f 5376/5796 5380/5800 5368/5787
f 5381/5801 5375/5802 5373/5793
f 5375/5802 5382/5803 5369/5788
f 5383/5804 5378/5798 5370/5789
f 5380/5800 5383/5805 5370/5791
f 5384/5806 5381/5801 5372/5792
f 5379/5799 5386/5807 5376/5796
f 5387/5808 5377/5797 5378/5798
f 5388/5809 5387/5808 5383/5804
f 5385/5810 5389/5811 5382/5803
f 5380/5800 5388/5812 5383/5805
f 5390/5813 5384/5806 5377/5797
f 5386/5807 5391/5814 5380/5800
f 5389/5811 5392/5815 5379/5799
f 5394/5816 5395/5817 5389/5811
f 5396/5818 5387/5808 5388/5809
f 5391/5814 5396/5819 5388/5812
f 5397/5820 5384/5806 5390/5813
f 5392/5815 5398/5821 5386/5807
f 5398/5821 5399/5822 5391/5814
f 5400/5823 5394/5816 5393/5824
f 5401/5825 5400/5823 5384/5806
f 5402/5826 5397/5820 5387/5808
f 5403/5827 5402/5826 5396/5818
f 5399/5822 5403/5828 5396/5819
f 5404/5829 5405/5830 5395/5817
f 5392/5815 5406/5831 5398/5821
f 5405/5830 5408/5832 5392/5815
f 5411/5833 5402/5826 5403/5827
f 5412/5834 5401/5825 5397/5820
f 5407/5835 5411/5836 5403/5828
f 5413/5837 5412/5834 5402/5826
f 5414/5838 5409/5839 5401/5825
f 5405/5830 5415/5840 5408/5832
f 5406/5831 5416/5841 5407/5835
f 5410/5842 5417/5843 5405/5830
f 5415/5840 5418/5844 5406/5831
f 5419/5845 5412/5834 5413/5837
f 5421/5846 5414/5838 5412/5834
f 5422/5847 5420/5848 5409/5839
f 5420/5848 5423/5849 5417/5843
f 5424/5850 5419/5845 5411/5833
f 5416/5841 5424/5851 5411/5836
f 5423/5849 5425/5852 5415/5840
f 5427/5853 5421/5846 5419/5845
f 5425/5852 5428/5854 5418/5844
f 5430/5855 5422/5847 5414/5838
f 5431/5856 5426/5857 5422/5847
f 5426/5857 5432/5858 5423/5849
f 5433/5859 5430/5855 5421/5846
f 5434/5860 5433/5859 5427/5853
f 5435/5861 5434/5860 5424/5850
f 5432/5858 5436/5862 5425/5852
f 5429/5863 5435/5864 5424/5851
f 5437/5865 5426/5857 5431/5856
f 5439/5866 5437/5865 5430/5855
f 5428/5854 5440/5867 5429/5863
f 5436/5862 5441/5868 5428/5854
f 5442/5869 5434/5860 5435/5861
f 5440/5867 5442/5870 5435/5864
f 5444/5871 5439/5866 5433/5859
f 5438/5872 5445/5873 5432/5858
f 5441/5868 5449/5874 5440/5867
f 5446/5875 5450/5876 5441/5868
f 5451/5877 5444/5871 5443/5878
f 5452/5879 5451/5877 5442/5869
f 5449/5874 5452/5880 5442/5870
f 5457/5881 5453/5882 5439/5866
f 5455/5883 5458/5884 5446/5875
f 5450/5876 5459/5885 5449/5874
f 5460/5886 5456/5887 5451/5877
f 5454/5888 5461/5889 5455/5883
f 5458/5884 5462/5890 5450/5876
f 5463/5891 5457/5881 5456/5887
f 5464/5892 5460/5886 5452/5879
f 5465/5893 5453/5882 5457/5881
f 5459/5885 5464/5894 5452/5880
f 5462/5890 5466/5895 5459/5885
f 5469/5896 5463/5891 5460/5886
f 5458/5884 5470/5897 5462/5890
f 5468/5898 5471/5899 5461/5889
f 5472/5900 5468/5898 5467/5901
f 5471/5899 5473/5902 5458/5884
f 5470/5897 5475/5903 5466/5895
f 5476/5904 5469/5896 5464/5892
f 5475/5903 5476/5905 5464/5894
f 5477/5906 5463/5891 5469/5896
f 5478/5907 5472/5900 5465/5893
f 5479/5908 5478/5907 5463/5891
f 5474/5909 5480/5910 5471/5899
f 5473/5902 5481/5911 5470/5897
f 5481/5911 5482/5912 5475/5903
f 5483/5913 5477/5906 5476/5904
f 5482/5912 5483/5914 5476/5905
f 5485/5915 5484/5916 5472/5900
f 5480/5910 5486/5917 5473/5902
f 5487/5918 5479/5908 5477/5906
f 5489/5919 5485/5915 5478/5907
f 5481/5911 5490/5920 5482/5912
f 5484/5916 5491/5921 5480/5910
f 5492/5922 5487/5918 5483/5913
f 5486/5917 5494/5923 5481/5911
f 5490/5920 5492/5924 5483/5914
f 5495/5925 5493/5926 5485/5915
f 5491/5921 5496/5927 5486/5917
f 5497/5928 5488/5929 5487/5918
f 5493/5926 5498/5930 5491/5921
f 5490/5920 5499/5931 5492/5924
f 5500/5932 5501/5933 5495/5925
f 5497/5928 5502/5934 5488/5929
f 5501/5933 5503/5935 5493/5926
f 5503/5935 5498/5930 5493/5926
f 5504/5936 5499/5931 5490/5920
f 5506/5937 5504/5936 5494/5923
f 5499/5938 5507/5939 5497/5928
f 5501/5933 5508/5940 5503/5935
f 5508/5940 5498/5930 5503/5935
f 5500/5932 5509/5941 5501/5933
f 5510/5942 5505/5943 5498/5930
f 5507/5939 5512/5944 5502/5934
f 5512/5944 5513/5945 5500/5932
f 5514/5946 5511/5947 5504/5936
f 5515/5948 5514/5946 5506/5937
f 5516/5949 5505/5943 5510/5942
f 5509/5941 5518/5950 5508/5940
f 5518/5950 5516/5949 5508/5940
f 5517/5951 5519/5952 5507/5939
f 5520/5953 5515/5948 5505/5943
f 5512/5944 5521/5954 5513/5945
f 5522/5955 5517/5956 5514/5946
f 5519/5952 5523/5957 5512/5944
f 5521/5954 5524/5958 5509/5941
f 5525/5959 5526/5960 5519/5952
f 5527/5961 5525/5962 5522/5955
f 5521/5954 5528/5963 5524/5958
f 5529/5964 5520/5953 5516/5949
f 5528/5963 5530/5965 5518/5950
f 5530/5965 5529/5964 5518/5950
f 5531/5966 5527/5961 5515/5948
f 5523/5957 5532/5967 5521/5954
f 5534/5968 5531/5966 5520/5953
f 5533/5969 5535/5970 5526/5960
f 5535/5970 5536/5971 5523/5957
f 5532/5967 5537/5972 5528/5963
f 5538/5973 5534/5968 5529/5964
f 5539/5974 5533/5975 5527/5961
f 5541/5976 5539/5974 5531/5966
f 5537/5972 5542/5977 5530/5965
f 5542/5977 5538/5973 5530/5965
f 5535/5970 5543/5978 5536/5971
f 5545/5979 5534/5968 5538/5973
f 5544/5980 5546/5981 5537/5972
f 5547/5982 5540/5983 5539/5974
f 5540/5984 5548/5985 5535/5970
f 5549/5986 5541/5976 5534/5968
f 5546/5981 5551/5987 5542/5977
f 5551/5987 5545/5979 5542/5977
f 5552/5988 5549/5986 5545/5979
f 5544/5980 5554/5989 5546/5981
f 5557/5990 5553/5991 5547/5982
f 5548/5985 5558/5992 5543/5978
f 5554/5989 5559/5993 5551/5987
f 5560/5994 5555/5995 5552/5988
f 5553/5996 5561/5997 5548/5985
f 5558/5992 5562/5998 5544/5980
f 5563/5999 5553/5991 5557/5990
f 5554/5989 5564/6000 5559/5993
f 5564/6000 5560/5994 5559/5993
f 5565/6001 5555/5995 5560/5994
f 5561/5997 5567/6002 5558/5992
f 5568/6003 5563/5999 5556/6004
f 5566/6005 5569/6006 5561/5997
f 5562/5998 5570/6007 5554/5989
f 5571/6008 5568/6003 5555/5995
f 5572/6009 5566/6010 5563/5999
f 5570/6007 5573/6011 5564/6000
f 5573/6011 5565/6001 5564/6000
f 5567/6002 5576/6012 5562/5998
f 5577/6013 5572/6009 5568/6003
f 5576/6012 5578/6014 5570/6007
f 5579/6015 5577/6013 5571/6008
f 5580/6016 5579/6015 5565/6001
f 5578/6014 5581/6017 5573/6011
f 5581/6017 5580/6016 5573/6011
f 5582/6018 5574/6019 5572/6009
f 5575/6020 5584/6021 5567/6002
f 5576/6012 5585/6022 5578/6014
f 5586/6023 5579/6015 5580/6016
f 5584/6021 5587/6024 5576/6012
f 5583/6025 5588/6026 5575/6020
f 5585/6022 5589/6027 5581/6017
f 5589/6027 5586/6023 5581/6017
f 5590/6028 5583/6029 5582/6018
f 5591/6030 5590/6028 5577/6013
f 5587/6024 5592/6031 5585/6022
f 5593/6032 5591/6030 5579/6015
f 5592/6031 5595/6033 5589/6027
f 5596/6034 5593/6032 5586/6023
f 5594/6035 5597/6036 5588/6026
f 5598/6037 5590/6028 5591/6030
f 5597/6036 5599/6038 5584/6021
f 5600/6039 5594/6040 5590/6028
f 5599/6038 5601/6041 5587/6024
f 5603/6042 5604/6043 5597/6036
f 5605/6044 5593/6032 5596/6034
f 5602/6045 5606/6046 5595/6033
f 5606/6046 5605/6044 5595/6033
f 5601/6041 5607/6047 5602/6045
f 5609/6048 5598/6037 5593/6032
f 5599/6038 5610/6049 5601/6041
f 5607/6047 5611/6050 5606/6046
f 5611/6050 5608/6051 5606/6046
f 5612/6052 5600/6039 5598/6037
f 5604/6043 5613/6053 5599/6038
f 5614/6054 5603/6055 5600/6039
f 5615/6056 5616/6057 5604/6043
f 5617/6058 5609/6048 5608/6051
f 5607/6047 5618/6059 5611/6050
f 5618/6059 5617/6058 5611/6050
f 5610/6049 5619/6060 5607/6047
f 5621/6061 5615/6062 5614/6054
f 5622/6063 5620/6064 5609/6048
f 5616/6057 5624/6065 5613/6053
f 5625/6066 5622/6063 5617/6058
f 5624/6065 5626/6067 5610/6049
f 5628/6068 5625/6066 5618/6059
f 5623/6069 5629/6070 5616/6057
f 5631/6071 5621/6061 5620/6064
f 5632/6072 5630/6073 5621/6061
f 5633/6074 5622/6063 5625/6066
f 5634/6075 5631/6071 5622/6063
f 5626/6067 5635/6076 5627/6077
f 5630/6078 5636/6079 5629/6070
f 5635/6076 5638/6080 5628/6068
f 5638/6080 5633/6074 5628/6068
f 5636/6079 5639/6081 5624/6065
f 5640/6082 5637/6083 5632/6072
f 5639/6081 5641/6084 5626/6067
f 5642/6085 5634/6075 5633/6074
f 5643/6086 5640/6082 5631/6071
f 5641/6084 5644/6087 5635/6076
f 5645/6088 5642/6085 5638/6080
f 5646/6089 5639/6081 5636/6079
f 5647/6090 5641/6084 5639/6081
f 5648/6091 5646/6089 5637/6092
f 5640/6082 5648/6093 5637/6083
f 5649/6094 5644/6087 5641/6084
f 5642/6085 5650/6095 5634/6075
f 5645/6088 5651/6096 5642/6085
f 5643/6086 5652/6097 5640/6082
f 5654/6098 5653/6099 5644/6087
f 5655/6100 5647/6090 5646/6089
f 5650/6095 5656/6101 5643/6086
f 5653/6099 5657/6102 5651/6096
f 5658/6103 5655/6100 5648/6091
f 5652/6097 5658/6104 5648/6093
f 5656/6101 5659/6105 5652/6097
f 5657/6102 5660/6106 5650/6095
f 5662/6107 5647/6090 5655/6100
f 5663/6108 5654/6098 5649/6094
f 5660/6106 5664/6109 5656/6101
f 5665/6110 5662/6107 5658/6103
f 5666/6111 5663/6108 5647/6090
f 5667/6112 5661/6113 5654/6098
f 5659/6105 5665/6114 5658/6104
f 5661/6113 5668/6115 5657/6102
f 5669/6116 5661/6113 5667/6112
f 5664/6109 5670/6117 5659/6105
f 5671/6118 5666/6111 5662/6107
f 5672/6119 5671/6118 5665/6110
f 5670/6117 5672/6120 5665/6114
f 5674/6121 5663/6108 5666/6111
f 5660/6106 5675/6122 5664/6109
f 5668/6115 5676/6123 5660/6106
f 5673/6124 5677/6125 5668/6115
f 5678/6126 5674/6121 5671/6118
f 5679/6127 5669/6116 5663/6108
f 5675/6122 5680/6128 5670/6117
f 5681/6129 5678/6126 5672/6119
f 5682/6130 5673/6124 5669/6116
f 5680/6128 5681/6131 5672/6120
f 5673/6124 5683/6132 5677/6125
f 5685/6133 5674/6121 5678/6126
f 5675/6122 5686/6134 5680/6128
f 5687/6135 5682/6130 5679/6127
f 5688/6136 5687/6135 5674/6121
f 5683/6132 5690/6137 5676/6123
f 5692/6138 5685/6133 5681/6129
f 5686/6134 5692/6139 5681/6131
f 5689/6140 5693/6141 5683/6132
f 5694/6142 5689/6140 5682/6130
f 5696/6143 5688/6136 5685/6133
f 5686/6134 5695/6144 5692/6139
f 5691/6145 5698/6146 5686/6134
f 5690/6137 5699/6147 5691/6145
f 5700/6148 5687/6135 5688/6136
f 5701/6149 5700/6148 5696/6143
f 5702/6150 5701/6149 5695/6151
f 5704/6152 5697/6153 5694/6142
f 5697/6153 5705/6154 5693/6141
f 5698/6146 5702/6155 5695/6144
f 5705/6154 5706/6156 5690/6137
f 5708/6157 5703/6158 5700/6148
f 5706/6156 5709/6159 5699/6147
f 5710/6160 5701/6149 5702/6150
f 5707/6161 5711/6162 5705/6154
f 5709/6159 5712/6163 5698/6146
f 5713/6164 5708/6157 5701/6149
f 5714/6165 5707/6161 5704/6152
f 5715/6166 5714/6165 5703/6158
f 5711/6162 5717/6167 5706/6156
f 5718/6168 5713/6164 5710/6160
f 5712/6163 5718/6169 5710/6170
f 5719/6171 5708/6157 5713/6164
f 5720/6172 5716/6173 5714/6165
f 5721/6174 5715/6166 5708/6157
f 5709/6159 5722/6175 5712/6163
f 5723/6176 5720/6172 5715/6166
f 5711/6162 5724/6177 5717/6167
f 5716/6173 5726/6178 5711/6162
f 5728/6179 5721/6174 5719/6171
f 5729/6180 5727/6181 5720/6172
f 5730/6182 5728/6179 5718/6168
f 5722/6175 5730/6183 5718/6169
f 5731/6184 5723/6176 5721/6174
f 5724/6177 5732/6185 5725/6186
f 5734/6187 5728/6179 5730/6182
f 5735/6188 5727/6181 5729/6180
f 5727/6181 5736/6189 5726/6178
f 5733/6190 5734/6191 5730/6183
f 5738/6192 5731/6184 5728/6179
f 5736/6189 5739/6193 5724/6177
f 5740/6194 5735/6188 5723/6176
f 5741/6195 5740/6194 5731/6184
f 5737/6196 5742/6197 5736/6189
f 5732/6185 5743/6198 5733/6190
f 5746/6199 5741/6195 5738/6192
f 5747/6200 5744/6201 5735/6188
f 5743/6198 5745/6202 5734/6191
f 5739/6193 5748/6203 5732/6185
f 5748/6203 5751/6204 5743/6198
f 5752/6205 5741/6195 5746/6199
f 5753/6206 5747/6200 5740/6194
f 5754/6207 5749/6208 5747/6200
f 5750/6209 5755/6210 5739/6193
f 5756/6211 5753/6206 5741/6195
f 5755/6210 5757/6212 5748/6203
f 5758/6213 5752/6205 5745/6214
f 5751/6204 5758/6215 5745/6202
f 5749/6208 5759/6216 5750/6209
f 5757/6212 5763/6217 5751/6204
f 5765/6218 5760/6219 5756/6211
f 5766/6220 5764/6221 5758/6213
f 5763/6217 5766/6222 5758/6215
f 5769/6223 5770/6224 5757/6212
f 5771/6225 5767/6226 5761/6227
f 5772/6228 5764/6221 5766/6220
f 5763/6217 5772/6229 5766/6222
f 5773/6230 5765/6218 5764/6221
f 5774/6231 5771/6225 5760/6219
f 5777/6232 5774/6231 5765/6218
f 5770/6224 5778/6233 5763/6217
f 5779/6234 5775/6235 5771/6225
f 5780/6236 5773/6230 5772/6228
f 5778/6233 5780/6237 5772/6229
f 5781/6238 5777/6232 5773/6230
f 5782/6239 5779/6234 5774/6231
f 5775/6235 5783/6240 5776/6241
f 5769/6223 5784/6242 5770/6224
f 5783/6240 5785/6243 5769/6223
f 5784/6242 5786/6244 5778/6233
f 5788/6245 5787/6246 5779/6234
f 5789/6247 5781/6238 5780/6236
f 5786/6244 5789/6248 5780/6237
f 5205/6249 5777/6232 5781/6238
f 5790/6250 5782/6239 5777/6232
f 5787/6246 5791/6251 5783/6240
f 5206/6252 5787/6246 5788/6245
f 5204/6253 5205/6249 5789/6247
f 5791/6251 5207/6254 5785/6243
f 5786/6244 5204/6255 5789/6248
f 5792/6256 5793/6257 5794/6258
f 5795/6259 5797/6260 5793/6257
f 5799/6261 5798/6262 5795/6259
f 5802/6263 5856/6264 5797/6260
f 5799/6261 5800/6265 5798/6262
f 5802/6263 5803/6266 5849/6267
f 5804/6268 5803/6266 5801/6269
f 5805/6270 5804/6268 5800/6265
f 5806/6271 5804/6268 5805/6270
f 5804/6268 5807/6272 5803/6266
f 5806/6271 5808/6273 5807/6272
f 5851/6274 5808/6275 5810/6276
f 5810/6276 5809/6277 5812/6278
f 5851/6274 5810/6276 5811/6279
f 5811/6279 5810/6276 5812/6278
f 5875/6280 5813/6281 5812/6282
f 5814/6283 5812/6282 5813/6281
f 5811/6279 5814/6284 5816/6285
f 5811/6279 5816/6285 5815/6286
f 5814/6283 5813/6281 5887/6287
f 5815/6286 5816/6285 5819/6288
f 5816/6285 5818/6289 5819/6288
f 5818/6290 5820/6291 5821/6292
f 5820/6291 5886/6293 5822/6294
f 5821/6292 5822/6294 5823/6295
f 5827/6296 5885/6297 5826/6298
f 5885/6297 5884/6299 5826/6298
f 5829/6300 5884/6299 5830/6301
f 5884/6299 5832/6302 5830/6301
f 5831/6303 5830/6301 5832/6302
f 5834/6304 5837/6305 5835/6306
f 5835/6306 5839/6307 5836/6308
f 5838/6309 5839/6307 5835/6306
f 5843/6310 5842/6311 5838/6309
f 5839/6307 5842/6311 5841/6312
f 5845/6313 5846/6314 5844/6315
f 5856/6264 5849/6267 5847/6316
f 5848/6317 5850/6318 5852/6319
f 5850/6318 5851/6274 5852/6319
f 5852/6319 5851/6274 5853/6320
f 5854/6321 5851/6274 5850/6318
f 5851/6274 5854/6321 5808/6275
f 5853/6320 5851/6274 5811/6279
f 5854/6321 5807/6322 5808/6275
f 5855/6323 5854/6324 5850/6325
f 5807/6272 5854/6324 5855/6323
f 5849/6267 5855/6323 5848/6326
f 5856/6264 5802/6263 5849/6267
f 5857/6327 5797/6260 5845/6328
f 5845/6328 5856/6264 5846/6329
f 5857/6330 5845/6313 5843/6310
f 5857/6330 5843/6310 5840/6331
f 5794/6258 5840/6331 5837/6305
f 5859/6332 5794/6258 5837/6305
f 5859/6332 5858/6333 5834/6304
f 5859/6332 5834/6304 5860/6334
f 5860/6334 5831/6303 5832/6302
f 5859/6332 5860/6334 5861/6335
f 5861/6335 5832/6302 5862/6336
f 5863/6337 5862/6336 5832/6302
f 5865/6338 5864/6339 5862/6336
f 5866/6340 5864/6339 5867/6341
f 5867/6341 5864/6339 5868/6342
f 5869/6343 5867/6341 5868/6342
f 5870/6344 5892/6345 5867/6341
f 5871/6346 5867/6341 5869/6343
f 5872/6347 5870/6344 5871/6346
f 5873/6348 5889/6349 5870/6344
f 5873/6348 5872/6347 5876/6350
f 5874/6351 5873/6348 5875/6280
f 5874/6352 5806/6271 5805/6270
f 5806/6353 5874/6351 5809/6354
f 5875/6280 5876/6350 5813/6281
f 5877/6355 5879/6356 5878/6357
f 5872/6347 5871/6346 5877/6355
f 5880/6358 5882/6359 5881/6360
f 5880/6358 5883/6361 5882/6359
f 5882/6362 5828/6363 5823/6295
f 5882/6362 5883/6364 5828/6363
f 5828/6363 5863/6337 5885/6297
f 5883/6361 5865/6338 5863/6337
f 5869/6343 5883/6361 5880/6358
f 5886/6365 5878/6357 5881/6360
f 5889/6366 5805/6270 5888/6367
f 5891/6368 5889/6366 5888/6367
f 5870/6344 5889/6349 5892/6345
f 5893/6369 5891/6368 5890/6370
f 5893/6369 5894/6371 5892/6345
f 5894/6371 5897/6372 5896/6373
f 5861/6335 5896/6373 5859/6332
f 5895/6374 5861/6335 5864/6339
f 5896/6373 5792/6256 5859/6332
f 5896/6373 5897/6372 5792/6256
f 5894/6371 5796/6375 5897/6372
f 5897/6372 5796/6375 5792/6256
f 5894/6371 5893/6369 5796/6375
f 5898/6376 5815/6286 5899/6377
f 5898/6376 5853/6320 5815/6286
f 5815/6286 5819/6288 5899/6377
f 5900/6378 5899/6377 5819/6288
f 5901/6379 5899/6377 5900/6378
f 5900/6380 5906/6381 5901/6382
f 5905/6383 5903/6384 5901/6379
f 5909/6385 5905/6383 5907/6386
f 5908/6387 5907/6386 5910/6388
f 5836/6308 5839/6307 5908/6387
f 5833/6389 5836/6308 5910/6388
f 5904/6390 5910/6391 5907/6392
f 5913/6393 5826/6298 5829/6300
f 5914/6394 5913/6393 5906/6381
f 5825/6395 5826/6298 5914/6394
f 5915/6396 5914/6394 5906/6381
f 5915/6396 5821/6292 5824/6397
f 5819/6398 5818/6290 5915/6396
f 5818/6290 5821/6292 5915/6396
f 5833/6399 5830/6301 5831/6400
f 5839/6307 5909/6385 5908/6387
f 5841/6312 5920/6401 5909/6385
f 5916/6402 5917/6403 5920/6401
f 5916/6402 5918/6404 5917/6403
f 5844/6315 5918/6404 5916/6402
f 5847/6405 5918/6404 5844/6315
f 5852/6319 5919/6406 5918/6404
f 5902/6407 5919/6406 5899/6377
f 5919/6406 5853/6320 5898/6376
f 5852/6319 5853/6320 5919/6406
f 5903/6384 5902/6407 5901/6379
f 5921/6408 5923/6409 5922/6410
f 5983/6411 5989/6412 5925/6413
f 5932/6414 5988/6415 5926/6416
f 5932/6414 5982/6417 5988/6415
f 5987/6418 5980/6419 5986/6420
f 5936/6421 5984/6422 5985/6423
f 5978/6424 5927/6425 5921/6426
f 5932/6414 5934/6427 5982/6417
f 5934/6427 5980/6419 5982/6417
f 5934/6427 5981/6428 5980/6419
f 5981/6428 5936/6421 5980/6419
f 5973/6429 5981/6428 5934/6427
f 5935/6430 5979/6431 5936/6421
f 5966/6432 5935/6430 5936/6421
f 5938/6433 5977/6434 5979/6431
f 5972/6435 5971/6436 5940/6437
f 5942/6438 5943/6439 5974/6440
f 5943/6439 5944/6441 5945/6442
f 5948/6443 5937/6444 5935/6430
f 5967/6445 5966/6432 5946/6446
f 5965/6447 5950/6448 5949/6449
f 5971/6436 5952/6450 5970/6451
f 5964/6452 5948/6443 5966/6432
f 5957/6453 5950/6448 5965/6447
f 5956/6454 5947/6455 5948/6443
f 5950/6448 5958/6456 5951/6457
f 5951/6457 5958/6456 5952/6450
f 5959/6458 5960/6459 5953/6460
f 5958/6461 5957/6462 5963/6463
f 5957/6462 5956/6464 5963/6463
f 5963/6465 5964/6452 5967/6445
f 5961/6466 5962/6467 5954/6468
f 5953/6460 5960/6459 5969/6469
f 5955/6470 5968/6471 5944/6441
f 5954/6468 5955/6470 5944/6441
f 5942/6438 5969/6469 5943/6439
f 5946/6446 5966/6432 5981/6428
f 5933/6472 5945/6442 5934/6427
f 5941/6473 5942/6438 5975/6474
f 5976/6475 5931/6476 5930/6477
f 5939/6478 5940/6437 5976/6475
f 5939/6478 5976/6475 5929/6479
f 5929/6479 5976/6475 5930/6477
f 5977/6480 5939/6478 5928/6481
f 5979/6431 5977/6434 5978/6424
f 5979/6431 5978/6424 5984/6422
f 5936/6421 5979/6431 5984/6422
f 5931/6476 5983/6411 5925/6413
f 5928/6481 5929/6479 5922/6410
f 5921/6408 5927/6482 5923/6409
f 5984/6422 5978/6424 5921/6426
f 5925/6483 5926/6484 5987/6485
f 5925/6483 5987/6485 5922/6486
f 5987/6485 5985/6487 5922/6486
f 5985/6423 5984/6422 5921/6426
f 5940/6437 5970/6451 5931/6476
f 6175/6585 6071/6586 6072/6587
f 6175/6585 6073/6588 6071/6586
f 6071/6586 6130/6589 6072/6590
f 6073/6588 6128/6591 6071/6586
f 6073/6588 6165/6592 6075/6593
f 6074/6594 6076/6595 6075/6593
f 6081/6596 6078/6597 6077/6598
f 6078/6597 6082/6599 6079/6600
f 6084/6601 6083/6602 6085/6603
f 6083/6604 6149/6605 6085/6606
f 6086/6607 6085/6606 6150/6608
f 6084/6601 6085/6603 6087/6609
f 6123/6610 6084/6601 6087/6609
f 6085/6606 6086/6607 6151/6611
f 6087/6609 6085/6603 6151/6612
f 6088/6613 6151/6612 6089/6614
f 6090/6615 6087/6609 6088/6613
f 6088/6613 6089/6614 6092/6616
f 6092/6616 6091/6617 6094/6618
f 6093/6619 6155/6620 6095/6621
f 6096/6622 6095/6621 6097/6623
f 6095/6621 6098/6624 6097/6623
f 6097/6623 6098/6624 6101/6625
f 6189/6626 6097/6623 6100/6627
f 6099/6628 6101/6625 6098/6624
f 6100/6627 6101/6625 6102/6629
f 6101/6625 6158/6630 6102/6629
f 6102/6629 6160/6631 6105/6632
f 6108/6633 6106/6634 6105/6632
f 6110/6635 6107/6636 6108/6633
f 6132/6637 6109/6638 6110/6635
f 6111/6639 6113/6640 6109/6638
f 6112/6641 6114/6642 6116/6643
f 6114/6642 6117/6644 6116/6643
f 6117/6644 6118/6645 6119/6646
f 6129/6647 6128/6591 6117/6648
f 6118/6649 6120/6650 6119/6651
f 6127/6652 6120/6650 6118/6649
f 6120/6653 6125/6654 6122/6655
f 6122/6655 6125/6654 6124/6656
f 6090/6615 6123/6610 6087/6609
f 6123/6610 6124/6656 6084/6601
f 6079/6600 6125/6657 6126/6658
f 6079/6600 6126/6658 6127/6652
f 6076/6595 6127/6652 6075/6593
f 6128/6591 6129/6647 6130/6589
f 6130/6659 6112/6641 6131/6660
f 6131/6660 6111/6639 6132/6637
f 6133/6661 6072/6587 6131/6660
f 6135/6662 6105/6632 6136/6663
f 6136/6663 6105/6632 6160/6631
f 6139/6664 6135/6662 6136/6663
f 6139/6664 6136/6663 6140/6665
f 6142/6666 6139/6664 6140/6665
f 6141/6667 6139/6664 6142/6666
f 6146/6668 6169/6669 6144/6670
f 6146/6668 6145/6671 6147/6672
f 6149/6605 6150/6608 6085/6606
f 6086/6607 6150/6608 6148/6673
f 6152/6674 6153/6675 6154/6676
f 6152/6674 6145/6671 6153/6675
f 6153/6675 6156/6677 6157/6678
f 6156/6679 6099/6628 6157/6680
f 6159/6681 6137/6682 6158/6630
f 6099/6628 6159/6681 6158/6630
f 6159/6681 6140/6665 6137/6682
f 6143/6683 6140/6665 6159/6681
f 6143/6683 6159/6681 6156/6677
f 6145/6671 6143/6683 6153/6675
f 6147/6672 6145/6671 6152/6674
f 6137/6682 6160/6631 6158/6630
f 6102/6629 6158/6630 6160/6631
f 6157/6680 6099/6628 6098/6624
f 6089/6684 6148/6673 6154/6676
f 6162/6685 6161/6686 6081/6596
f 6164/6687 6161/6686 6162/6685
f 6165/6592 6162/6685 6074/6594
f 6166/6688 6164/6687 6162/6685
f 6167/6689 6163/6690 6164/6687
f 6168/6691 6164/6687 6166/6688
f 6167/6689 6170/6692 6141/6667
f 6167/6689 6168/6691 6170/6692
f 6173/6693 6171/6694 6170/6692
f 6171/6694 6134/6695 6138/6696
f 6169/6669 6167/6689 6141/6667
f 6172/6697 6133/6661 6134/6695
f 6172/6697 6072/6587 6133/6661
f 6174/6698 6175/6585 6072/6587
f 6173/6693 6166/6688 6175/6585
f 6176/6699 6121/6700 6090/6615
f 6121/6700 6123/6610 6090/6615
f 6179/6701 6176/6699 6177/6702
f 6180/6703 6181/6704 6179/6705
f 6183/6706 6179/6701 6182/6707
f 6192/6708 6183/6706 6184/6709
f 6113/6640 6192/6708 6184/6709
f 6109/6638 6113/6640 6184/6709
f 6107/6636 6109/6638 6186/6710
f 6186/6711 6188/6712 6187/6713
f 6185/6714 6188/6712 6186/6711
f 6181/6704 6185/6714 6182/6715
f 6189/6626 6188/6712 6185/6714
f 6189/6626 6100/6627 6103/6716
f 6191/6717 6178/6718 6094/6618
f 6177/6702 6178/6718 6191/6717
f 6188/6712 6103/6716 6104/6719
f 6113/6640 6116/6643 6192/6708
f 6192/6708 6115/6720 6194/6721
f 6115/6720 6193/6722 6194/6721
f 6193/6722 6119/6646 6195/6723
f 6119/6646 6122/6655 6195/6723
f 6196/6724 6121/6700 6176/6699
f 6197/6725 6196/6724 6179/6701
f 6197/6725 6195/6723 6196/6724
f 6183/6706 6197/6725 6179/6701
f 6194/6721 6197/6725 6183/6706
f 6200/6726 6201/6727 6199/6728
f 6204/6729 6260/6730 6263/6731
f 6263/6731 6259/6732 6205/6733
f 6259/6732 6218/6734 6205/6733
f 6211/6735 6256/6736 6212/6737
f 6214/6738 6215/6739 6260/6730
f 6213/6740 6216/6741 6214/6738
f 6256/6736 6255/6742 6213/6740
f 6215/6739 6259/6732 6260/6730
f 6217/6743 6218/6734 6259/6732
f 6219/6744 6257/6745 6258/6746
f 6222/6747 6221/6748 6257/6749
f 6252/6750 6222/6751 6219/6744
f 6221/6748 6234/6752 6223/6753
f 6223/6753 6250/6754 6224/6755
f 6234/6752 6250/6754 6223/6753
f 6231/6756 6252/6750 6253/6757
f 6247/6758 6231/6756 6253/6757
f 6232/6759 6233/6760 6251/6761
f 6233/6760 6235/6762 6250/6754
f 6235/6762 6242/6763 6225/6764
f 6245/6765 6247/6758 6230/6766
f 6239/6767 6231/6756 6247/6758
f 6239/6767 6240/6768 6231/6756
f 6240/6769 6233/6760 6232/6759
f 6233/6760 6241/6770 6235/6762
f 6239/6771 6246/6772 6240/6773
f 6238/6774 6243/6775 6249/6776
f 6246/6777 6243/6775 6238/6774
f 6237/6778 6246/6777 6238/6774
f 6236/6779 6246/6777 6237/6778
f 6242/6763 6246/6777 6236/6779
f 6240/6769 6232/6759 6231/6780
f 6248/6781 6230/6766 6254/6782
f 6229/6783 6249/6776 6254/6782
f 6238/6774 6249/6776 6229/6783
f 6228/6784 6238/6774 6229/6783
f 6227/6785 6238/6774 6228/6784
f 6226/6786 6237/6778 6227/6785
f 6225/6764 6236/6779 6226/6786
f 6251/6761 6234/6752 6221/6748
f 6252/6787 6251/6761 6222/6747
f 6251/6761 6221/6748 6222/6747
f 6230/6766 6219/6744 6218/6734
f 6254/6782 6230/6766 6217/6743
f 6254/6782 6217/6743 6215/6739
f 6229/6783 6254/6782 6215/6739
f 6216/6741 6229/6783 6215/6739
f 6255/6742 6229/6783 6216/6741
f 6227/6785 6228/6784 6255/6742
f 6211/6735 6226/6786 6256/6736
f 6224/6755 6225/6764 6211/6735
f 6220/6788 6223/6753 6207/6789
f 6220/6788 6207/6789 6209/6790
f 6257/6745 6209/6791 6206/6792
f 6261/6793 6214/6738 6260/6730
f 6212/6737 6213/6740 6261/6793
f 6201/6727 6211/6735 6202/6794
f 6210/6795 6211/6735 6201/6727
f 6208/6796 6201/6727 6200/6726
f 6207/6789 6200/6726 6199/6728
f 6209/6790 6199/6728 6198/6797
f 6206/6792 6209/6791 6198/6798
f 6218/6734 6262/6799 6205/6733
f 6202/6800 6205/6801 6201/6802
f 6221/6748 6223/6753 6220/6788
f 6265/6803 6264/6804 6266/6805
f 6268/6806 6319/6807 6264/6804
f 6270/6808 6269/6809 6268/6806
f 6269/6809 6274/6810 6268/6806
f 6269/6809 6273/6811 6274/6810
f 6271/6812 6272/6813 6277/6814
f 6271/6812 6277/6814 6273/6811
f 6272/6813 6275/6815 6277/6814
f 6276/6816 6275/6815 6272/6813
f 6277/6814 6275/6815 6279/6817
f 6278/6818 6338/6819 6282/6820
f 6280/6821 6278/6822 6282/6823
f 6280/6821 6282/6823 6281/6824
f 6338/6819 6339/6825 6282/6820
f 6283/6826 6281/6824 6284/6827
f 6281/6824 6285/6828 6284/6827
f 6284/6827 6285/6828 6286/6829
f 6286/6830 6285/6831 6290/6832
f 6284/6827 6286/6829 6288/6833
f 6287/6834 6290/6835 6289/6836
f 6289/6836 6293/6837 6291/6838
f 6291/6838 6296/6839 6294/6840
f 6291/6838 6295/6841 6296/6839
f 6295/6841 6299/6842 6297/6843
f 6297/6843 6299/6842 6298/6844
f 6298/6844 6301/6845 6302/6846
f 6300/6847 6298/6844 6302/6846
f 6303/6848 6302/6849 6301/6845
f 6303/6848 6304/6850 6302/6849
f 6302/6849 6304/6850 6305/6851
f 6303/6848 6321/6852 6304/6850
f 6304/6850 6307/6853 6306/6854
f 6307/6853 6308/6855 6306/6854
f 6309/6856 6308/6855 6307/6853
f 6310/6857 6312/6858 6311/6859
f 6309/6856 6319/6860 6312/6858
f 6312/6861 6313/6862 6375/6863
f 6313/6862 6315/6864 6314/6865
f 6315/6866 6317/6867 6376/6868
f 6315/6866 6279/6869 6317/6867
f 6318/6870 6283/6826 6359/6871
f 6280/6821 6281/6824 6318/6870
f 6317/6867 6279/6869 6280/6821
f 6273/6811 6277/6814 6315/6864
f 6313/6862 6273/6811 6315/6864
f 6319/6807 6274/6810 6312/6861
f 6319/6860 6309/6856 6320/6872
f 6320/6872 6309/6856 6307/6853
f 6321/6852 6320/6872 6307/6853
f 6322/6873 6266/6805 6321/6852
f 6323/6874 6322/6873 6303/6848
f 6324/6875 6323/6874 6301/6845
f 6324/6875 6356/6876 6323/6874
f 6326/6877 6356/6876 6324/6875
f 6330/6878 6329/6879 6327/6880
f 6331/6881 6330/6878 6328/6882
f 6333/6883 6332/6884 6330/6878
f 6336/6885 6335/6886 6340/6887
f 6338/6819 6336/6885 6339/6825
f 6339/6825 6340/6887 6341/6888
f 6341/6888 6340/6887 6342/6889
f 6333/6883 6331/6881 6342/6889
f 6331/6881 6347/6890 6343/6891
f 6342/6889 6343/6891 6344/6892
f 6343/6893 6345/6894 6293/6837
f 6347/6890 6325/6895 6345/6894
f 6345/6894 6325/6895 6348/6896
f 6347/6890 6326/6877 6325/6895
f 6346/6897 6348/6896 6295/6841
f 6289/6836 6344/6898 6293/6837
f 6290/6832 6341/6888 6344/6892
f 6348/6896 6324/6875 6299/6842
f 6337/6899 6276/6816 6272/6813
f 6334/6900 6337/6899 6349/6901
f 6350/6902 6349/6901 6272/6813
f 6334/6903 6349/6904 6351/6905
f 6270/6808 6350/6902 6271/6812
f 6354/6906 6351/6907 6350/6902
f 6330/6878 6353/6908 6329/6879
f 6353/6909 6355/6910 6329/6879
f 6355/6910 6358/6911 6356/6876
f 6356/6876 6358/6911 6357/6912
f 6332/6884 6353/6908 6330/6878
f 6357/6912 6266/6805 6322/6873
f 6358/6911 6267/6913 6265/6803
f 6352/6914 6267/6913 6358/6911
f 6352/6914 6270/6808 6267/6913
f 6365/6915 6363/6916 6364/6917
f 6368/6918 6365/6915 6367/6919
f 6305/6851 6306/6854 6367/6919
f 6366/6920 6370/6921 6300/6847
f 6294/6840 6370/6921 6369/6922
f 6362/6923 6372/6924 6371/6925
f 6372/6924 6292/6926 6371/6925
f 6372/6924 6287/6834 6292/6926
f 6360/6927 6288/6928 6362/6923
f 6368/6918 6373/6929 6365/6915
f 6375/6930 6374/6931 6311/6859
f 6375/6930 6376/6868 6374/6931
f 6376/6868 6377/6932 6374/6931
f 6377/6932 6361/6933 6378/6934
f 6365/6915 6378/6934 6363/6916
f 6373/6929 6378/6934 6365/6915
f 6379/6935 6433/6936 6380/6937
f 6382/6938 6383/6939 6381/6940
f 6394/6941 6384/6942 6383/6939
f 6386/6943 6434/6944 6435/6945
f 6432/6946 6398/6947 6388/6948
f 6395/6949 6386/6943 6385/6950
f 6428/6951 6399/6952 6398/6947
f 6402/6953 6403/6954 6431/6955
f 6403/6954 6404/6956 6393/6957
f 6406/6958 6407/6959 6430/6960
f 6407/6959 6429/6961 6430/6960
f 6407/6959 6408/6962 6429/6961
f 6423/6963 6428/6951 6408/6962
f 6422/6964 6427/6965 6428/6951
f 6409/6966 6426/6967 6427/6968
f 6423/6963 6422/6964 6428/6951
f 6426/6967 6411/6969 6425/6970
f 6420/6971 6422/6964 6423/6963
f 6414/6972 6409/6973 6422/6964
f 6410/6974 6416/6975 6411/6969
f 6417/6976 6420/6977 6419/6978
f 6418/6979 6419/6978 6421/6980
f 6420/6977 6415/6981 6414/6982
f 6419/6983 6423/6963 6413/6984
f 6419/6983 6420/6971 6423/6963
f 6419/6983 6413/6984 6424/6985
f 6412/6986 6421/6987 6424/6985
f 6424/6985 6413/6984 6407/6959
f 6406/6958 6424/6985 6407/6959
f 6418/6988 6412/6986 6405/6989
f 6411/6969 6404/6956 6403/6954
f 6425/6970 6411/6969 6403/6954
f 6402/6953 6425/6970 6403/6954
f 6400/6990 6426/6967 6402/6953
f 6408/6962 6428/6951 6397/6991
f 6404/6956 6405/6989 6394/6941
f 6431/6955 6393/6957 6382/6938
f 6392/6992 6431/6955 6382/6938
f 6391/6993 6431/6955 6392/6992
f 6401/6994 6431/6955 6391/6993
f 6390/6995 6401/6994 6391/6993
f 6398/6947 6399/6952 6389/6996
f 6394/6941 6385/6950 6384/6942
f 6393/6957 6394/6941 6383/6939
f 6392/6992 6382/6938 6381/6940
f 6433/6997 6391/6993 6380/6998
f 6388/6948 6389/6996 6379/6935
f 6435/6999 6381/7000 6383/7001
f 6384/7002 6435/6999 6383/7001
f 6381/7000 6435/6999 6379/7003
f 6396/7004 6387/7005 6386/6943
f 6397/6991 6398/6947 6432/6946
f 6405/6989 6406/6958 6395/6949
f 6429/6961 6397/6991 6396/7004
f 7/21 15/9 8/8
f 14/2 19/37 17/7006
f 7/21 20/7 15/9
f 20/7 21/10 8/8
f 1/7007 22/12 2/14
f 19/37 23/38 17/7006
f 17/7006 23/38 5/7008
f 5/7008 24/24 6/25
f 6/25 33/18 366/20
f 21/10 28/16 9/11
f 13/7009 34/27 1/29
f 3/13 25/31 4/3
f 39/36 44/41 54/66 55/51
f 26/33 27/15 16/1
f 14/2 27/15 19/37
f 10/17 29/22 11/4
f 29/22 31/26 11/4
f 5/7008 23/38 24/24
f 12/6 36/30 13/7009
f 36/30 34/27 13/7009
f 32/23 40/44 25/31
f 25/31 38/34 26/33
f 38/34 39/36 27/15
f 20/7 35/32 21/10
f 22/12 40/44 32/23
f 29/22 41/39 31/26
f 31/26 49/46 18/5
f 18/5 49/46 36/30
f 25/31 43/45 38/34
f 23/38 45/42 24/24
f 37/35 46/49 35/32
f 22/12 47/47 40/44
f 35/32 48/7010 41/39
f 46/49 48/7010 35/32
f 39/36 45/42 23/38
f 33/18 42/40 30/19
f 40/44 50/48 43/45
f 38/34 53/50 44/41
f 33/18 51/53 42/40
f 47/47 52/55 50/48
f 53/50 54/66 44/41
f 48/7010 46/49 57/60 58/59
f 42/40 57/60 46/49
f 59/7011 41/39 48/7010 58/59
f 60/64 49/46 41/39 59/7011
f 61/61 36/30 49/46 60/64
f 86/7012 75/76 74/72 85/86
f 36/30 61/61 34/27
f 53/50 63/69 54/66
f 53/50 62/56 63/69
f 51/53 57/60 42/40
f 58/59 64/63 59/7011
f 59/7011 64/63 60/64
f 63/69 66/78 54/66
f 34/27 69/67 52/54
f 63/69 67/68 66/78
f 54/66 66/78 76/65
f 72/58 68/80 64/63
f 52/55 70/74 62/56
f 62/56 70/74 67/68
f 55/51 79/75 73/57
f 57/60 71/71 72/58
f 68/80 74/72 64/63
f 70/74 88/7013 67/68
f 51/53 81/84 71/71
f 68/80 82/85 74/72
f 75/76 87/99 65/62
f 80/70 91/83 51/53
f 93/90 82/85 78/79 92/102
f 75/76 86/7012 87/99
f 65/62 87/99 69/67
f 67/68 88/7013 77/77
f 77/77 83/81 76/65
f 79/75 90/88 84/82
f 87/99 89/98 69/67
f 83/81 99/7014 90/88
f 78/79 102/89 92/102
f 87/99 86/7012 94/94 95/106
f 85/86 94/94 86/7012
f 88/7013 70/74 96/96 97/101
f 89/87 96/96 70/74
f 77/77 88/7013 97/101 98/7015
f 99/7014 83/81 77/77 98/7015
f 108/108 101/92 91/83 117/7016
f 84/82 90/88 100/91
f 80/70 100/91 91/83
f 81/84 101/92 102/89
f 95/106 105/97 87/99
f 97/101 106/100 98/7015
f 99/7014 107/114 90/88
f 109/103 92/102 102/89 115/109
f 101/92 108/108 102/89
f 107/114 99/7014 98/7015 114/116
f 93/90 109/103 110/104
f 103/93 111/118 94/94
f 111/118 112/105 94/94
f 104/95 113/107 96/96
f 106/100 114/116 98/7015
f 117/7016 91/83 100/91 116/111
f 90/88 119/110 100/91
f 110/104 111/118 103/93
f 122/123 107/114 114/116 121/115
f 112/105 118/112 95/106
f 107/114 122/123 119/110
f 113/107 120/121 106/100
f 117/7016 116/111 142/133 148/163
f 115/109 125/120 109/103
f 123/117 124/119 111/118
f 112/105 124/119 118/112
f 120/121 126/131 121/115
f 121/115 126/131 133/136
f 121/115 133/136 122/123
f 141/145 108/108 117/7016 128/143
f 117/7016 148/163 128/143
f 105/97 118/112 131/129 132/154
f 129/125 135/139 115/109
f 115/109 135/139 125/120
f 125/120 136/142 110/104
f 123/117 130/127 124/119
f 104/113 105/97 132/154 127/7017
f 123/117 110/104 136/142 137/126
f 133/136 134/124 122/123
f 125/120 135/139 136/142
f 167/169 169/168 188/208 191/191
f 124/119 138/128 118/112
f 127/122 139/130 113/107
f 130/127 138/128 124/119
f 119/110 140/132 116/111
f 108/108 141/145 129/125
f 133/136 155/135 144/137
f 134/124 144/137 140/132
f 138/128 146/156 131/129
f 141/145 149/144 129/125
f 135/139 147/141 136/142
f 145/140 146/156 138/128
f 139/130 155/135 126/131
f 135/139 150/138 147/141
f 129/125 158/146 150/138
f 143/134 151/151 139/130
f 137/126 152/148 130/127
f 142/133 156/150 148/163
f 132/154 153/153 127/7017
f 150/138 159/157 147/141
f 131/129 157/159 132/154
f 157/159 169/152 132/154
f 152/148 162/155 145/140
f 150/138 158/146 159/157
f 146/156 160/158 131/129
f 156/150 163/161 148/163
f 148/163 172/162 128/143
f 155/135 161/7018 144/137
f 144/137 161/7018 154/147
f 170/160 161/7018 155/135
f 149/144 165/171 158/146
f 128/143 164/164 149/144
f 161/7018 171/176 154/147
f 149/144 176/165 165/171
f 159/157 168/167 152/148
f 153/149 177/170 151/151
f 170/160 171/176 161/7018
f 154/147 171/176 163/161
f 158/146 174/172 166/166
f 168/167 175/174 162/155
f 171/176 178/178 163/161
f 174/172 173/173 166/166
f 177/170 180/175 170/160
f 180/175 181/177 171/176
f 168/167 183/181 175/174
f 164/164 192/192 176/165
f 177/170 184/182 180/175
f 182/180 190/186 174/172
f 160/158 194/187 157/159
f 180/175 185/184 181/177
f 183/181 187/188 175/174
f 212/210 211/202 224/228 225/223
f 175/174 193/190 194/187
f 157/159 194/187 188/183
f 189/189 197/197 185/184
f 182/180 196/196 190/186
f 187/188 200/193 202/203
f 189/189 201/200 197/197
f 187/188 202/203 193/190
f 184/182 201/200 189/189
f 186/185 195/194 164/164
f 201/200 203/201 197/197
f 195/194 204/214 192/192
f 196/196 209/7019 200/193
f 192/192 204/214 198/195
f 204/214 207/207 198/195
f 191/191 208/209 213/199
f 203/201 205/205 199/198
f 205/205 206/206 186/185
f 196/196 207/207 209/7019
f 209/7019 211/202 200/193
f 193/190 212/210 210/204
f 214/211 216/221 203/201
f 207/207 230/227 209/7019
f 208/209 221/216 215/212
f 205/205 217/231 206/206
f 217/231 218/234 206/206
f 206/206 218/234 195/194
f 195/194 219/219 204/214
f 219/219 220/213 204/214
f 203/201 222/222 205/205
f 218/234 223/218 195/194
f 209/7019 231/226 211/202
f 211/202 231/226 224/228
f 241/236 232/224 215/212 244/240
f 227/217 216/221 214/211
f 188/208 229/238 221/216
f 226/220 229/7020 188/183
f 222/222 217/231 205/205
f 220/213 230/227 207/207
f 230/227 231/226 209/7019
f 227/217 232/224 216/221
f 216/221 232/224 236/237
f 216/221 236/237 222/222
f 220/213 233/247 230/227
f 236/237 237/230 222/222
f 225/223 242/232 228/215
f 221/216 243/239 215/212
f 220/213 239/235 233/247
f 233/247 240/241 230/227
f 230/227 240/241 235/225
f 237/230 238/233 217/231
f 248/244 219/219 223/218 247/267
f 224/228 245/242 234/229
f 218/234 250/268 223/218
f 250/268 247/267 223/218
f 256/7021 242/232 234/229 255/250
f 228/215 251/245 226/220
f 229/238 249/254 243/239
f 238/233 250/268 218/234
f 233/247 259/256 240/241
f 226/220 249/258 229/7020
f 243/239 253/248 244/240
f 241/236 254/249 236/237
f 245/242 240/241 259/256 260/253
f 242/232 256/7021 251/245
f 243/239 257/255 253/248
f 241/236 258/251 254/249
f 317/325 299/299 296/296 316/311
f 239/235 248/244 252/246
f 238/233 261/252 250/268
f 251/245 262/257 226/220
f 257/255 263/265 253/248
f 246/243 264/259 261/252
f 253/248 263/265 258/251
f 252/246 265/260 259/256
f 262/257 269/280 249/258
f 263/265 268/277 258/251
f 258/251 268/277 254/249
f 254/249 268/277 266/261
f 248/244 267/262 252/246
f 249/254 269/7022 257/255
f 265/260 272/263 260/253
f 256/7021 271/274 251/245
f 269/7022 278/264 257/255
f 261/252 270/266 250/268
f 255/250 271/274 256/7021
f 264/259 266/261 261/252
f 255/250 272/263 271/274
f 266/261 273/270 261/252
f 263/265 274/269 268/277
f 267/262 275/273 265/260
f 251/245 280/275 262/257
f 247/267 277/272 248/244
f 268/277 279/276 266/261
f 277/272 282/281 267/262
f 269/7022 283/304 278/264
f 279/276 281/278 266/261
f 271/274 286/282 280/275
f 282/281 285/284 275/273
f 273/270 287/285 284/283
f 293/287 289/288 274/269
f 284/283 298/290 270/266
f 276/271 292/293 286/282
f 283/304 293/287 278/264
f 290/289 287/285 281/278
f 276/271 294/292 292/293
f 280/275 305/7023 262/257
f 262/257 305/7023 283/279
f 247/267 296/296 277/272
f 277/272 296/296 291/291
f 280/275 297/295 305/7023
f 289/288 301/298 290/289
f 290/289 302/307 287/285
f 302/307 303/301 287/285
f 287/285 303/301 284/283
f 285/284 304/297 294/292
f 294/292 307/305 292/293
f 305/7024 306/303 283/304
f 284/283 315/302 298/290
f 292/293 309/313 300/300
f 301/298 308/306 290/289
f 307/305 309/313 292/293
f 300/300 311/315 295/294
f 310/328 312/308 306/303
f 302/307 313/309 314/310
f 318/336 304/297 299/299 317/325
f 306/303 305/7024 322/326 310/328
f 304/297 318/336 321/332
f 304/297 321/332 307/305
f 309/313 320/314 300/300
f 307/305 321/332 319/312
f 305/7023 297/295 337/333 341/7025
f 308/306 323/316 313/309
f 323/316 325/338 313/309
f 310/328 327/329 312/308
f 323/316 328/319 325/338
f 324/317 316/311 298/290
f 318/336 336/330 321/332
f 319/312 334/331 329/320
f 325/338 331/322 313/309
f 331/322 332/323 314/310
f 321/332 334/331 319/312
f 330/321 337/333 311/315
f 312/308 338/334 328/319
f 329/320 339/351 320/314
f 320/314 339/351 330/321
f 318/336 340/335 336/330
f 337/333 330/321 355/352 356/7026
f 305/7023 341/7025 322/7027
f 317/325 345/341 340/335
f 325/338 343/337 331/322
f 329/320 342/339 339/351
f 334/331 344/358 342/339
f 334/331 346/342 344/358
f 338/334 348/343 328/319
f 322/326 349/359 335/327
f 341/7025 349/7028 322/7027
f 345/341 350/348 340/335
f 327/329 351/344 338/334
f 351/344 352/361 338/334
f 338/334 352/361 348/343
f 348/343 362/353 343/337
f 344/358 353/349 342/339
f 347/340 360/356 332/323
f 337/333 356/7026 341/7025
f 333/324 363/360 357/347
f 350/348 365/355 340/335
f 17/367 5/7029 6/368
f 8/373 9/7030 10/7031
f 11/369 13/371 1/362
f 366/372 11/369 3/364
f 3/364 11/369 1/362
f 10/7031 11/369 8/373
f 351/7032 362/7033 352/7034
f 363/7035 364/7036 357/381
f 349/7037 341/376 351/7032
f 362/7033 351/7032 358/378
f 364/7036 359/379 357/381
f 365/7038 350/382 361/383
f 341/376 355/375 351/7032
f 355/375 358/378 351/7032
f 358/378 355/375 359/379
f 927/848 835/835 924/833 928/842
f 922/831 923/7078 924/833
f 923/7078 815/841 924/833
f 1235/834 924/833 835/835
f 926/840 925/837 836/839
f 926/840 836/839 1179/1259
f 815/841 929/843 928/842
f 929/843 931/845 928/842
f 939/846 927/848 928/842 931/845
f 929/843 810/1178 930/844
f 1236/849 932/836 927/848 1242/847
f 930/844 810/1178 840/1151 940/7079
f 933/850 1236/849 943/872
f 835/835 927/848 932/836
f 925/837 932/836 816/838
f 816/838 933/850 837/861
f 837/861 933/850 934/852
f 933/850 943/872 955/851
f 842/853 935/855 1237/857
f 1246/858 841/892 964/859
f 935/855 1246/858 936/856
f 934/852 1237/857 937/863
f 1237/857 936/856 838/864
f 836/839 816/838 839/860
f 839/860 816/838 837/861
f 937/863 1237/857 1238/865
f 1239/862 937/863 938/866
f 1238/865 838/864 812/909
f 931/845 930/844 940/7079 1240/867
f 1240/867 942/870 939/846
f 940/7079 840/1151 944/874 1240/867
f 1241/869 941/868 945/875 1243/876
f 1242/847 949/871 1236/849
f 944/874 941/868 1240/867
f 1242/847 942/870 946/877 949/871
f 1241/869 946/877 942/870
f 945/875 948/878 1243/876
f 946/877 1308/1289 949/871
f 946/877 1307/879 1308/1289
f 949/871 1308/1289 950/880
f 818/923 820/915 851/902 967/922
f 949/871 950/880 943/872
f 954/881 950/880 951/882
f 951/882 1306/884 952/885
f 953/887 1313/886 1305/888
f 1244/891 1305/888 817/890
f 956/883 952/885 953/887
f 943/872 954/881 955/851
f 954/881 956/883 842/853
f 1245/854 953/887 935/855
f 953/887 1244/891 1246/858
f 1246/858 1244/891 841/892
f 958/893 957/895 844/899
f 958/893 846/894 957/895
f 957/895 843/897 959/898
f 817/890 811/889 1191/900
f 846/894 1191/900 911/1276
f 846/894 911/1276 845/896
f 911/1276 909/1279 845/896
f 957/895 846/894 845/896
f 845/896 847/903 843/897
f 959/898 961/904 960/901
f 843/897 847/903 959/898
f 960/901 1048/905 853/907
f 960/901 961/904 1048/905
f 961/904 1049/1047 1048/905
f 838/864 1248/910 1247/908
f 1248/910 1249/919 962/911
f 962/911 1249/919 850/914
f 1249/919 848/912 850/914
f 848/912 820/915 963/913
f 850/914 963/913 849/918
f 936/856 964/859 1248/910
f 841/892 958/893 964/859
f 958/893 844/899 964/859
f 964/859 844/899 852/920
f 844/899 959/898 965/921
f 852/920 965/921 848/912
f 848/912 965/921 820/915
f 965/921 851/902 820/915
f 973/7080 974/939 987/938 989/961
f 820/915 818/923 966/916
f 851/902 960/901 967/922
f 966/916 818/923 819/917
f 968/1082 821/926 854/928
f 976/932 975/942 984/933
f 1277/935 856/930 855/931
f 854/928 970/927 969/929
f 971/937 1250/956 972/936
f 1250/956 987/938 972/936
f 976/932 969/929 972/936 974/939
f 975/942 976/932 974/939 973/7080
f 980/940 973/7080 989/961 998/970
f 975/942 977/941 978/945
f 973/7080 980/940 975/942
f 971/937 1070/1074 859/959 1250/956
f 980/940 998/970 1251/946
f 977/941 980/940 1251/946
f 977/941 1251/946 979/943
f 979/943 997/947 981/948
f 981/948 814/975 857/950
f 982/949 857/950 822/951
f 855/931 984/933 1252/952
f 1252/952 985/953 1279/7081
f 978/945 983/944 986/954
f 986/954 983/944 858/1002
f 983/944 822/951 858/1002
f 986/954 858/1002 985/953
f 985/953 858/1002 813/1004
f 992/963 993/962 990/1069 991/7082
f 859/959 1253/955 1250/956
f 824/957 990/1069 988/958
f 990/1069 993/962 988/958
f 988/958 861/965 996/960
f 1253/955 996/960 987/938
f 862/973 981/948 997/947 1001/972
f 988/958 993/962 861/965
f 860/964 992/963 994/968
f 861/965 994/968 995/966
f 998/970 996/960 997/947
f 997/947 999/971 1001/972
f 996/960 861/965 999/971
f 999/971 861/965 1000/967
f 862/973 1001/972 1000/967
f 1219/992 1012/991 1011/989 1220/990
f 981/948 862/973 814/975
f 1002/974 864/976 1005/982
f 1002/974 1005/982 1024/1013
f 1004/978 1003/977 1008/7083
f 864/976 1003/977 1004/978
f 1004/978 1008/7083 826/979
f 1005/982 864/976 1004/978
f 1005/982 1004/978 863/980
f 1008/7083 1003/977 825/985
f 826/979 1008/7083 825/985
f 826/979 825/985 1013/987
f 1010/988 1011/989 1012/991
f 1009/7084 1017/1000 1254/998 1012/991
f 1015/995 1014/993 1098/7085
f 1015/995 1098/7085 1266/7086
f 1019/994 1009/7084 1015/995
f 1009/7084 1012/991 1014/993
f 1009/7084 1014/993 1015/995
f 1018/996 1015/995 1266/7086
f 863/980 1016/999 1029/997
f 863/980 826/979 1010/988
f 1018/996 865/7087 1020/1001 1019/994
f 1017/1000 1009/7084 1019/994
f 869/1014 870/1012 1024/1013 1026/981
f 1028/1019 1016/999 1020/1001
f 1016/999 1017/1000 1020/1001
f 1030/7088 1020/1001 865/7087
f 858/1002 1022/1005 1021/1003
f 1021/1003 1022/1005 867/1010
f 1022/1005 868/1008 867/1010
f 822/951 1023/1006 1022/1005
f 857/950 1025/1011 1023/1006
f 1023/1006 870/1012 866/1007
f 814/975 1002/974 1025/1011
f 1025/1011 1024/1013 870/1012
f 1035/1020 1255/1015 1026/981 1029/997
f 866/1007 869/1014 827/1009
f 1257/1016 1028/1019 1027/1017
f 1035/1020 1257/1016 1256/1018
f 869/1014 1026/981 1255/1015
f 1258/1023 1027/1017 1028/1019 1031/1021
f 1029/997 1016/999 1257/1016
f 1028/1019 1020/1001 1031/1021
f 1031/1021 1020/1001 1030/7088
f 1031/1021 1030/7088 1032/1024
f 1072/7089 1071/1084 1046/1039 829/1080
f 1033/1022 1032/1024 871/1026
f 827/1009 1034/1028 1284/7090
f 1034/1028 1256/1018 1157/1027
f 827/1009 1255/1015 1034/1028
f 1027/1017 1258/1023 902/1030
f 1258/1023 1033/1022 1158/1029
f 902/1030 1158/1029 1285/7091
f 818/923 1042/1033 1037/925
f 1037/925 872/1034 1038/1031
f 1039/906 1041/1036 1259/1035
f 1259/1035 1041/1036 1040/1038
f 1259/1035 1040/1038 1042/1033
f 1042/1033 1040/1038 872/1034
f 1040/1038 874/1041 829/1080
f 1040/1038 829/1080 1046/1039
f 1043/1040 873/1042 874/1041
f 872/1034 1047/1077 1038/1031
f 1044/1044 1045/1043 1054/7092 1056/1057
f 872/1034 1046/1039 1047/1077
f 1048/905 1049/1047 1051/1045
f 1048/905 1051/1045 1041/1036
f 1051/1045 1049/1047 1050/1049
f 1051/1045 1050/1049 875/1046
f 961/904 847/903 1049/1047
f 1049/1047 847/7093 1052/1048
f 1052/1048 847/7093 913/7094
f 1050/1049 1052/1048 875/1046
f 1260/1050 1195/1051 1325/1052
f 1261/1055 1263/1053 1060/7095
f 828/1037 875/1046 1053/1056
f 1053/1056 1260/1050 1262/1054
f 1054/7092 1261/1055 1060/7095
f 873/1042 1262/1054 1261/1055
f 873/1042 1261/1055 1054/7092
f 873/1042 1054/7092 1045/1043
f 1063/1066 1059/1061 1060/7095 1263/1053
f 1056/1057 1054/7092 1057/1059
f 1054/7092 1060/7095 1057/1059
f 1059/1061 1065/1072 876/1062
f 1055/1060 876/1062 1058/1064
f 829/1080 874/1041 1044/1044 1074/1078
f 1057/1059 1060/7095 1059/1061
f 1263/1053 1325/1052 1061/1065
f 1063/1066 1062/1067 1059/1061
f 1059/1061 1064/1068 1065/1072
f 1062/1067 991/7082 990/1069
f 1064/1068 824/957 1069/1073
f 1068/1063 1067/1071 1076/1075
f 1066/1070 1069/1073 1067/1071
f 1069/1073 824/957 859/959
f 1067/1071 859/959 1070/1074
f 1046/1039 1071/1084 878/1076
f 829/1080 1264/1083 1072/7089
f 829/1080 877/1079 1264/1083
f 1076/1075 1075/1081 1058/1064 1068/1063
f 1044/1044 1073/1058 1074/1078
f 1073/1058 1075/1081 1074/1078
f 1073/1058 1058/1064 1075/1081
f 877/1079 1075/1081 821/926
f 831/1101 1077/1085 1082/1096 880/1099
f 1076/1075 1070/1074 971/937
f 1071/1084 1072/7089 854/928
f 1072/7089 1264/1083 968/1082
f 854/928 1072/7089 968/1082
f 1071/1084 854/928 856/930
f 871/7096 1079/1090 1159/7097
f 871/7096 1036/1094 1079/1090
f 1036/1094 1080/1087 1079/1090
f 1036/1094 1077/1085 1080/1087
f 1077/1085 831/1101 1078/1086
f 1080/1087 1078/1086 1265/1089
f 1032/7098 1030/1092 1036/1094
f 1082/1096 879/1095 1081/1098
f 881/1093 1082/1096 1077/1085
f 1086/7099 1084/1100 880/1099 1081/1098
f 1085/1104 1083/1103 1084/1100 1086/7099
f 830/1110 1091/1156 1093/1155 1088/1109
f 1083/1103 1085/1104 1087/1106
f 1087/1106 1107/1105 1112/1107
f 883/1102 1083/1103 1088/1109
f 1088/1109 1087/1106 882/1108
f 831/1101 883/1102 1089/1088
f 1092/1111 1089/1088 1093/1155
f 1089/1088 883/1102 1093/1155
f 1093/1155 883/1102 1088/1109
f 1102/7100 1103/1124 1267/1121 1099/7101
f 879/1095 865/1113 886/1115
f 865/1113 1018/1116 1095/1114
f 1095/1114 1097/1117 884/1123
f 1095/1114 884/1123 886/1115
f 886/1115 884/1123 885/1118
f 885/1118 884/1123 1101/1127
f 879/1095 886/1115 1096/1097
f 1096/1097 886/1115 885/1118
f 1018/1116 1266/1120 1097/1117
f 1097/1117 1267/1121 1100/1122
f 1266/1120 1098/7102 1099/7101
f 1267/1121 1266/1120 1099/7101
f 1105/7103 1103/1124 1102/7100 1104/7104
f 884/1123 1100/1122 887/1125
f 1101/1127 884/1123 887/1125
f 1101/1127 887/1125 888/1137
f 1105/7103 888/1137 887/1125 1103/1124
f 1108/1119 1086/7099 1081/1098 1096/1097
f 1101/1127 888/1137 1106/1128
f 1107/1105 1085/1104 1086/7099 1108/1119
f 1108/1119 885/1118 1110/1126
f 889/1138 888/1137 1105/7103 1118/1139
f 1110/1126 1101/1127 1106/1128
f 1112/1107 1111/1130 1113/1132
f 1111/1130 1109/1129 1114/1131
f 1114/1131 1115/1136 1116/1133
f 1113/1132 1121/1135 1275/1175
f 1106/1128 1114/1131 1109/1129
f 888/1137 889/1138 1114/1131
f 1105/7103 1104/7104 1118/1139
f 1122/1140 1118/1139 1268/7105 1117/1144
f 1104/7104 1268/7105 1118/1139
f 1276/1177 1135/1176 1123/1152 810/1178
f 1114/1131 1271/1134 1115/1136
f 1271/1134 1122/1140 891/1149
f 1117/1144 1269/1141 1119/1143
f 1311/1145 1310/1146 1269/1141
f 1310/1146 1198/1148 1270/1147
f 1198/1148 947/873 944/874
f 1121/1135 891/1149 890/1154
f 1272/1150 1120/1142 1123/1152
f 1122/1140 1119/1143 1272/1150
f 1120/1142 1270/1147 840/1151
f 891/1149 1272/1150 1273/1153
f 1123/1152 840/1151 810/1178
f 894/1162 1094/1112 1124/1157
f 1094/1112 1092/1111 1124/1157
f 1092/1111 1093/1155 1124/1157
f 1124/1157 1091/1156 892/1165
f 1091/1156 830/1110 892/1165
f 1124/1157 892/1165 1126/1158
f 1126/1158 892/1165 1125/1161
f 894/1162 1124/1157 893/1160
f 830/1110 882/1108 1127/1166
f 892/1165 895/1164 1131/1168
f 882/1108 1112/1107 1127/1166
f 1127/1166 1112/1107 1128/1167
f 1131/1168 1128/1167 1129/1169
f 1129/1169 1113/1132 1275/1175
f 892/1165 1131/1168 1125/1161
f 1130/1170 1129/1169 1275/1175
f 1125/1161 1131/1168 1130/1170
f 1139/1172 1133/1171 1132/1174
f 1130/1170 1275/1175 1133/1171
f 1132/1174 1134/1173 1135/1176
f 1133/1171 1275/1175 1134/1173
f 890/1154 1273/1153 1135/1176
f 1273/1153 1123/1152 1135/1176
f 896/7106 1138/1182 1274/7107 1137/1163
f 1136/1179 1135/1176 929/843
f 1139/1172 896/7106 1137/1163 1140/1159
f 1140/1159 1125/1161 1139/1172
f 1125/1161 1130/1170 1139/1172
f 1280/1190 823/1186 1252/7108 1279/1193
f 896/7106 1139/1172 1141/1180
f 1139/1172 1132/1174 1141/1180
f 1141/1180 1136/1179 815/841
f 1142/1181 815/841 923/7078
f 1138/1182 896/7106 1141/1180
f 1278/1188 1143/1187 1144/7109
f 878/1185 1277/1184 897/1208
f 1277/1184 1278/1188 897/1208
f 1152/1203 1281/1201 898/1196 1145/1195
f 1146/1189 1280/1190 1147/1194
f 985/7110 813/1191 1279/1193
f 1147/1194 1280/1190 1145/1195
f 1280/1190 1154/1192 1145/1195
f 1146/1189 1147/1194 898/1196
f 1143/1187 1146/1189 1149/1197
f 1144/7109 1143/1187 1148/1198
f 1149/1197 1146/1189 898/1196
f 1144/7109 1148/1198 1151/1200
f 1148/1198 898/1196 1150/1199
f 1297/1209 1144/7109 1151/1200
f 1297/1209 897/1208 1278/1188 1144/7109
f 1152/1203 1163/1202 899/1204
f 1281/1201 1152/1203 1153/1206
f 1150/1199 1281/1201 1298/1207
f 900/1214 1154/1192 1021/7111 867/1212
f 878/1185 1183/1211 1047/1267
f 813/1191 1021/7111 1154/1192
f 1286/1223 1285/7112 1158/7113 1159/1231
f 867/1212 827/1218 1155/1213
f 900/1214 1155/1213 1290/1215
f 1154/1192 900/1214 1156/1217
f 1157/1220 1027/7114 902/1221
f 1284/1219 1034/7115 1157/1220
f 871/7116 1159/1231 1158/7113
f 903/1233 1289/1249 1287/1226 901/1224
f 1285/7112 1286/1223 902/1221
f 1290/1215 1284/1219 832/1225
f 1160/1222 902/1221 901/1224
f 832/1225 1157/1220 1160/1222
f 904/1227 1160/1222 1161/1228
f 1286/1223 1159/1231 1288/1230
f 1079/7117 1090/1229 1159/1231
f 1286/1223 1288/1230 1162/1234
f 1288/1230 1094/1232 894/1250
f 903/1233 1286/1223 1170/1235
f 1161/1228 1287/1226 1289/1249
f 1291/7118 1163/1202 1145/1195 1156/1217
f 1292/1237 899/1204 1163/1202 1291/7118
f 904/1227 1164/1240 1290/1215 832/1225
f 1164/1240 1291/7118 1156/1217 1283/1216
f 905/1238 1292/1237 1291/7118 1164/1240
f 1283/1216 1290/1215 1164/1240
f 1164/1240 904/1227 1166/1236
f 1235/834 1178/1261 1176/1257 1174/1256
f 899/1204 1292/1237 1165/1239
f 1169/1245 1165/1239 1168/1243
f 906/1244 899/1204 1169/1245
f 899/1204 1165/1239 1169/1245
f 1165/1239 905/1238 1167/1241
f 1169/1245 1168/1243 907/1263
f 1166/1236 1161/1228 1293/1248
f 1289/1249 903/1233 1294/1251
f 1162/1234 1288/1230 894/1250
f 1294/1251 1170/1235 1171/1253
f 1170/1235 894/1250 1274/1252
f 1274/1252 894/1250 1137/7119
f 1171/1253 1274/1252 1138/1254
f 1289/1249 1294/1251 1177/1260
f 1167/1241 1293/1248 1172/1255
f 1173/1247 1289/1249 1174/1256
f 833/1242 1172/1255 1175/1258
f 1175/1258 1172/1255 1176/1257
f 1238/865 812/909 1182/1265 1295/1264
f 1175/1258 1176/1257 1178/1261
f 1177/1260 1138/1254 1142/7120
f 1174/1256 1177/1260 1234/832
f 1177/1260 1142/7120 923/830
f 1235/834 1234/832 922/831
f 1179/1259 1178/1261 926/840
f 926/840 1178/1261 835/835
f 907/1263 1168/1243 1181/1262
f 16/1 4/3 25/31 26/33
f 1180/1246 1169/1245 1295/1264
f 1295/1264 907/1263 938/866
f 1168/1243 833/1242 1181/1262
f 907/1263 1181/1262 839/860
f 938/866 907/1263 1239/862
f 1188/1273 908/1268 1296/1210 1297/1209
f 1296/1210 1185/924 1183/1211
f 1183/1211 1185/924 1038/1266
f 906/1244 1299/1271 1282/1205 899/1204
f 1151/1200 1150/1199 1186/1270
f 1189/7121 1187/7122 1186/1270 1301/1272
f 1153/1206 1282/1205 1299/1271
f 1186/1270 1153/1206 1301/1272
f 1299/1271 906/1244 1180/1246
f 1187/7122 1188/1273 1297/1209 1186/1270
f 1182/1265 812/909 1301/1272 1180/1246
f 1300/1274 1188/1273 849/918
f 812/909 1190/1275 1189/7121 1301/1272
f 1190/1275 849/918 1188/1273 1187/7122
f 1187/7122 1189/7121 1190/1275
f 1247/908 962/911 1190/1275 812/909
f 910/1277 1191/900 811/889 1193/1281
f 849/918 1190/1275 850/914
f 819/917 1300/1274 849/918
f 1184/1269 819/917 1185/924
f 847/903 845/896 909/1279
f 1205/1317 1197/1287 1306/884 1196/1290
f 1191/900 910/1277 911/1276
f 909/1279 911/1276 1192/1278
f 910/1277 912/1282 1192/1278
f 1193/1281 1303/1284 912/1282
f 1302/1283 1194/1313 1303/1284
f 1052/7123 913/1286 1195/7124
f 952/885 1197/1287 1313/886
f 1305/888 1313/886 1193/1281
f 1307/879 1314/1294 1196/1290
f 1309/1291 948/878 947/873 1198/1303
f 950/880 1308/1289 1306/884
f 1243/876 914/1293 1307/879
f 914/1293 1243/876 948/878 1309/1291
f 1312/1309 1311/1304 1117/7125 1268/7126
f 1309/1291 1198/1303 1199/1292
f 1308/1289 1307/879 1196/1290
f 914/1293 1199/1292 1314/1294
f 1200/1295 1204/1299 1315/1296
f 1199/1292 1319/1298 1204/1299
f 1198/1303 1202/1302 1199/1292
f 1310/1301 1311/1304 1202/1302
f 916/1316 1206/1314 1315/1296 1317/1300
f 1311/1304 1312/1309 1201/1305
f 1268/7126 1104/1307 1312/1309
f 1312/1309 1321/1308 1201/1305
f 915/1297 1203/1311 1319/1298
f 1202/1302 1213/1310 1203/1311
f 1197/1287 1205/1317 1316/1288
f 1313/886 1316/1288 1194/1313
f 1314/1294 1315/1296 1206/1314
f 1196/1290 1206/1314 1205/1317
f 1207/1318 1316/1288 1206/1314 916/1316
f 1204/1299 1209/1312 1317/1300
f 1318/1324 1212/1350 918/1320 1211/1322
f 916/1316 1208/1315 1207/1318
f 1208/1315 918/1320 1212/1350
f 1208/1315 1212/1350 917/1319
f 1317/1300 918/1320 1208/1315
f 1209/1312 1210/1321 918/1320
f 1210/1321 834/1338 1211/1322
f 1210/1321 1209/1312 1319/1298 1215/1329
f 1212/1350 1318/1324 921/1327
f 834/1338 1210/1321 1215/1329 1323/1336
f 1201/1305 1214/1330 1320/1306
f 1104/1307 1102/1331 1321/1308
f 1214/1330 1321/1308 1099/1332
f 1213/1310 919/1333 1322/1328
f 1322/1328 1216/1334 1215/1329
f 1007/1337 1323/1336 1217/1335 1220/1343
f 1215/1329 1217/1335 1323/1336
f 825/7127 1007/1337 1220/1343 1013/7128
f 919/1333 1214/1330 1218/1339
f 1218/1339 1099/1332 1098/1342
f 1216/1334 919/1333 1014/1340
f 1217/1335 1216/1334 1219/1341
f 995/1354 920/1326 1222/1325 1324/7129
f 1318/1324 1222/1325 920/1326
f 1221/1323 1223/1344 1222/1325
f 834/1338 1007/1337 1221/1323
f 1221/1323 1007/1337 1223/1344
f 1230/1358 1195/7124 1225/1346 1232/1361
f 1222/1325 1006/1345 1324/7129
f 1195/7124 1230/1358 1325/7130
f 913/1286 1225/1346 1195/7124
f 1366/1440 1348/1762 1458/1435 1457/1434
f 1225/1346 1229/1351 1232/1361
f 1325/7130 1230/1358 1061/1360
f 1304/1285 1226/1347 1224/1280
f 1303/1284 1227/1348 912/1282
f 1207/1318 917/1319 1227/1348
f 1227/1348 1228/1349 1226/1347
f 917/1319 1212/1350 1228/1349
f 1226/1347 1228/1349 1229/1351
f 1228/1349 921/1327 1229/1351
f 1229/1351 1326/1352 1232/1361
f 1326/1352 1327/1353 1233/1356
f 1327/1353 995/1354 994/1357
f 1061/1360 1231/1359 1062/1363
f 1326/1352 1233/1356 1232/1361
f 1233/1356 992/1355 991/1362
f 1351/1368 1427/1367 1428/1370
f 1351/1368 1428/1370 1335/1387
f 1426/1365 1429/1688 1427/1367
f 1429/1688 1430/1373 1431/1371
f 1427/1367 1429/1688 1431/1371
f 1328/1374 1352/1376 1431/1371
f 1433/1369 1334/1377 1353/1378
f 1427/1367 1702/1372 1433/1369
f 1428/1370 1433/1369 1434/1379
f 1434/1379 1353/1378 1355/1381
f 1353/1378 1334/1377 1435/1380
f 1435/1380 1437/1383 1355/1381
f 1354/1382 1448/1410 1437/1383
f 1437/1383 1329/1411 1436/1437
f 1355/1381 1437/1383 1439/1385
f 1437/1383 1436/1437 1438/1384
f 1428/1370 1357/1388 1356/1386
f 1434/1379 1355/1381 1357/1388
f 1441/1392 1352/1376 1328/1374
f 1441/1392 1705/1391 1352/1376
f 1705/1391 1358/1396 1704/1393
f 1707/1394 1444/1397 1703/1395
f 1352/1376 1704/1393 1702/1372
f 1704/1393 1703/1395 1432/1375
f 1703/1395 1446/1398 1334/1377
f 1677/1401 1675/7131 1444/1397
f 1358/1396 1677/1401 1707/1394
f 1447/1403 1708/1402 1739/1404
f 1359/1405 1739/1404 1737/1406
f 1445/1407 1737/1406 1669/1408
f 1334/1377 1446/1398 1435/1380
f 1447/1403 1359/1405 1446/1398
f 1446/1398 1359/1405 1354/1382
f 1354/1382 1445/1407 1448/1410
f 1329/1411 1445/1407 1362/1412
f 1445/1407 1451/1409 1362/1412
f 1362/1412 1360/1421 1449/1415
f 1449/1415 1360/1421 1337/1416
f 1450/1418 1452/1419 1362/1412
f 1362/1412 1452/1419 1360/1421
f 1337/1416 1364/1426 1454/1429
f 1360/1421 1709/1422 1364/1426
f 1709/1422 1336/1425 1363/1427
f 1364/1426 1709/1422 1363/1427
f 1364/1426 1363/1427 1454/1429
f 1455/1430 1368/1432 1367/1436
f 1438/1384 1456/1431 1455/1430
f 1456/1431 1365/1433 1368/1432
f 1368/1432 1457/1434 1458/1435
f 1460/1417 1370/1438 1361/1413 1449/1415
f 1438/1384 1459/1414 1456/1431
f 1459/1414 1370/1438 1456/1431
f 1459/1414 1361/1413 1370/1438
f 1370/1438 1460/1417 1365/1433
f 1536/1443 1462/1441 1454/1429 1461/1428
f 1460/1417 1337/1416 1369/1439
f 1365/1433 1460/1417 1457/1434
f 1457/1434 1460/1417 1369/1439
f 1366/1440 1369/1439 1463/1442
f 1462/1441 1337/1416 1454/1429
f 1473/1458 1710/1448 1483/1455 1472/1456
f 1631/7132 1465/1445 1466/1447
f 1466/1447 1471/1446 1710/1448
f 1340/1451 1372/1469 1339/1452
f 1468/1449 1340/1451 1633/1453
f 1371/1601 1469/1599 1465/1445
f 1465/1445 1469/1599 1471/1446
f 1469/1599 1330/1590 1470/1454
f 1469/1599 1470/1454 1471/1446
f 1521/1529 1478/1462 1477/1465 1503/1501
f 1710/1448 1473/1458 1467/1450
f 1473/1458 1474/1459 1340/1451
f 1467/1450 1473/1458 1340/1451
f 1474/1459 1711/1461 1373/1467
f 1338/1457 1475/1464 1476/1460
f 1476/1460 1478/1462 1711/1461
f 1476/1460 1477/1465 1478/1462
f 1636/7133 1480/7134 1339/1452 1482/1468
f 1372/1469 1373/1467 1339/1452
f 1470/1454 1330/1590 1563/1472 1484/1471
f 1340/1451 1474/1459 1372/1469
f 1373/1467 1481/1466 1482/1468
f 1482/1468 1481/1466 1518/7135
f 1482/1468 1518/7135 1641/7136
f 1472/1456 1483/1455 1375/1474 1488/1480
f 1484/1471 1375/1474 1483/1455
f 1712/1476 1490/1477 1486/1473
f 1486/1473 1374/1478 1375/1474
f 1375/1474 1489/1479 1488/1480
f 1489/1479 1487/1488 1488/1480
f 1487/1488 1489/1479 1493/1482 1341/1484
f 1712/1476 1491/1481 1490/1477
f 1491/1481 1701/7137 1374/1478
f 1374/1478 1701/7137 1713/1485
f 1374/1478 1713/1485 1489/1479
f 1512/1520 1528/1534 1522/1531 1506/1510
f 1341/1484 1492/1486 1487/1488
f 1492/1486 1341/1484 1699/1490
f 1492/1486 1699/1490 1377/1489
f 1498/1493 1331/1492 1495/1497
f 1494/1487 1377/1489 1331/1492
f 1495/1497 1331/1492 1751/1512
f 1495/1497 1751/1512 1504/1499
f 1496/1494 1497/1496 1475/1464
f 1487/1488 1494/1487 1496/1494
f 1496/1494 1498/1493 1497/1496
f 1497/1496 1500/1495 1477/1465
f 1477/1465 1500/1495 1501/1500
f 1501/1500 1499/1498 1502/1502
f 1378/1503 1502/1502 1379/1505
f 1502/1502 1499/1498 1714/1504
f 1379/1505 1714/1504 1505/1506
f 1505/1506 1714/1504 1343/1507
f 1523/1509 1379/1505 1506/1510
f 1380/1511 1507/1513 1342/7138
f 1343/1507 1380/1511 1509/1514
f 1380/1511 1342/7138 1509/1514
f 1508/1515 1509/1514 1510/1516
f 1509/1514 1692/7139 1510/1516
f 1515/1519 1381/1518 1511/1521
f 1516/1523 1530/1537 1528/1534 1512/1520
f 1512/1520 1505/1506 1513/1508
f 1513/1508 1343/1507 1508/1515
f 1512/1520 1513/1508 1515/1519
f 1513/1508 1508/1515 1515/1519
f 1512/1520 1515/1519 1514/1522
f 1383/1530 1521/1529 1503/1501 1378/1503
f 1518/7135 1481/1466 1727/1525
f 1479/1463 1382/1526 1517/1524
f 1517/1524 1519/1527 1520/1528
f 1521/1529 1383/1530 1382/1526
f 1532/1541 1519/1527 1524/1533 1527/1536
f 1383/1530 1523/1509 1525/1532
f 1523/1509 1522/1531 1524/1533
f 1382/1526 1525/1532 1519/1527
f 1525/1532 1524/1533 1519/1527
f 1527/1536 1524/1533 1522/1531 1528/1534
f 1527/1536 1526/1535 1533/1540
f 1535/1539 1526/1535 1528/1534 1530/1537
f 1392/1583 1549/1568 1545/1562 1548/1566
f 1535/1539 1530/1537 1531/1543
f 1530/1537 1529/1538 1531/1543
f 1531/1543 1529/1538 1573/1545
f 1534/1542 1533/1540 1384/1547
f 1533/1540 1535/1539 1414/1546
f 1535/1539 1398/1544 1645/1548
f 1463/1442 1536/1443 1464/1551
f 1537/1549 1543/1560 1542/1552
f 1536/1443 1537/1549 1464/1551
f 1461/1428 1539/1553 1536/1443
f 1544/1554 1538/1555 1539/1553
f 1539/1553 1344/1556 1537/1549
f 1537/1549 1540/1557 1385/1558
f 1540/1557 1550/1570 1541/1574
f 1540/1557 1541/1574 1385/1558
f 1541/1574 1332/1573 1385/1558
f 1537/1549 1385/1558 1543/1560
f 1544/1554 1363/1427 1545/1562
f 1363/1427 1336/1425 1545/1562
f 1538/1555 1545/1562 1386/1564
f 1336/1425 1546/1420 1387/1565
f 1545/1562 1336/1425 1548/1566
f 1548/1566 1387/1565 1557/1580
f 1561/1597 1554/1579 1390/1588 1560/1587
f 1344/1556 1386/1564 1389/1569
f 1344/1556 1389/1569 1540/1557
f 1389/1569 1547/1563 1388/1571
f 1550/1570 1388/1571 1551/1572
f 1551/1572 1388/1571 1552/1576
f 1391/1575 1551/1572 1556/1577
f 1388/1571 1547/1563 1549/1568
f 1552/1576 1388/1571 1553/1584
f 1388/1571 1549/1568 1553/1584
f 1390/1588 1552/1576 1553/1584
f 1556/1577 1552/1576 1390/1588
f 1556/1577 1390/1588 1554/1579
f 1392/1583 1548/1566 1558/1581
f 1553/1584 1392/1583 1393/1586
f 1393/1586 1392/1583 1558/1581
f 1558/1581 1559/1585 1393/1586
f 1571/1600 1570/1602 1566/1593 1567/1592
f 1561/1597 1560/1587 1394/1589
f 1553/1584 1393/1586 1562/1470
f 1553/1584 1562/1470 1560/1587
f 1393/1586 1485/1475 1562/1470
f 1560/1587 1562/1470 1563/1472
f 1543/1560 1718/1591 1564/1561
f 1385/1558 1717/1596 1567/1592
f 1332/1573 1391/1575 1396/1594
f 1391/1575 1555/1578 1565/1595
f 1555/1578 1554/1579 1565/1595
f 1554/1579 1561/1597 1565/1595
f 1717/1596 1565/1595 1568/1598
f 1568/1598 1561/1597 1394/1589
f 1469/1599 1394/1589 1330/1590
f 1571/1600 1568/1598 1371/1601
f 1569/1603 1718/1591 1570/1602
f 1718/1591 1566/1593 1570/1602
f 1397/1629 1572/1605 1575/1609 1587/1608
f 1569/1603 1571/1600 1371/1601
f 1573/1604 1575/1609 1572/1605
f 1584/1626 1585/1627 1401/1619 1402/1622
f 1398/1606 1572/1605 1574/1611
f 1573/1604 1400/1613 1575/1609
f 1529/1612 1516/1634 1399/1614
f 1400/1613 1399/1614 1576/1616
f 1576/1616 1592/1615 1591/1617
f 1400/1613 1576/1616 1577/1607
f 1576/1616 1578/1618 1577/1607
f 1577/1607 1578/1618 1579/1620
f 1578/1618 1402/1622 1401/1619
f 1578/1618 1591/1617 1581/7140
f 1578/1618 1581/7140 1580/1621
f 1402/1622 1582/1623 1583/1625
f 1598/1650 1580/1621 1581/7140 1591/1617
f 1719/1631 1401/1619 1585/1627
f 1572/1605 1586/1630 1403/1610
f 1577/1607 1579/1620 1587/1608
f 1579/1620 1401/1619 1587/1608
f 1587/1608 1719/1631 1397/1629
f 1588/1632 1719/1631 1585/1627
f 1403/1610 1586/1630 1333/1633
f 1586/1630 1397/1629 1588/1632
f 1589/1635 1590/1639 1404/1641
f 1399/1614 1589/1635 1592/1615
f 1592/1615 1404/1641 1591/1617
f 1511/1638 1381/7141 1405/7142
f 1511/1638 1405/7142 1594/1642
f 1381/7141 1593/7143 1405/7142
f 1594/1642 1405/7142 1345/7144
f 1590/1639 1594/1642 1406/1643
f 1720/1640 1406/1643 1407/1648
f 1406/1643 1594/1642 1407/1648
f 1345/7144 1595/1644 1596/1646
f 1594/1642 1345/7144 1596/1646
f 1407/1648 1594/1642 1596/1646
f 1407/1648 1606/1647 1597/1649
f 1597/1649 1606/1647 1346/1652
f 1598/1650 1404/1641 1721/1651
f 1605/1654 1622/1679 1600/1678 1601/1624
f 1404/1641 1720/1640 1721/1651
f 1721/1651 1720/1640 1597/1649
f 1601/1624 1346/1652 1602/1655
f 1598/1650 1721/1651 1601/1624
f 1582/1623 1598/1650 1601/1624
f 1609/1659 1606/1647 1607/1645 1608/1660
f 1602/1655 1604/1656 1599/1653
f 1599/1653 1603/1657 1605/1654
f 1346/1652 1609/1659 1602/1655
f 1625/1683 1627/1685 1617/1672 1409/1673
f 1607/1645 1722/1662 1608/1660
f 1722/1662 1681/7145 1724/1665
f 1608/1660 1722/1662 1610/1661
f 1602/1655 1609/1659 1604/1656
f 1609/1659 1610/1661 1604/1656
f 1610/1661 1613/1664 1611/1658
f 1724/1665 1442/1390 1441/1392
f 1605/1654 1611/1658 1612/1668
f 1611/1658 1613/1664 1614/1669
f 1613/1664 1441/1392 1328/1374
f 1333/1633 1588/1632 1615/1670
f 1615/1670 1585/1627 1617/1672
f 1617/1672 1618/1674 1619/1671 1615/1670
f 1618/1674 1617/1672 1627/1685
f 1647/1734 1384/7146 1414/1730 1646/1729
f 1616/1628 1584/1626 1621/1677
f 1621/1677 1620/1676 1410/1680
f 1584/1626 1583/1625 1620/1676
f 1583/1625 1601/1624 1600/1678
f 1620/1676 1600/1678 1622/1679
f 1410/1680 1622/1679 1624/1681
f 1409/1673 1621/1677 1410/1680
f 1625/1683 1624/1681 1623/1682
f 1409/1673 1410/1680 1625/1683
f 1625/1683 1623/1682 1628/1684
f 1628/1684 1623/1682 1626/1686
f 1626/1686 1612/1668 1408/1667
f 1408/1667 1614/1669 1725/1687
f 1614/1669 1328/1374 1430/1373
f 1626/1686 1725/1687 1430/1373
f 1426/1365 1626/1686 1429/1688
f 1629/1675 1618/1674 1350/1364
f 1618/1674 1627/1685 1630/1689
f 1630/1689 1628/1684 1426/1365
f 1350/1364 1630/1689 1426/1365
f 1465/1692 1632/1691 1371/1693
f 1466/7147 1468/1695 1631/1690
f 1631/1690 1468/1695 1635/1697
f 1635/1697 1633/1696 1347/1699
f 1632/1691 1631/1690 1634/1698
f 1480/1702 1636/1705 1412/1707
f 1636/1705 1641/1704 1411/1706
f 1412/1707 1411/1706 1637/1709
f 1347/1699 1480/1702 1726/1710
f 1726/1710 1412/1707 1639/1712
f 1637/1709 1730/1713 1652/1714
f 1639/1712 1652/1714 1655/1744
f 1413/1700 1638/1711 1735/1715
f 1638/1711 1726/1710 1663/1717
f 1735/1715 1638/1711 1664/1718
f 1569/1694 1632/1691 1564/1719
f 1634/1698 1413/1700 1640/1716
f 1641/1704 1727/1722 1642/1724
f 1411/1706 1641/1704 1642/1724
f 1520/1725 1534/1733 1728/1726
f 1728/1726 1534/1733 1415/1735
f 1534/1733 1384/7146 1647/1734
f 1398/7148 1574/1731 1645/1728
f 1574/1731 1403/1737 1649/1732
f 1645/1728 1574/1731 1646/1729
f 1666/1763 1664/1718 1665/1761 1367/1436
f 1415/1735 1646/1729 1648/1736
f 1648/1736 1649/1732 1650/1738
f 1415/1735 1648/1736 1657/1740
f 1644/1708 1729/1727 1730/1713
f 1643/1723 1728/1726 1731/1742
f 1731/1742 1415/1735 1651/1741
f 1730/1713 1643/1723 1732/1743
f 1652/1714 1730/1713 1732/1743
f 1731/1742 1651/1741 1653/1746
f 1732/1743 1653/1746 1417/1753
f 1655/1744 1732/1743 1733/1747
f 1733/1747 1732/1743 1654/1758
f 1653/1746 1651/1741 1656/1748
f 1656/1748 1657/1740 1658/1750
f 1650/1738 1333/1739 1619/1749
f 1657/1740 1650/1738 1619/1749
f 1658/1750 1619/1749 1629/1755
f 1656/1748 1658/1750 1416/1751
f 1653/1746 1416/1751 1659/1754
f 1660/1752 1659/1754 1351/1368
f 1416/1751 1658/1750 1629/1755
f 1416/1751 1629/1755 1659/1754
f 1659/1754 1350/1756 1425/1366
f 1661/1745 1733/1747 1662/1757
f 1733/1747 1654/1758 1356/1386
f 1356/1386 1417/1753 1335/1387
f 1734/1764 1662/1757 1440/1389
f 1667/1765 1734/1764 1440/1389
f 1640/1716 1348/1762 1715/1759
f 1664/1718 1663/1717 1665/1761
f 1663/1717 1639/1712 1661/1745
f 1663/1717 1661/1745 1662/1757
f 1665/1761 1662/1757 1734/1764
f 1664/1718 1666/1763 1735/1715
f 1670/1769 1451/1409 1669/1408 1738/1770
f 1367/1436 1667/1765 1455/1430
f 1666/1763 1458/1435 1348/1762
f 1715/1759 1366/1440 1464/1444
f 1740/1793 1708/1402 1675/7131 1745/7149
f 1452/1419 1450/1418 1670/1769
f 1737/1406 1739/1404 1738/1770
f 1739/1404 1676/1779 1672/1772
f 1676/1779 1740/1793 1672/1772
f 1740/1793 1422/1828 1672/1772
f 1684/1792 1695/1799 1422/1828
f 1418/1771 1671/1768 1673/1773
f 1670/1769 1694/1774 1673/1773
f 1387/1777 1736/1767 1674/1775
f 1736/1767 1668/1423 1418/1771
f 1444/1397 1675/7131 1708/1402
f 1708/1402 1740/1793 1676/1779
f 1683/1791 1745/7149 1678/1784 1419/1785
f 1745/7149 1683/1791 1740/1793
f 1358/1396 1742/1781 1677/1401
f 1706/1400 1741/1780 1358/1396
f 1443/1399 1442/7150 1741/1780
f 1724/1782 1681/1788 1680/1783
f 1677/1401 1678/1784 1675/7131
f 1742/1781 1680/1783 1678/1784
f 1675/7131 1678/1784 1745/7149
f 1751/1821 1750/1801 1686/1803 1507/1820
f 1680/1783 1681/1788 1679/1805
f 1681/1788 1744/1807 1679/1805
f 1680/1783 1679/1805 1419/1785
f 1681/1788 1743/1787 1744/1807
f 1722/1786 1682/1790 1743/1787
f 1683/1791 1685/1796 1746/1794
f 1683/1791 1747/1795 1685/1796
f 1740/1793 1684/1792 1422/1828
f 1684/1792 1746/1794 1695/1799
f 1685/1796 1748/1802 1749/1797
f 1419/1785 1420/1800 1747/1795
f 1746/1794 1749/1797 1698/1798
f 1744/1807 1687/1806 1679/1805
f 1743/1787 1421/1810 1687/1806
f 1679/1805 1687/1806 1420/1800
f 1682/1790 1688/1809 1743/1787
f 1682/1790 1595/1808 1688/1809
f 1595/1808 1345/7151 1689/1811
f 1687/1806 1421/1810 1420/1800
f 1421/1810 1691/1813 1690/1812
f 1689/1811 1345/7151 1405/1814
f 1691/1813 1405/1814 1593/1815
f 1690/1812 1691/1813 1510/1816
f 1692/1817 1509/7128 1342/1819
f 1749/1797 1376/1818 1755/1804
f 1748/1802 1750/1801 1376/1818
f 1349/1833 1694/1774 1754/1829 1696/1831
f 1686/1803 1690/1812 1507/1820
f 1690/1812 1692/1817 1342/1819
f 1750/1801 1751/1821 1376/1818
f 1557/1778 1674/1775 1716/1823
f 1693/1776 1418/1771 1753/1826
f 1693/1776 1700/1827 1716/1823
f 1672/1772 1754/1829 1694/1774
f 1673/1773 1752/1824 1753/1826
f 1695/1799 1698/1798 1697/1830
f 1694/1774 1349/1833 1752/1824
f 1696/1831 1754/1829 1422/1828 1697/1830
f 1424/1834 1697/1830 1698/1798 1755/1804
f 1856/1853 1855/1852 1857/1866 1858/1854
f 1424/1834 1376/1818 1699/1836
f 1753/1826 1701/1825 1700/1827
f 1349/1833 1423/1832 1701/1825
f 1700/1827 1712/1842 1559/1838
f 1849/7152 1780/1843 1851/1845
f 1850/1844 1853/1848 1851/1845
f 1780/1843 1763/1851 1850/1844
f 1850/1844 1852/1846 1853/1848
f 1850/1844 1855/1852 1852/1846
f 1763/1851 1781/1867 1855/1852
f 1852/1846 1855/1852 1856/1853
f 1781/1867 1857/1866 1855/1852
f 1865/1862 1764/1849 1860/1856 1864/1860
f 1858/1854 1868/1872 2128/1857
f 2128/1857 1784/1871 1861/1855
f 1858/1854 2128/1857 1859/1847
f 1859/1847 1860/1856 1764/1849
f 2128/1857 1860/1856 1859/1847
f 1861/1855 1862/1858 1860/1856
f 1860/1856 1862/1858 1864/1860
f 1862/1858 1758/1889 1863/1859
f 1891/1905 1865/1862 1864/1860 1863/1859
f 1895/1914 2130/1912 1758/1889 1880/7153
f 1854/1850 1782/1861 1839/1864
f 1782/1861 1865/1862 1757/1863
f 1865/1862 1891/1905 1757/1863
f 1756/2143 1783/1865 1781/1867
f 1783/1865 1870/1868 1857/1866
f 1765/1874 1870/1868 1783/1865
f 1866/1869 1867/1870 1868/1872
f 1857/1866 1868/1872 1858/1854
f 2051/1873 1871/1875 1870/1868
f 1870/1868 1869/1876 1866/1869
f 1869/1876 2104/1877 1766/1878
f 1867/1870 1872/1879 1873/1880
f 1876/1882 1875/1883 1785/1884
f 1784/1871 1877/1887 1861/1855
f 1861/1855 1877/1887 1862/1858
f 1784/1871 1867/1870 1873/1880
f 1784/1871 1873/1880 1877/1887
f 1877/1887 1876/1882 1878/1885
f 1877/1887 1878/1885 1862/1858
f 1878/1885 2129/1888 1758/1889
f 2131/1894 1895/1914 1880/7153 1879/1892
f 1886/1901 1787/1916 1881/1891 1887/1893
f 1758/1889 2129/1888 1880/7153
f 1880/7153 1884/1890 1879/1892
f 1786/1906 1891/1905 1894/1913 1788/1915
f 2129/1888 1883/1895 1885/1896
f 2129/1888 1884/1890 1880/7153
f 1884/1890 1807/1898 1887/1893
f 1885/1896 1840/2221 1807/1898
f 1887/1893 1808/1899 1888/1902
f 1887/1893 1888/1902 1889/1900
f 1886/1901 1889/1900 1897/1904
f 1757/1863 1891/1905 1890/1907
f 1890/1907 1786/1906 2094/1911
f 1892/1908 1896/7154 1900/1909
f 1786/1906 1892/1908 1893/1910
f 1863/1859 2130/1912 1891/1905
f 1899/1918 1902/1919 1900/1909 1896/7154
f 2130/1912 1895/1914 1894/1913
f 1895/1914 2131/1894 1788/1915
f 2131/1894 1787/1916 1892/1908
f 1788/1915 2131/1894 1892/1908
f 1892/1908 1787/1916 1896/7154
f 1899/1918 1896/7154 1886/1901 1897/1904
f 1787/1916 1886/1901 1896/7154
f 1911/1938 1789/1926 2151/1925 1912/1936
f 1897/1904 1972/1903 1964/1917
f 1899/1918 1964/1917 1898/1921
f 1903/2218 1900/1909 1902/1919
f 1903/2218 1902/1919 1901/1920
f 2070/7155 1904/1924 1906/1929
f 2070/7155 1906/1929 2151/1925
f 1904/1924 1909/1923 1906/1929
f 2132/1922 2133/1932 1909/1923
f 2133/1932 1907/1931 1909/1923
f 2001/1959 1924/1933 1907/1931
f 1909/1923 1924/1933 2134/1928
f 1906/1929 1908/1934 1912/1936
f 1912/1936 1910/1935 1911/1938
f 1920/1952 2135/1951 1914/1940 1913/1942
f 1767/1939 1911/1938 1914/1940
f 1914/1940 1927/1937 1916/1941
f 1916/1941 1932/1943 1915/1944
f 1918/1946 1955/1947 1953/2016
f 1913/1942 1915/1944 1919/1948
f 1915/1944 1918/1946 1919/1948
f 1919/1948 1918/1946 1954/2012
f 1918/1946 1953/2016 1954/2012
f 1921/1950 2135/1951 2072/1956
f 2135/1951 1920/1952 2072/1956
f 1767/1939 1914/1940 2135/1951
f 2142/1981 1932/1943 1927/1937 1791/1966
f 1922/1949 1919/1948 1951/1953
f 1920/1952 1759/1954 1830/1955
f 1920/1952 1922/1949 1759/1954
f 1790/1958 1925/1960 1924/1933
f 1924/1933 1923/1961 2134/1928
f 2134/1928 1923/1961 1908/1934
f 1995/2070 2136/1962 1790/1958
f 2136/1962 1928/1968 1925/1960
f 1928/1968 2138/1963 1925/1960
f 1925/1960 2137/1964 1923/1961
f 1926/1965 1768/1971 1791/1966
f 1908/1934 1923/1961 1910/1935
f 1910/1935 1923/1961 1927/1937
f 2138/1963 1926/1965 2137/1964
f 1792/1967 2139/1969 1928/1968
f 2138/1963 2140/1970 1926/1965
f 1933/1972 1929/1976 1795/1973
f 1793/1978 2126/1977 1930/1993
f 1794/1974 1795/1973 1793/1978
f 2141/1975 2142/1981 1791/1966 1768/1971
f 1932/1943 2142/1981 1931/1982
f 1799/2006 1803/2019 1957/2017 1958/2015
f 2142/1981 2141/1975 1933/1972
f 1931/1982 1794/1974 1935/1979
f 1936/1984 1935/1979 1934/1980
f 1915/1944 1932/1943 1917/1945
f 1932/1943 1931/1982 1937/1983
f 1917/1945 1937/1983 1936/1984
f 1955/1947 1936/1984 1939/1985
f 1798/2014 1939/1985 1938/1987
f 1939/1985 1934/1980 1938/1987
f 1798/2014 1938/1987 2143/1990
f 2143/1990 1796/1986 1940/1989
f 1934/1980 1941/1992 1796/1986
f 1941/1992 2116/1994 1942/1995
f 1942/1995 1769/1999 1943/1996
f 1941/1992 1942/1995 1796/1986
f 1796/1986 1943/1996 1797/1988
f 1948/2003 1945/1998 2031/2001
f 1947/2002 1948/2003 1800/2004
f 1799/2006 1947/2002 1946/2005
f 1797/1988 1943/1996 1945/1998
f 1919/1948 1801/2013 1952/2011
f 1960/2021 1801/2013 1957/2017
f 1951/1953 1952/2011 1802/2010
f 1952/2011 1801/2013 1960/2021
f 1954/2012 1953/2016 1801/2013
f 1955/1947 1939/1985 1798/2014
f 1953/2016 1955/1947 1798/2014
f 1953/2016 1798/2014 1956/1991
f 1801/2013 1953/2016 1957/2017
f 1958/2015 1940/1989 1947/2002
f 1958/2015 1947/2002 1799/2006
f 1967/2028 1965/2027 1972/1903 1974/2030
f 1804/2018 2146/2009 1959/2020
f 2146/2009 2009/7156 1959/2020
f 1802/2010 1952/2011 1960/2021
f 1960/2021 1957/2017 1803/2019
f 1803/2019 1961/2024 1962/2023
f 1965/2027 1967/2028 1964/1917
f 1964/1917 1805/2029 1968/2032
f 1964/1917 1968/2032 1963/2026
f 1966/2031 1969/2050 1968/2032
f 1969/2050 1980/2052 1970/2037
f 1969/2050 1970/2037 1968/2032
f 1968/2032 1819/2036 1770/2033
f 1963/2026 2145/2082 2002/2038
f 1963/2026 1971/2034 2145/2082
f 1888/1902 1973/7157 1972/1903
f 1972/1903 1973/7157 1974/2030
f 2144/2057 1761/2035 1983/2054 1984/2055
f 1888/1902 1808/1899 1973/7157
f 1974/2030 1973/7157 1975/2042
f 1973/7157 1808/1899 1975/2042
f 1974/2030 1975/2042 1806/2049
f 1975/2042 1807/1898 1977/2041
f 1976/2043 1977/2041 1978/2045
f 1809/2046 1976/2043 1979/2047
f 1979/2047 1978/2045 1989/2061
f 1974/2030 1806/2049 1966/2031
f 1806/2049 1810/2051 1969/2050
f 1806/2049 1975/2042 1976/2043
f 1806/2049 1976/2043 1809/2046
f 1810/2051 1809/2046 1982/2048
f 1980/2052 1982/2048 1981/2053
f 1980/2052 1983/2054 1761/2035
f 1997/2076 1988/7158 1987/2060 1998/2072
f 1984/2055 1813/2059 1812/2056
f 1981/2053 1982/2048 1985/2058
f 1984/2055 1981/2053 1813/2059
f 1813/2059 1985/2058 1811/2071
f 1811/2071 1985/2058 1986/2066
f 1812/2056 1987/2060 1988/7158
f 1813/2059 1811/2071 1987/2060
f 1982/2048 1979/2047 1989/2061
f 1978/2045 1760/2044 1990/2064
f 1989/2061 1978/2045 1990/2064
f 1991/2062 1814/2068 1992/2063
f 1985/2058 1989/2061 1993/2065
f 1990/2064 1992/2063 1993/2065
f 1992/2063 1996/2069 1994/2067
f 1814/2068 1792/1967 1996/2069
f 1994/2067 1996/2069 1995/2070
f 1996/2069 1792/1967 2136/1962
f 2133/1932 2132/1922 2145/2082 2004/2079
f 1811/2071 1999/2073 1998/2072
f 1998/2072 1816/2074 1815/2075
f 1816/2074 1995/2070 2000/2077
f 1999/2073 1995/2070 1816/2074
f 1816/2074 2000/2077 2001/1959
f 2000/2077 1790/1958 2001/1959
f 1971/2034 1817/2039 2145/2082
f 2145/2082 1817/2039 2004/2079
f 1761/2035 2144/2057 1819/2036
f 1812/2056 1988/7158 2003/2080
f 1988/7158 1997/2076 2003/2080
f 1997/2076 1815/2075 1818/2081
f 2004/2079 1818/2081 1905/1930
f 1772/7159 2006/2083 2013/2091 2012/2090
f 2005/2085 2007/2084 2008/2087
f 2006/2083 1772/7159 2007/2084
f 1959/7160 2009/7161 2005/2085
f 2009/7161 2006/2083 2005/2085
f 2146/2110 1820/2092 2009/7161
f 2009/7161 1820/2092 2006/2083
f 1820/2092 2013/2091 2006/2083
f 2010/2089 2011/2094 2012/2090
f 2015/2101 1772/7159 2012/2090 2016/2095
f 2023/2100 2014/2099 2018/2097 2020/7162
f 2016/2095 2014/2099 2015/2101
f 2011/2094 2017/2096 2016/2095
f 2011/2094 2039/2093 2017/2096
f 2019/7163 2021/2151 2023/2100 2020/7162
f 2018/2097 1823/2098 2020/7162
f 2020/7162 2042/7164 2019/7163
f 2025/2102 2007/2084 1772/7159 2015/2101
f 2015/2101 2023/2100 2022/2103
f 2022/2103 2023/2100 2021/2151
f 2008/2087 2024/2086 1821/2105
f 2007/2084 2025/2102 2024/2086
f 2035/2133 2038/2122 2033/2119 2034/2117
f 2024/2086 2025/2102 2026/2104
f 2025/2102 2015/2101 2022/2103
f 2027/2107 2026/2104 2055/2145
f 1762/2106 2024/2086 2027/2107
f 1820/2092 2146/2110 2030/2113
f 1949/2108 1800/7165 2028/2109
f 1800/7165 1948/2114 2028/2109
f 2028/2109 2031/2115 2032/2111
f 2029/2112 2032/2111 1774/2118
f 2030/2113 2029/2112 2040/2116
f 2010/2089 2030/2113 2039/2093
f 2032/2111 2031/2115 2034/2117
f 1825/2155 2042/7164 2041/2127 2043/2126
f 2034/2117 2036/2121 2035/2133
f 2147/2120 2105/2134 2036/2121
f 2033/2119 2038/2122 1822/2124
f 2038/2122 1773/2125 2037/2123
f 2017/2096 2039/2093 1823/2098
f 2039/2093 2040/2116 1823/2098
f 2037/2123 2041/2127 1823/2098
f 2037/2123 1773/2125 2041/2127
f 1823/2098 2042/7164 2020/7162
f 1823/2098 2041/2127 2042/7164
f 2042/7164 1825/2155 2058/2154
f 2045/2157 1825/2155 2043/2126 1824/2130
f 2043/2126 2044/2128 1824/2130
f 2064/2141 2045/2157 1824/2130 2052/2129
f 1773/2125 2046/2132 2043/2126
f 2047/2131 2105/2134 2048/2135
f 2105/2134 2148/2139 2048/2135
f 2046/2132 2044/2128 2043/2126
f 2047/2131 2048/2135 2046/2132
f 2046/2132 2048/2135 2044/2128
f 2044/2128 2049/2136 2052/2129
f 2048/2135 1826/2137 2049/2136
f 2049/2136 2149/2138 2052/2129
f 2050/2140 1871/1875 2051/1873
f 2148/2139 2051/1873 1826/2137
f 1826/2137 2051/1873 1765/1874
f 2045/2157 2064/2141 2065/2158
f 2059/2152 2019/7163 2042/7164 2058/2154
f 2149/2138 1765/1874 2053/2142
f 1765/1874 1783/1865 2053/2142
f 2054/2146 2055/2145 2056/2149
f 2026/2104 2022/2103 2055/2145
f 2055/2145 2057/2147 1827/2148
f 2056/2149 1827/2148 2063/2161
f 2022/2103 2021/2151 2057/2147
f 2057/2147 2059/2152 1828/2153
f 2021/2151 2019/7163 2059/2152
f 2061/2156 2060/2159 1828/2153 2058/2154
f 2064/2141 2150/2162 2062/2160 2065/2158
f 1825/2155 2045/2157 2061/2156
f 1827/2148 1828/2153 2060/2159
f 1827/2148 2060/2159 2063/2161
f 2063/2161 2062/2160 2067/2163
f 2071/2183 2002/2182 1904/7166 2070/2175
f 2150/2162 2064/2141 2066/2144
f 2064/2141 2053/2142 2066/2144
f 2066/2144 1756/2143 1781/1867
f 2067/2163 2062/2160 2150/2162
f 2067/2163 2066/2144 1781/1867
f 2068/2150 2054/2146 2069/2164
f 2056/2149 2063/2161 2067/2163
f 2069/2164 2067/2163 1763/1851
f 2070/2175 2151/2165 2152/2167
f 1836/2206 2084/2200 1835/7167 2083/2199
f 1829/2166 1921/2168 2073/2170
f 2073/2170 2072/2169 1832/2173
f 1832/2173 2072/2169 2074/2172
f 2073/2170 1832/2173 1831/2174
f 2152/2167 1831/2174 1833/2178
f 1833/2178 2075/2177 2155/2179
f 2152/2167 1833/2178 2155/2179
f 2071/2183 2070/2175 2076/2181
f 1830/2171 2077/2188 1835/7167
f 2078/2189 1960/7168 1834/2194
f 1960/7168 1962/7169 1834/2194
f 1962/7169 1961/2193 1834/2194
f 1961/2193 1821/2192 1834/2194
f 2082/2196 2080/2195 2081/2198
f 2080/2195 1821/2192 1762/2197
f 2074/2172 1830/2171 1835/7167
f 2074/2172 1835/7167 2084/2200
f 1835/7167 2077/2188 2083/2199
f 1775/2207 2085/2213 2084/2200 1836/2206
f 1900/1909 1903/2218 2156/2180 1893/1910
f 2075/2177 2084/2200 2085/2213
f 2086/2212 2075/2177 2085/2213
f 2083/2199 2082/2196 1836/2206
f 1836/2206 2082/2196 2087/2202
f 2082/2196 2081/2198 2087/2202
f 2154/2201 2027/2203 2068/2204
f 2087/2202 2154/2201 1837/2205
f 1775/2207 1837/2205 2088/2209
f 2089/2216 2088/2209 1849/2211
f 1775/2207 2088/2209 2089/2216
f 1837/2205 2068/2204 2090/2208
f 2090/2208 2068/2204 1780/2210
f 2088/2209 2090/2208 1849/2211
f 2089/2216 1849/2211 1854/1850
f 1854/1850 1849/2211 1851/1845
f 2085/2213 1775/2207 2091/2215
f 2091/2215 1775/2207 2089/2216
f 1839/1864 2089/2216 1854/1850
f 1838/2214 2091/2215 1757/1863
f 2076/2181 2092/2217 2093/2184
f 2152/2167 2156/2180 1776/2176
f 2155/2179 2075/2177 2086/2212
f 2156/2180 2155/2179 2094/1911
f 2094/1911 2086/2212 1838/2214
f 2094/1911 1838/2214 1890/1907
f 2098/2227 1875/1883 2158/2236 1842/2238
f 1840/2221 1883/1895 1777/2222
f 1882/1886 1785/1884 2095/1897
f 1785/1884 2096/2225 2095/1897
f 1777/2222 2097/2226 2101/2233
f 2098/2227 2099/2230 2157/2228
f 2157/2228 2121/2231 2100/2229
f 2097/2226 2100/2229 2101/2233
f 2102/2224 1840/2221 2103/2232
f 2103/2232 1777/2222 2117/2234
f 1977/7170 2102/2224 1760/2235
f 1766/1878 1842/2238 2158/2236
f 2163/2245 1841/2237 2161/2242 2162/2243
f 2104/1877 2161/2242 1841/2237
f 2104/1877 1841/2237 1766/1878
f 1871/1875 2159/2241 2104/1877
f 1871/2239 2050/2249 2160/2240
f 2159/2241 2160/2240 2162/2243
f 1778/2267 2108/2254 2164/2252 2109/2244
f 2050/2249 2105/2248 2160/2240
f 2160/2240 2105/2248 2166/2250
f 2162/2243 2106/2246 2109/2244
f 1842/2238 2107/2253 2099/2230
f 1841/2237 2107/2253 1842/2238
f 1841/2237 2163/2245 2107/2253
f 2163/2245 2109/2244 2164/2252
f 2107/2253 2108/2254 2121/2231
f 2165/2255 1843/2251 2166/2250 2111/2257
f 2109/2244 2165/2255 2113/2265
f 2109/2244 2113/2265 1778/2267
f 1779/2287 1845/2275 2122/2280 2124/2283
f 2105/2248 2110/2256 2166/2250
f 2105/2248 2147/2258 2110/2256
f 2110/2256 2167/2262 2111/2257
f 2111/2257 2167/2262 1844/2260
f 1844/2260 2167/2262 1944/2264
f 1769/2261 1844/2260 1944/2264
f 2165/2255 2114/2268 2113/2265
f 2114/2268 2111/2257 1769/2261
f 2113/2265 2116/7171 1930/7172
f 2113/2265 1930/7172 2115/2266
f 2113/2265 2114/2268 2116/7171
f 2114/2268 1942/2269 2116/7171
f 1760/2235 2103/2232 2119/2270
f 2119/2270 2103/2232 2118/2273
f 2117/2234 1845/2275 2118/2273
f 2118/2273 1848/2276 1846/2274
f 1845/2275 1779/2287 2127/2290
f 1845/2275 2127/2290 1848/2276
f 2101/2233 2120/2278 2117/2234
f 2117/2234 2120/2278 1845/2275
f 2100/2229 2121/2231 2120/2278
f 2121/2231 2123/2279 2120/2278
f 2123/2279 1847/2282 2122/2280
f 2108/2254 1778/2267 2123/2279
f 2123/2279 2125/2281 1847/2282
f 2120/2278 2122/2280 1845/2275
f 2278/2303 2582/2295 2274/7173 2275/2300
f 1847/2282 2125/2281 2124/2283
f 1778/2267 2115/2266 2125/2281
f 2125/2281 2126/2285 1795/7174
f 2115/2266 1930/7172 2126/2285
f 2124/2283 1929/2284 2141/2286
f 2125/2281 1795/7174 1929/2284
f 1779/2287 1768/2288 2140/2291
f 2485/2643 2275/2300 2274/7173
f 2174/2298 2483/2301 2197/2299
f 2197/2299 2276/2302 2277/2304
f 2281/2330 2283/2309 2198/2308 2280/2307
f 2280/2307 2297/2306 2281/2330
f 2279/2305 2277/2304 2280/2307
f 2169/2334 2282/2374 2281/2330 2581/2331
f 2282/2374 2285/2313 2286/2310 2283/2309
f 2283/2309 2281/2330 2282/2374
f 2297/2306 2277/2304 2276/2302 2288/2316
f 2582/2295 2284/2311 2175/2296
f 2284/2311 2279/2305 2198/2308
f 2289/2315 2290/2319 2288/2316
f 2290/2319 2583/2318 2292/2324
f 2292/2324 2583/2318 2291/2322
f 2205/2338 2298/2341 2299/2333 2585/2344
f 2254/2627 2291/2322 2583/2318
f 2254/2627 2552/2320 2291/2322
f 2291/2322 2201/2321 2292/2324
f 2292/2324 2293/2323 2203/2325
f 2201/2321 2555/2753 2293/2323
f 2203/2325 2293/2323 2294/2326
f 2288/2316 2290/2319 2295/2328
f 2297/2306 2288/2316 2295/2328
f 2297/2306 2295/2328 2296/2329
f 2295/2328 2292/2324 2296/2329
f 2203/2325 2202/2327 2176/2332
f 2296/2329 2203/2325 2176/2332
f 2281/2330 2296/2329 2581/2331
f 2581/2331 2296/2329 2176/2332
f 2204/2340 2301/7175 2302/2342 2298/2341
f 2318/2335 2299/2333 2298/2341
f 2299/2333 2300/2337 2585/2344
f 2298/2341 2205/2338 2204/2340
f 2306/2350 2588/2358 2204/2340 2305/2339
f 2176/2332 2202/2327 2584/2336
f 2586/2343 2206/2349 2205/2338
f 2584/2336 2168/2345 2300/2337
f 2205/2338 2304/2348 2305/2339
f 2588/2358 2587/2356 2301/7175 2204/2340
f 2530/2715 2520/2714 2287/2314 2589/2364
f 2587/2356 2588/2358 2308/2352
f 2309/2357 2308/2352 2310/2359
f 2310/2359 2207/2351 2307/2353
f 2324/2360 2310/2359 2312/2361
f 2312/2361 2177/2355 2311/2362
f 2210/2376 2208/2381 2314/2365 2317/2375
f 2530/2715 2589/2364 2313/2366
f 2287/2314 2285/2313 2589/2364
f 2589/2364 2285/2313 2314/2365
f 2313/2366 2314/2365 2208/2381
f 2313/2366 2208/2381 2209/2370
f 2209/2370 2208/2381 2315/2367
f 2209/2370 2315/2367 2316/2369
f 2208/2381 2321/2380 2315/2367
f 2315/2367 2320/2379 2326/2368
f 2316/2369 2326/2368 2178/2373
f 2372/2475 2327/2386 2211/2382 2373/2478
f 2317/2375 2169/2334 2318/2335
f 2318/2335 2302/2342 2319/2377
f 2302/2342 2301/7175 2587/2356
f 2319/2377 2302/2342 2320/2379
f 2302/2342 2587/2356 2322/2378
f 2210/2376 2319/2377 2321/2380
f 2321/2380 2320/2379 2315/2367
f 2320/2379 2322/2378 2328/2383
f 2323/2384 2324/2360 2211/2382
f 2323/2384 2309/2357 2324/2360
f 2324/2360 2312/2361 2377/2363
f 2324/2360 2377/2363 2325/2485
f 2211/2382 2325/2485 2373/2478
f 2211/2382 2324/2360 2325/2485
f 2335/2405 2341/2410 2330/2392 2336/2402
f 2327/2386 2372/2475 2535/2388
f 2331/2391 2590/2390 2330/2392
f 2486/7176 2212/2389 2331/2391
f 2329/2394 2332/2398 2214/2395
f 2214/2395 2213/2399 2590/2390
f 2212/2389 2214/2395 2590/2390
f 2330/2392 2334/2401 2336/2402
f 2350/2430 2347/2420 2346/2419 2220/2425
f 2336/2402 2337/2403 2335/2405
f 2338/2404 2337/2403 2170/2406
f 2339/2408 2338/2404 2215/2407
f 2180/2393 2341/2410 2340/2412
f 2180/2393 2330/2392 2341/2410
f 2341/2410 2339/2408 2342/2413
f 2341/2410 2335/2405 2339/2408
f 2217/2411 2342/2413 2260/2458
f 2342/2413 2216/2414 2260/2458
f 2344/2417 2343/2416 2213/2399
f 2333/2397 2344/2417 2213/2399
f 2343/2416 2420/2546 2345/2418
f 2345/2418 2218/2422 2346/2419
f 2213/2399 2347/2420 2591/2400
f 2420/2546 2592/2423 2345/2418
f 2592/2423 2218/2422 2345/2418
f 2218/2422 2348/2424 2346/2419
f 2348/2424 2221/2428 2220/2425
f 2220/2425 2349/2429 2219/2426
f 2591/2400 2350/2430 2336/2402
f 2350/2430 2223/2431 2337/2403
f 2229/2455 2355/2441 2358/2449 2359/2452
f 2223/2431 2181/2427 2351/2432
f 2351/2432 2181/2427 2222/2433
f 2354/2435 2225/2439 2352/2437
f 2222/2433 2181/2427 2594/2438
f 2225/2439 2355/2441 2357/2443
f 2224/2440 2355/2441 2225/2439
f 2357/2443 2356/2442 2596/2466
f 2181/2427 2219/2426 2227/2444
f 2594/2438 2227/2444 2224/2440
f 2227/2444 2632/2446 2226/2447
f 2631/2448 2360/7177 2358/2449
f 2224/2440 2183/2445 2355/2441
f 2183/2445 2358/2449 2355/2441
f 2357/2443 2596/2466 2368/2463 2352/2437
f 2358/2449 2360/7177 2359/2452
f 2360/7177 2228/2450 2359/2452
f 2359/2452 2361/2451 2229/2455
f 2356/2442 2355/2441 2362/2454
f 2362/2454 2363/2453 2230/2467
f 2355/2441 2229/2455 2363/2453
f 2230/2467 2363/2453 2613/2470
f 2363/2453 2182/2456 2440/7178
f 2363/2453 2440/7178 2613/2470
f 2216/2414 2367/2462 2364/2457
f 2179/2409 2595/2461 2216/2414
f 2365/2459 2367/2462 2368/2463
f 2595/2461 2353/2436 2367/2462
f 2170/2406 2593/2434 2595/2461
f 2353/2436 2352/2437 2368/2463
f 2599/7179 2232/2476 2374/2483 2600/2481
f 2596/2466 2356/2442 2369/2468
f 2356/2442 2362/2454 2369/2468
f 2230/2467 2613/2470 2370/2469
f 2369/2468 2370/2469 2436/2472
f 2596/2466 2369/2468 2366/2464
f 2366/2464 2369/2468 2231/2473
f 2370/2469 2184/2471 2436/2472
f 2373/2478 2374/2483 2232/2476
f 2235/7180 2599/7179 2600/2481 2391/7181
f 2374/2483 2597/2479 2600/2481
f 2598/2480 2185/2491 2393/2505
f 2600/2481 2598/2480 2391/7181
f 2598/2480 2393/2505 2391/7181
f 2232/2476 2599/7179 2601/7182
f 2234/2501 2382/2490 2380/2495 2381/2499
f 2599/7179 2235/7180 2390/7183
f 2325/2485 2375/2482 2373/2478
f 2602/2484 2185/2491 2597/2479
f 2375/2482 2602/2484 2374/2483
f 2376/2487 2395/2486 2233/2513
f 2377/2363 2376/2487 2602/2484
f 2602/2484 2376/2487 2185/2491
f 2376/2487 2233/2513 2378/2488
f 2378/2488 2385/2494 2379/2489
f 2185/2491 2376/2487 2379/2489
f 2597/2479 2185/2491 2598/2480
f 2379/2489 2380/2495 2382/2490
f 2380/2495 2384/2493 2381/2499
f 2387/2559 2430/2503 2603/2502 2171/2497
f 2379/2489 2385/2494 2380/2495
f 2384/2493 2386/2496 2388/2498
f 2381/2499 2388/2498 2389/2500
f 2389/2500 2388/2498 2603/2502
f 2388/2498 2171/2497 2603/2502
f 2236/2508 2391/7181 2393/2505 2392/2506
f 2391/7181 2236/2508 2394/2550
f 2391/7181 2394/2550 2235/7180
f 2185/2491 2382/2490 2393/2505
f 2393/2505 2234/2501 2392/2506
f 2431/2548 2414/2560 2415/2535 2413/2540
f 2234/2501 2389/2500 2392/2506
f 2392/2506 2389/2500 2424/2504
f 2236/2508 2612/2509 2394/2550
f 2377/2363 2311/2362 2395/2486
f 2311/2362 2606/2518 2605/2510
f 2395/2486 2605/2510 2237/2512
f 2395/2486 2237/2512 2233/2513
f 2311/2362 2177/2355 2606/2518
f 2237/2512 2401/2511 2397/2515
f 2398/2514 2397/2515 2396/2516
f 2233/2513 2397/2515 2398/2514
f 2378/2488 2396/2516 2609/2527
f 2606/2518 2177/2355 2400/2517
f 2606/2518 2400/2517 2186/2519
f 2605/2510 2606/2518 2607/2520
f 2396/2516 2397/2515 2608/2523
f 2611/2522 2186/2519 2404/2528
f 2403/2524 2611/2522 2404/2528
f 2406/2525 2404/2528 2405/2541
f 2405/2541 2404/2528 2570/7184
f 2402/2526 2417/2529 2411/2532
f 2378/2488 2383/2492 2385/2494
f 2238/2530 2407/2531 2386/2496
f 2609/2527 2386/2496 2383/2492
f 2609/2527 2402/2526 2238/2530
f 2407/2531 2408/2533 2171/2497
f 2409/2534 2410/2538 2415/2535
f 2411/2532 2416/2537 2409/2534
f 2410/2538 2412/2539 2415/2535
f 2239/2536 2415/2535 2414/2560
f 2428/2554 2429/2557 2423/2551 2425/2552
f 2405/2541 2416/2537 2417/2529
f 2405/2541 2570/7184 2571/2542
f 2405/2541 2571/2542 2416/2537
f 2416/2537 2418/2543 2410/2538
f 2418/2543 2419/2544 2412/2539
f 2413/2540 2241/2415 2421/2547
f 2412/2539 2240/2545 2241/2415
f 2240/2545 2420/2546 2343/2416
f 2422/2549 2421/2547 2241/2415
f 2612/2509 2604/2507 2425/2552
f 2425/2552 2424/2504 2426/2553
f 2604/2507 2424/2504 2425/2552
f 2428/2554 2426/2553 2187/2555
f 2253/2606 2456/2603 2453/2602 2619/2601
f 2429/2557 2428/2554 2427/2556
f 2424/2504 2430/2503 2414/2560
f 2424/2504 2414/2560 2426/2553
f 2171/2497 2408/2533 2387/2559
f 2430/2503 2239/2536 2414/2560
f 2426/2553 2414/2560 2432/2561
f 2187/2555 2432/2561 2433/2562
f 2426/2553 2432/2561 2187/2555
f 2433/2562 2431/2548 2422/2549
f 2187/2555 2433/2562 2434/2396
f 2434/2396 2422/2549 2333/2397
f 2333/2397 2422/2549 2344/2417
f 2434/2396 2332/2398 2329/2394
f 2622/2558 2187/2555 2434/2396
f 2184/2567 2437/2572 2438/2568
f 2438/2568 2437/2572 2616/2569
f 2436/2564 2438/2568 2242/2565
f 2613/2570 2440/2573 2439/2571
f 2450/2575 2188/2580 2441/2574
f 2439/2571 2442/2577 2448/2578
f 2442/2577 2614/2576 2244/2579
f 2614/2576 2615/2582 2244/2579
f 2441/2574 2443/2581 2614/2576
f 2188/2580 2243/2583 2443/2581
f 2443/2581 2444/2584 2615/2582
f 2615/2582 2446/2633 2244/2579
f 2615/2582 2445/2585 2446/2633
f 2437/2572 2448/2578 2616/2569
f 2616/2569 2449/2588 2447/2587
f 2448/2578 2244/2579 2245/2589
f 2244/2579 2446/2633 2245/2589
f 2440/2573 2182/2591 2450/2575
f 2450/2575 2182/2591 2617/2593
f 2450/2575 2617/2593 2451/2595
f 2452/2596 2247/2594 2453/2602
f 2618/2597 2452/2596 2457/7185
f 2188/2580 2618/2597 2457/7185
f 2182/2591 2229/2598 2248/2592
f 2617/2593 2248/2592 2247/2594
f 2229/2598 2361/7186 2246/2599
f 2619/2601 2454/2600 2455/2605
f 2620/2604 2249/2610 2457/7185 2452/2596
f 2188/2580 2457/7185 2243/2583
f 2243/2583 2457/7185 2249/2610
f 2452/2596 2453/2602 2620/2604
f 2469/2624 2467/2607 2253/2606 2468/2623
f 2249/2610 2620/2604 2458/2609
f 2243/2583 2249/2610 2444/2584
f 2444/2584 2249/2610 2459/2586
f 2459/2586 2458/2609 2460/2611
f 2460/2611 2251/2615 2461/2613
f 2462/2612 2460/2611 2461/2613
f 2189/2608 2250/2616 2251/2615
f 2251/2615 2464/2617 2463/2618
f 2250/2616 2621/2631 2464/2617
f 2475/2614 2461/2613 2466/2620
f 2461/2613 2463/2618 2466/2620
f 2189/2608 2620/2604 2250/2616
f 2620/2604 2456/2603 2250/2616
f 2455/2605 2468/2623 2253/2606
f 2252/2622 2190/2626 2468/2623
f 2462/2612 2476/2637 2445/2585 2459/2586
f 2250/2616 2469/2624 2621/2631
f 2190/2626 2254/2627 2255/2625
f 2469/2624 2583/2318 2289/2315
f 2463/2618 2470/2629 2465/2619
f 2465/2619 2471/2630 2484/2628
f 2621/2631 2469/2624 2470/2629
f 2470/2629 2200/2317 2471/2630
f 2257/7187 2472/2590 2191/7188
f 2245/2589 2446/2633 2473/2632
f 2473/2632 2474/2634 2482/2639
f 2191/7188 2472/2590 2256/2635
f 2191/7188 2256/2635 2258/2642
f 2501/2693 2623/7189 2500/2673 2193/2687
f 2476/2637 2462/2612 2475/2614
f 2478/2636 2475/2614 2479/2638
f 2479/2638 2466/2620 2477/2621
f 2478/2636 2479/2638 2477/2621
f 2480/2640 2477/2621 2483/2301
f 2484/2628 2471/2630 2276/2302
f 2483/2301 2484/2628 2276/2302
f 2174/2298 2480/2640 2483/2301
f 2191/7188 2258/2642 2485/2643
f 2256/2635 2473/2632 2258/2642
f 2473/2632 2482/2639 2481/2641
f 2435/2650 2329/1692 2259/2646
f 2329/1692 2212/2644 2259/2646
f 2331/2647 2180/2652 2492/2648
f 2259/2646 2486/2645 2487/2649
f 2487/2649 2492/2648 2491/2660
f 2259/2646 2487/2649 2495/2664
f 2180/2652 2340/2654 2489/2653
f 2492/2648 2489/2653 2490/7190
f 2217/2655 2260/2675 2488/2656
f 2489/2653 2488/2656 2493/2658
f 2488/2656 2260/2675 2261/2657
f 2490/7190 2489/2653 2494/2659
f 2492/2648 2490/7190 2494/2659
f 2494/2659 2493/2658 2627/2661
f 2627/2661 2261/2657 2172/2695
f 2491/2660 2494/2659 2262/2662
f 2263/2666 2491/2660 2268/2663
f 2259/2646 2497/2665 2622/2651
f 2495/2664 2496/2667 2497/2665
f 2495/2664 2263/2666 2496/2667
f 2263/2666 2523/2721 2496/2667
f 2423/2670 2622/2651 2498/2668
f 2364/7191 2623/7189 2499/2676
f 2260/2675 2364/7191 2499/2676
f 2365/2674 2500/2673 2623/7189
f 2266/2696 2265/2677 2507/2686 2508/2699
f 2499/2676 2623/7189 2501/2693
f 2499/2676 2501/2693 2265/2677
f 2261/2657 2499/2676 2506/2678
f 2242/2688 2447/2689 2503/2683
f 2371/2682 2242/2688 2502/2681
f 2500/2673 2503/2683 2193/2687
f 2447/2689 2472/7192 2504/2690
f 2505/2685 2264/2684 2515/2691
f 2503/2683 2505/2685 2507/2686
f 2506/2678 2265/2677 2509/2694
f 2506/2678 2509/2694 2261/2657
f 2501/2693 2507/2686 2265/2677
f 2507/2686 2192/2692 2508/2699
f 2521/2713 2520/2714 2518/2711 2519/2702
f 2509/2694 2514/2697 2172/2695
f 2266/2696 2508/2699 2512/2698
f 2192/2692 2511/2701 2512/2698
f 2510/2700 2194/2708 2511/2701
f 2513/2703 2512/2698 2519/2702
f 2514/2697 2266/2696 2512/2698
f 2514/2697 2512/2698 2513/2703
f 2625/2704 2515/2691 2257/2705
f 2192/2692 2505/2685 2625/2704
f 2515/2691 2504/2690 2257/2705
f 2504/2690 2472/7192 2257/2705
f 2625/2704 2257/2705 2267/2707
f 2510/2700 2625/2704 2194/2708
f 2194/2708 2267/2707 2516/2709
f 2516/2709 2191/2706 2485/2710
f 2196/2297 2485/2710 2274/2294
f 2175/2296 2516/2709 2196/2297
f 2518/2711 2529/2727 2627/2661 2513/2703
f 2511/2701 2194/2708 2517/2712
f 2194/2708 2175/2296 2517/2712
f 2521/2713 2517/2712 2199/2312
f 2287/2314 2521/2713 2286/2310
f 2498/2668 2626/2716 2394/2671
f 2498/2668 2522/2718 2626/2716
f 2496/2667 2523/2721 2522/2718
f 2524/2719 2523/2721 2526/2729
f 2626/2716 2390/2722 2235/2717
f 2523/2721 2629/2720 2601/2723
f 2263/2666 2268/2663 2526/2729
f 2627/2661 2525/2725 2268/2663
f 2172/2695 2513/2703 2627/2661
f 2628/2726 2528/2372 2526/2729 2268/2663
f 2525/2725 2529/2727 2527/2728
f 2525/2725 2527/2728 2628/2726
f 2523/2721 2263/2666 2526/2729
f 2232/7193 2601/2723 2629/2720 2532/2731
f 2529/2727 2518/2711 2530/2715
f 2529/2727 2530/2715 2527/2728
f 2527/2728 2313/2366 2209/2370
f 2535/2387 2532/2731 2533/2730 2534/2385
f 2630/2739 2539/2741 2206/2349 2586/2343
f 2307/2353 2306/2350 2537/2733
f 2306/2350 2305/2339 2536/2732
f 2307/2353 2537/2733 2547/2735
f 2399/2734 2307/2353 2547/2735
f 2400/2737 2399/2734 2546/2736
f 2304/2348 2206/2349 2539/2741
f 2303/2347 2304/2348 2539/2741
f 2536/2732 2303/2347 2540/2742
f 2586/2343 2538/2346 2630/2739
f 2545/2750 2404/7194 2186/2738 2546/2736
f 2168/2345 2195/2740 2630/2739
f 2537/2733 2540/2742 2270/2745
f 2540/2742 2539/2741 2270/2745
f 2539/2741 2195/2740 2542/2746
f 2542/2746 2195/2740 2269/2747
f 2544/2743 2269/2747 2173/2748
f 2270/2745 2541/2744 2572/2785
f 2541/2744 2544/2743 2575/2790
f 2548/2787 2550/7195 2545/2750 2549/2751
f 2270/2745 2572/2785 2549/2751
f 2404/7194 2545/2750 2550/7195
f 2545/2750 2547/2735 2549/2751
f 2553/2756 2552/2320 2254/2627 2190/2760
f 2550/7195 2548/2787 2570/2784
f 2404/7194 2550/7195 2570/2784
f 2202/2327 2551/2752 2168/2345
f 2293/2323 2271/2754 2294/2326
f 2294/2326 2271/2754 2551/2752
f 2228/7196 2360/7197 2564/2772 2273/2776
f 2552/2320 2556/2757 2557/2758
f 2555/2753 2554/2759 2560/2755
f 2551/2752 2269/2747 2195/2740
f 2271/2754 2558/2764 2551/2752
f 2269/2747 2558/2764 2561/2766
f 2558/2764 2271/2754 2559/2765
f 2559/2765 2554/2759 2272/2771
f 2561/2766 2559/2765 2563/2769
f 2173/2748 2561/2766 2562/2767
f 2562/2767 2561/2766 2566/2770
f 2567/2768 2562/2767 2566/2770
f 2563/2769 2559/2765 2272/2771
f 2563/2769 2272/2771 2565/2773
f 2566/2770 2563/2769 2565/2773
f 2557/2758 2556/2757 2568/2763
f 2568/2763 2455/2762 2454/7198
f 2568/2763 2454/7198 2246/2777
f 2272/2771 2557/2758 2564/2772
f 2419/2798 2418/7199 2571/2783 2574/2782
f 2228/7196 2273/2776 2361/7200
f 2273/2776 2246/2777 2361/7200
f 2577/2781 2567/2768 2632/2774
f 2631/2778 2564/2772 2360/7197
f 2548/2787 2573/2786 2570/2784
f 2549/2751 2572/2785 2548/2787
f 2573/2786 2579/2796 2574/2782
f 2572/2785 2633/2788 2573/2786
f 2573/2786 2634/2789 2579/2796
f 2218/2794 2634/2789 2580/7201 2348/7202
f 2544/2743 2543/2749 2575/2790
f 2576/2791 2173/2748 2577/2781
f 2572/2785 2575/2790 2633/2788
f 2543/2749 2576/2791 2575/2790
f 2575/2790 2578/2792 2633/2788
f 2633/2788 2578/2792 2580/7201
f 2576/2791 2577/2781 2578/2792
f 2577/2781 2349/7203 2221/2793
f 2577/2781 2219/2780 2349/7203
f 2578/2792 2221/2793 2348/7202
f 2574/2782 2579/2796 2419/2798
f 2579/2796 2634/2789 2635/2795
f 2633/2788 2580/7201 2634/2789
f 2578/2792 2348/7202 2580/7201
f 2783/2829 2781/2832 2780/3275 2782/2833
f 2579/2796 2592/2799 2420/2797
f 2636/3157 2979/2803 2765/2801
f 2765/2801 2769/2804 2764/2805
f 2765/2801 3068/2806 2771/7204
f 2979/2803 2766/2807 2769/2804
f 2766/2807 2768/2809 2668/2808
f 2768/2809 2968/3145 2767/2826
f 2768/2809 2767/2826 2776/2810
f 2668/2808 2776/2810 2770/2811
f 2769/2804 2668/2808 2667/2812
f 2764/2805 2769/2804 2667/2812
f 3068/2806 2667/2812 3067/2813
f 3069/2814 3067/2813 2671/2817
f 2667/2812 2770/2811 2669/2816
f 2671/2817 2669/2816 2670/2819
f 2771/7204 3068/2806 3107/2822
f 2764/2805 2667/2812 3068/2806
f 3107/2822 3069/2814 2772/2821
f 2772/2821 2671/2817 2648/2820
f 2747/3233 2772/2821 2774/2824
f 2775/2825 2777/2828 2776/2810
f 2776/2810 2778/2830 2770/2811
f 2649/2827 2781/2832 2777/2828
f 2780/3275 2779/3274 2782/2833
f 2677/2871 3030/3245 3020/3230 2805/2869
f 2782/2833 3044/3269 3070/2834
f 2673/2836 2672/2835 3035/2837
f 2785/2838 3035/2837 2784/2842
f 2778/2830 2786/2839 3071/2815
f 2783/2829 3070/2834 2786/2839
f 2786/2839 2673/2836 2674/2840
f 2674/2840 2673/2836 2785/2838
f 2787/2841 2785/2838 3072/2843
f 2669/2816 2674/2840 2787/2841
f 2638/2818 2787/2841 2789/2844
f 2789/2844 3072/2843 2790/2846
f 3073/2847 2675/2852 2790/2846
f 2790/2846 2675/2852 2792/2850
f 2788/2845 2790/2846 2791/2848
f 2794/2849 2791/2848 2793/2860
f 3072/2843 2795/2851 3073/2847
f 2784/2842 2795/2851 3072/2843
f 2675/2852 3034/3255 2796/2853
f 3034/3255 3110/7205 2796/2853
f 2791/2848 2796/2853 3074/2854
f 2796/2853 3110/7205 2798/2857
f 2800/2855 2798/2857 2799/2858
f 2801/2862 3075/2861 2802/2863
f 2793/2860 2791/2848 3075/2861
f 3075/2861 3074/2854 2797/2856
f 2802/2863 2797/2856 2804/2864
f 2816/2866 2804/2864 2815/2867
f 3020/3230 2774/2824 2805/2869
f 2676/2877 2808/2875 2807/2874 2651/2884
f 2774/2824 2773/2823 2805/2869
f 2773/2823 2648/2820 2806/2872
f 2805/2869 2806/2872 2678/2870
f 2651/2884 2807/2874 2812/2881 2679/2882
f 2677/2871 2678/2870 2808/2875
f 3029/2876 2808/2875 2650/2878
f 2648/2820 2670/2819 2809/2879
f 2806/2872 2809/2879 2810/2873
f 2670/2819 2638/2818 2788/2845
f 2809/2879 2788/2845 2811/2880
f 2811/2880 2794/2849 2812/2881
f 2794/2849 2801/2862 2679/2882
f 2810/2873 2812/2881 2807/2874
f 2817/2991 2813/2885 2816/2866 2815/2867
f 3076/2883 2813/2885 2680/2891
f 2679/2882 2813/2885 3076/2883
f 2814/2886 2816/2866 2813/2885
f 2814/2886 2802/2863 2816/2866
f 2681/2892 2680/2891 2813/2885 2817/2991
f 2819/2887 2650/2878 2676/2877 2818/2888
f 2818/2888 2676/2877 2651/2884 3076/2883
f 2850/2938 2847/2932 2849/2937 2848/7206
f 3076/2883 2680/2891 3077/2890
f 3077/2890 2681/2892 2820/7207
f 2822/2895 2821/2894 2824/2899
f 2980/2913 2652/2900 2682/2906
f 2824/2899 2652/2900 2980/2913
f 2931/3087 2639/3069 2825/2902
f 2683/2901 2839/2903 3078/2904
f 3078/2904 2839/2903 2826/7208
f 2821/2894 2683/2901 2827/2898
f 2682/2906 2828/2905 2829/2914
f 2829/2914 2828/2905 3079/2909
f 2828/2905 3078/2904 2684/2908
f 2826/7208 2830/2907 3078/2904
f 2836/2910 2684/2908 2832/2918
f 2832/2918 2684/2908 2642/2912
f 2837/2919 2832/2918 2642/2912
f 2837/2919 2642/2912 2833/2973
f 2835/2915 2829/2914 3080/2916
f 2980/2913 2682/2906 2829/2914
f 3080/2916 3079/2909 2836/2910
f 2837/2919 2833/2973 2865/2921
f 2639/3069 2840/2923 2825/2902
f 2840/2923 2842/2925 2839/2903
f 2841/2924 2844/2927 2842/2925
f 2844/2927 2846/2931 2842/2925
f 2842/2925 2655/2930 2685/2943
f 2842/2925 2685/2943 2830/2907
f 2839/2903 2830/2907 2826/7208
f 2843/3065 2845/2926 2841/2924
f 2845/2926 3065/2928 2844/2927
f 3066/2929 2653/2935 2655/2930
f 2844/2927 3066/2929 2846/2931
f 2655/2930 2849/2937 2847/2932
f 2847/2932 2850/2938 2686/2933
f 2849/2937 3064/2936 2848/7206
f 2688/2963 2855/2954 2858/2953 2862/2959
f 2686/2933 3081/2940 2851/2941
f 2685/2943 2853/2934 2852/2944
f 2830/2907 2852/2944 2684/2908
f 2655/2930 2847/2932 2853/2934
f 2686/2933 2851/2941 2831/2911
f 2854/2945 2851/2941 2654/2942
f 2684/2908 2852/2944 2831/2911
f 2831/2911 2854/2945 2687/2946
f 2642/2912 2687/2946 3082/2947
f 2689/2951 2859/2950 2855/2954
f 2856/2949 2857/2948 2689/2951
f 2687/2946 2654/2942 2857/2948
f 2859/2950 3083/2952 2858/2953
f 2688/2963 2870/2965 2860/2974 2855/2954
f 2689/2951 2855/2954 2860/2974
f 2871/2978 2694/2976 2870/2965 2692/2964
f 2654/2942 2640/2939 3083/2952
f 2858/2953 2861/2955 2690/2957
f 3083/2952 2640/2939 2861/2955
f 2862/2959 2690/2957 3055/2958
f 2692/2964 2862/2959 2863/2966
f 2692/2964 2864/2967 2723/7209
f 2641/2920 2865/2921 2992/7210
f 2833/2973 2866/2971 2865/2921
f 2866/2971 2869/2969 2867/2968
f 2865/2921 2867/2968 2868/2972
f 2642/2912 3082/2947 2866/2971
f 2869/2969 2689/2951 2860/2974
f 2869/2969 2860/2974 2693/2975
f 2866/2971 2856/2949 2869/2969
f 2656/2970 2693/2975 2872/2979
f 2693/2975 2694/2976 2872/2979
f 3088/3014 2890/2987 3085/2981 2891/3012
f 2868/2972 2656/2970 2872/2979
f 2996/7211 2868/2972 2872/2979
f 2872/2979 2871/2978 2873/7212
f 2681/2892 2874/2988 2820/7207
f 2681/2892 2875/2980 2696/2982
f 2681/2892 2696/2982 2874/2988
f 2875/2980 2876/2984 3085/2981
f 2874/2988 2890/2987 2877/2990
f 2696/2982 3085/2981 2890/2987
f 3085/2981 2695/2986 2891/3012
f 3084/2983 2817/2991 2878/3022 2697/2992
f 2817/2991 3084/2983 2875/2980
f 2815/2867 2878/3022 2817/2991
f 2888/3007 2701/3016 2702/3002 2886/3004
f 2881/2995 2879/2994 2880/2997
f 3084/2983 2881/2995 2876/2984
f 2881/2995 2698/2998 2657/2985
f 2657/2985 2698/2998 2893/3000
f 3087/3001 2884/2996 2882/2999
f 2882/2999 2702/3002 2701/3016
f 2698/2998 2880/2997 3087/3001
f 2884/2996 2883/3048 2702/3002
f 2883/3048 2699/3003 2702/3002
f 2699/3003 2885/3005 2886/3004
f 2885/3005 2645/3081 2700/3006
f 2887/3008 2888/3007 2886/3004 2700/3006
f 2644/3020 3088/3014 2891/3012 2896/3013
f 2695/2986 2889/3010 2891/3012
f 2888/3007 2895/3018 2892/3017 2701/3016
f 3088/3014 2644/3020 2704/3015
f 2657/2985 2893/3000 2889/3010
f 2893/3000 2701/3016 2892/3017
f 2889/3010 2892/3017 2705/3011
f 2705/3011 2892/3017 2895/3018
f 2899/3032 2901/3025 2898/3023 2706/3024
f 2895/3018 2888/3007 2894/3009
f 2896/3013 2895/3018 2703/3019
f 2878/3022 2897/2868 2697/2992
f 3091/3035 3089/3026 2901/3025 2899/3032
f 2905/3036 2900/3027 3089/3026 3091/3035
f 2711/3044 2904/3037 2905/3036 2707/3034
f 2697/2992 2898/3023 2901/3025
f 2879/2994 3089/3026 2900/3027
f 2706/3024 2902/2859 2708/3028
f 2708/3028 2903/3029 3090/3033
f 3090/3033 2903/3029 2709/3031
f 2899/3032 3090/3033 2707/3034
f 2906/3042 2707/3034 3090/3033 2709/3031
f 3093/3039 2905/3036 2904/3037
f 2712/3051 3095/3049 2710/3038 3094/3046
f 2711/3044 2707/3034 2906/3042
f 2904/3037 2658/3045 2710/3038
f 2884/2996 2900/3027 2883/3048
f 2907/3047 3095/3049 2699/3003
f 2907/3047 3093/3039 3092/3040
f 2900/3027 2905/3036 3093/3039
f 3092/3040 2710/3038 3095/3049
f 2922/3073 2719/7213 2896/3013 2703/3019
f 3095/3049 2712/3051 2885/3005
f 2885/3005 2713/3052 2645/3081
f 2712/3051 2908/3050 2713/3052
f 2713/3052 2913/3053 2912/3057
f 3094/3046 2909/3054 2908/3050
f 2909/3054 2910/3062 2911/3055
f 2910/3062 2714/3061 2911/3055
f 2658/3045 3096/3043 2909/3054
f 3096/3043 2910/3062 2909/3054
f 3096/3043 2715/3059 2910/3062
f 2906/3042 2914/3058 3096/3043
f 3042/3060 2915/7214 2914/3058
f 2914/3058 2714/3061 2715/3059
f 2914/3058 2915/7214 2714/3061
f 2915/7214 3097/3063 2714/3061
f 2714/3061 2916/3064 2918/3067
f 2918/3067 2916/3064 2919/3068
f 2916/3064 2843/3065 2841/2924
f 2659/3056 2917/3066 2716/3070
f 2911/3055 2918/3067 2917/3066
f 2919/3068 2841/2924 2840/2923
f 2917/3066 2840/2923 2639/3069
f 2920/3021 2896/3013 2719/7213
f 2924/3076 2717/3077 2719/7213 2922/3073
f 2703/3019 2894/3009 2921/3072
f 2931/3087 2722/3085 2716/3070 2639/3069
f 2922/3073 2921/3072 2923/3075
f 2924/3076 2923/3075 2929/3083
f 2718/3071 2920/3021 2717/3077
f 2989/7215 2718/3071 2925/3078
f 2920/3021 2719/7213 2717/3077
f 2894/3009 2887/3008 2928/3074
f 2926/3079 2927/3080 2928/3074
f 2921/3072 2928/3074 2927/3080
f 2645/3081 2713/3052 2926/3079
f 2912/3057 2659/3056 2720/3082
f 2927/3080 2720/3082 2929/3083
f 2927/3080 2929/3083 2923/3075
f 2930/3084 2720/3082 2722/3085
f 2727/3146 2945/3106 2726/3098 2660/3105
f 2721/3086 2930/3084 2931/3087
f 2930/3084 2722/3085 2931/3087
f 2931/3087 2825/2902 2823/2897
f 2933/2896 2931/3087 2823/2897
f 2925/3078 2717/3077 2932/3088
f 2982/7216 2932/3088 2934/2893
f 2717/3077 2924/3076 2932/3088
f 2924/3076 2929/3083 2930/3084
f 2932/3088 2930/3084 2721/3086
f 2932/3088 2721/3086 2933/2896
f 2934/2893 2933/2896 2821/2894
f 2873/3091 2935/3090 2936/3107
f 2871/3089 2938/3095 2935/3090
f 2935/3090 2725/3093 2937/3099
f 2935/3090 2937/3099 2936/3107
f 2938/3095 2725/3093 2935/3090
f 2723/3092 2939/3096 2725/3093
f 2724/3097 2943/3101 2726/3098
f 2941/3100 2952/3125 2940/3102
f 2941/3100 2940/3102 2943/3101
f 2937/3099 2726/3098 2945/3106
f 2729/3109 2723/3092 2864/7217 2863/3111
f 2945/3106 2727/3146 2944/3108
f 2956/3133 2957/3129 2955/3103 2734/3128
f 2863/3111 2948/3116 2728/3112
f 2729/3109 2728/3112 2953/3114
f 2946/3110 2729/3109 2947/3115
f 2939/3096 2946/3110 2947/3115
f 2948/3116 2637/3118 2731/3117
f 2949/3113 2950/3120 2733/3122
f 2733/3122 2950/3120 2951/3123
f 2732/3126 2949/3113 2733/3122
f 2941/3100 2947/3115 2952/3125
f 2952/3125 2953/3114 2954/3127
f 2953/3114 2949/3113 2732/3126
f 2734/3128 2732/3126 2958/3132
f 2940/3102 2952/3125 2955/3103
f 2955/3103 2954/3127 2734/3128
f 2963/3134 2735/3130 2956/3133 2958/3132
f 2957/3129 2956/3133 2735/3130
f 2969/3144 2968/3145 2738/3153 2965/3142
f 2735/3130 2959/3135 2961/3131
f 2961/3131 2960/3136 2974/3151
f 2958/3132 2732/3126 2962/3124
f 2732/3126 2733/3122 2962/3124
f 2736/3137 3045/3138 2963/3134
f 2964/3140 2780/2831 2649/2827
f 2959/3135 2966/3141 2960/3136
f 2963/3134 2964/3140 2966/3141
f 2967/3143 2649/2827 2775/2825
f 2966/3141 2967/3143 2965/3142
f 2965/3142 2775/2825 2969/3144
f 2969/3144 2775/2825 2767/2826
f 2970/3147 2727/3146 2971/3149
f 2727/3146 2660/3105 2737/3148
f 2971/3149 2737/3148 2975/3152
f 2972/3150 2971/3149 2977/3156
f 2660/3105 2943/3101 2737/3148
f 2942/3104 2955/3103 2957/3129
f 2943/3101 2942/3104 2737/3148
f 2737/3148 2957/3129 2974/3151
f 2973/3155 2974/3151 2960/3136
f 2975/3152 2974/3151 2973/3155
f 2975/3152 2973/3155 2738/3153
f 2738/3153 2960/3136 2965/3142
f 2741/3176 2986/3239 2985/3159 2740/3173
f 2766/2807 2968/3145 2768/2809
f 2978/3154 2968/3145 2766/2807
f 2976/7218 2977/3156 2636/3157
f 2971/3149 2975/3152 2977/3156
f 2977/3156 2975/3152 2978/3154
f 2977/3156 2978/3154 2979/2803
f 2822/3164 2824/7219 2739/3161
f 2824/7219 2980/3158 2983/3160
f 2739/3161 2824/7219 2983/3160
f 2988/3162 2983/3160 2981/7220
f 2934/7221 2822/3164 2982/3163
f 3080/3174 2834/3166 2661/3168
f 3080/3174 2661/3168 3098/3171
f 2838/3167 2641/3169 2661/3168
f 3098/3171 2661/3168 2984/3172
f 2835/3165 3080/3174 2740/3173
f 2983/3160 2985/3159 2986/3239
f 2989/3178 2925/7222 2932/7223 2982/3163
f 2984/3172 2661/3168 3100/3188
f 2984/3172 3100/3188 3004/3177
f 3099/3175 3004/3177 2647/3208
f 3011/3222 3000/3199 3101/3196 2944/7224
f 2981/7220 2983/3160 2986/3239
f 2981/7220 2986/3239 2987/3236
f 2990/3181 2981/7220 2987/3236
f 2988/3162 2981/7220 2990/3181
f 2989/3178 2988/3162 2991/3179
f 2865/3183 2868/3191 2993/3184
f 2661/3168 2992/3170 3100/3188
f 3100/3188 2995/3185 2994/3189
f 2872/3195 2742/3192 2996/3190
f 2996/3190 2997/3193 2993/3184
f 2873/3194 3101/3196 2742/3192
f 2742/3192 3101/3196 2997/3193
f 2873/3194 2936/7225 3101/3196
f 2997/3193 2999/3198 2663/3186
f 2998/3197 3000/3199 2999/3198
f 2936/7225 2944/7224 3101/3196
f 2976/3225 3015/3226 3014/3215 3013/3224
f 2999/3198 3001/3200 3002/3205
f 3001/3200 3000/3199 3012/3220
f 3002/3205 3001/3200 2662/3212
f 2994/3189 3102/3187 2744/3201
f 2663/3186 2999/3198 3003/3202
f 2744/3201 3102/3187 3103/3203
f 2999/3198 3002/3205 3003/3202
f 3003/3202 3002/3205 3103/3203
f 3103/3203 3105/3206 2743/3204
f 3004/3177 3100/3188 3104/3207
f 3104/3207 2744/3201 2743/3204
f 3104/3207 3005/3209 2647/3208
f 2743/3204 2746/3211 3005/3209
f 3002/3205 3006/3213 3105/3206
f 2662/3212 3008/3217 3006/3213
f 2746/3211 3105/3206 3106/3214
f 3006/3213 3008/3217 3106/3214
f 3007/3216 3014/3215 3015/3226
f 3106/3214 3008/3217 3007/3216
f 2745/3210 3005/3209 3009/3218
f 3005/3209 2746/3211 3106/3214
f 3009/3218 3106/3214 3007/3216
f 2662/3212 3001/3200 3010/3221
f 3011/3222 2944/7224 2970/7226
f 3011/3222 2970/7226 2972/3223
f 3012/3220 3011/3222 3013/3224
f 2662/3212 3014/3215 3008/3217
f 2765/2801 2771/7204 3019/3227 3016/2802
f 3015/3226 2976/3225 3016/2802
f 2976/3225 2636/2800 3016/2802
f 3037/3254 2665/3249 3110/7205 3034/3255
f 3009/3218 3007/3216 3018/3231
f 3017/3232 2747/3233 3021/3229
f 3018/3231 3017/3232 3021/3229
f 3018/3231 3007/3216 3017/3232
f 3007/3216 3015/3226 3019/3227
f 3019/3227 3107/2822 2747/3233
f 3107/2822 3019/3227 2771/7204
f 3021/3229 2774/2824 3020/3230
f 2644/3182 2991/3179 2704/7227
f 2991/3179 3022/7228 2704/7227
f 2991/3179 3025/3235 3022/7228
f 2990/3181 3108/3234 2991/3179
f 2987/3236 3023/3238 3108/3234
f 2704/7227 3022/7228 2890/7229
f 3022/7228 3025/3235 2890/7229
f 2986/3239 2741/3176 3026/3240
f 2986/3239 2749/3241 3023/3238
f 2741/3176 3099/3175 3027/3242
f 3099/3175 2647/3208 3027/3242
f 2647/3208 2745/3210 3027/3242
f 3027/3242 3028/3219 3109/3243
f 3026/3240 3109/3243 2749/3241
f 3023/3238 2749/3241 3032/3247
f 3109/3243 2748/3244 3029/2876
f 3028/3219 3018/3231 2748/3244
f 3018/3231 3030/3245 2748/3244
f 3018/3231 3020/3230 3030/3245
f 2748/3244 3030/3245 3029/2876
f 3025/3235 3031/3246 2877/7230
f 2877/7230 3031/3246 2874/3248
f 3024/3237 3032/3247 3031/3246
f 3023/3238 3032/3247 3024/3237
f 2749/3241 2650/2878 2819/2887
f 2799/7231 2798/2857 2903/7232
f 2798/2857 3110/7205 2665/3249
f 2903/7232 2798/2857 3033/3250
f 3034/3255 2675/2852 2750/3251
f 2675/2852 2795/2851 2750/3251
f 2795/2851 2784/2842 3035/2837
f 2750/3251 2672/2835 2664/3252
f 3039/3260 2761/3257 3037/3254 3036/3253
f 2760/3294 2861/3299 3052/3287 2666/3292
f 3036/3253 2664/3252 2751/3258
f 3040/3266 2903/7232 2754/3267
f 2903/7232 3033/3250 2754/3267
f 2709/3263 3040/3266 3043/3264
f 3033/3250 2665/3249 2752/3256
f 2754/3267 3033/3250 3041/3261
f 2754/3267 3041/3261 2753/3262
f 3043/3264 2754/3267 2753/3262
f 2643/3265 3043/3264 3042/3268
f 3070/2834 3044/3269 2672/2835
f 2782/2833 2779/3274 3044/3269
f 2756/3276 2757/3279 3046/3271
f 3111/3270 3048/3280 2664/3252
f 2755/3272 3049/3284 3048/3280
f 2755/3272 3046/3271 3049/3284
f 3046/3271 2757/3279 3049/3284
f 2757/3279 3047/3282 3049/3284
f 3049/3284 3051/3283 3050/3285
f 3049/3284 3050/3285 3048/3280
f 2758/3281 3048/3280 3050/3285
f 3051/3283 3047/3282 3052/3287
f 3047/3282 2757/3279 3053/3291
f 3114/3278 2646/3277 2951/7233
f 3053/3291 3114/3278 2759/3295
f 3114/3278 2951/7233 2950/7234
f 2759/3295 3114/3278 2730/3297
f 3047/3282 3053/3291 2666/3292
f 3054/3293 3053/3291 2759/3295
f 3055/3296 2759/3295 2691/3298
f 2691/3298 2730/3297 2637/7235
f 2760/3294 3054/3293 3055/3296
f 3113/3289 3057/3290 3056/3311
f 3112/3286 3058/3288 3057/3290
f 3064/3309 3062/3306 2762/3307 3063/3312
f 3058/3288 2861/3299 2640/3300
f 2753/3262 3059/3302 2915/3301
f 3059/3302 3061/3304 2915/3301
f 2753/3262 2752/3256 3059/3302
f 3059/3302 2761/3257 3060/3303
f 3060/3303 2763/3308 3065/3315
f 3060/3303 3065/3315 3061/3304
f 3061/3304 3065/3315 3097/3305
f 3038/3259 2751/3258 2758/3281
f 2762/3307 2758/3281 3113/3289
f 3113/3289 3063/3312 2762/3307
f 2761/3257 2763/3308 3060/3303
f 3062/3306 3064/3309 2763/3308
f 3494/3338 3213/3334 3140/3335 3236/3371
f 3056/3311 2850/3314 2848/3313
f 3057/3290 2640/3300 2850/3314
f 3063/3312 2848/3313 3064/3309
f 3139/3321 3492/3322 3206/3324
f 3207/3327 3116/3349 3222/3328
f 3208/3320 3222/3328 3209/3332
f 3209/3332 3210/3329 3214/3331
f 3224/3330 3140/3335 3214/3331
f 3214/3331 3140/3335 3212/3333
f 3213/3334 3494/3338 3217/3345
f 3213/3334 3220/3343 3218/3342 3211/3323
f 3494/3338 3118/3337 3215/3339
f 3217/3345 3494/3338 3216/3340
f 3219/3341 3206/3324 3218/3342
f 3125/3383 3231/3369 3230/3361 3241/3382
f 3221/3344 3217/3345 3254/3346
f 3220/3343 3213/3334 3217/3345
f 3254/3346 3217/3345 3216/3340
f 3254/3346 3216/3340 3253/3403
f 3222/3328 3210/3329 3209/3332
f 3391/3348 3141/3350 3222/3328
f 3223/3351 3226/3353 3224/3330
f 3391/3348 3495/3355 3141/3350
f 3463/3354 3462/3749 3495/3355
f 3495/3355 3225/3352 3223/3351
f 3225/3352 3142/3357 3226/3353
f 3234/3358 3227/3362 3233/3367
f 3234/3358 3228/3360 3227/3362
f 3230/3361 3229/3363 3243/3365
f 3227/3362 3230/3361 3231/3369
f 3230/3361 3243/3365 3241/3382
f 3143/3372 3496/3370 3231/3369 3125/3383
f 3224/3330 3232/3366 3140/3335
f 3232/3366 3235/3368 3236/3371
f 3232/3366 3236/3371 3140/3335
f 3226/3353 3234/3358 3232/3366
f 3234/3358 3233/3367 3232/3366
f 3233/3367 3231/3369 3235/3368
f 3235/3368 3231/3369 3496/3370
f 3145/3408 3118/3337 3497/3373 3238/3376
f 3496/3370 3143/3372 3118/3337
f 3236/3371 3496/3370 3493/3336
f 3240/3378 3126/3381 3145/3408 3238/3376
f 3497/3373 3237/3374 3238/3376
f 3125/3383 3242/3375 3143/3372
f 3238/3376 3237/3374 3239/3377
f 3439/3392 3513/3523 3498/3398 3248/3393
f 3241/3382 3243/3365 3244/3384
f 3237/3374 3242/3375 3245/3379
f 3242/3375 3241/3382 3146/3385
f 3245/3379 3146/3385 3247/3386
f 3251/3387 3247/3386 3246/3389
f 3146/3385 3545/3390 3441/3391
f 3147/3388 3441/3391 3200/3720
f 3247/3386 3146/3385 3147/3388
f 3250/3396 3246/3389 3248/3393
f 3246/3389 3147/3388 3248/3393
f 3293/3458 3128/3464 3284/3453 3283/3452
f 3259/3394 3144/3380 3499/3395
f 3499/3395 3249/3397 3262/3400
f 3144/3380 3239/3377 3251/3387
f 3239/3377 3245/3379 3251/3387
f 3499/3395 3246/3389 3250/3396
f 3144/3380 3251/3387 3499/3395
f 3249/3397 3250/3396 3498/3398
f 3512/3520 3498/3398 3513/3523
f 3252/3399 3498/3398 3512/3520
f 3148/3412 3252/3399 3512/3520
f 3117/3347 3254/3346 3436/3717
f 3254/3346 3253/3403 3257/3407
f 3500/3405 3127/3410 3264/3415
f 3256/3402 3500/3405 3502/3406
f 3500/3405 3264/3415 3502/3406
f 3253/3403 3256/3402 3257/3407
f 3253/3403 3216/3340 3255/3401
f 3255/3401 3215/3339 3258/3404
f 3255/3401 3258/3404 3256/3402
f 3145/3408 3126/3381 3260/3409
f 3258/3404 3260/3409 3500/3405
f 3260/3409 3259/3394 3127/3410
f 3127/3410 3501/3411 3261/3414
f 3501/3411 3262/3400 3261/3414
f 3259/3394 3499/3395 3501/3411
f 3262/3400 3252/3399 3263/3413
f 3502/3406 3264/3415 3265/3417
f 3265/3417 3266/3416 3149/3418
f 3264/3415 3261/3414 3265/3417
f 3267/3422 3268/3426 3402/3424
f 3150/3421 3503/3430 3267/3422
f 3507/3427 3273/3425 3504/7236
f 3402/3424 3268/3426 3507/3427
f 3269/3428 3271/3432 3270/3429
f 3267/3422 3503/3430 3273/3425
f 3271/3432 3280/3451 3272/3433
f 3270/3429 3272/3433 3152/3431
f 3151/3434 3152/3431 3284/3453
f 3151/3434 3284/3453 3128/3464
f 3504/7236 3273/3425 3275/3435
f 3504/7236 3275/3435 3276/3440
f 3151/3434 3128/3464 3274/3436
f 3151/3434 3274/3436 3275/3435
f 3275/3435 3154/3438 3506/3439
f 3277/3443 3506/3439 3307/3442
f 3507/7237 3278/3444 3279/3446
f 3507/3427 3504/7236 3278/3444
f 3278/3444 3504/7236 3276/3440
f 3278/3444 3276/3440 3277/3443
f 3280/3451 3281/3450 3272/3433
f 3272/3433 3281/3450 3282/3448
f 3281/3450 3153/3455 3282/3448
f 3282/3448 3153/3455 3283/3452
f 3476/3462 3291/3461 3489/7238 3119/7239
f 3152/3431 3282/3448 3284/3453
f 3347/3449 3285/3454 3281/3450
f 3285/3454 3286/3556 3287/3456
f 3283/3452 3287/3456 3288/3457
f 3153/3455 3285/3454 3283/3452
f 3289/3459 3291/3461 3292/3463
f 3289/3459 3488/7240 3291/3461
f 3488/7240 3489/7238 3291/3461
f 3310/3491 3369/3492 3312/3488 3309/3487
f 3290/3460 3292/3463 3294/3465
f 3288/3457 3290/3460 3293/3458
f 3294/3465 3292/3463 3508/3441
f 3294/3465 3508/3441 3506/3439
f 3307/3442 3508/3441 3295/3467
f 3295/3467 3156/3466 3155/3483
f 3155/3483 3156/3466 3297/3469
f 3297/3469 3509/3468 3296/3474
f 3297/3469 3296/3474 3308/3470
f 3308/3470 3296/3474 3299/3471
f 3292/3463 3476/3462 3156/3466
f 3476/3462 3202/7241 3156/3466
f 3156/3466 3202/7241 3509/3468
f 3509/3468 3202/7241 3298/3473
f 3296/3474 3298/3473 3299/3471
f 3299/3471 3298/3473 3300/3475
f 3157/3476 3300/3475 3301/3478
f 3303/3477 3299/3471 3157/3476
f 3304/3479 3301/3478 3302/3480
f 3120/3447 3277/3443 3158/3482
f 3306/7242 3158/3482 3305/3486
f 3158/3482 3307/3442 3510/3484
f 3307/3442 3295/3467 3155/3483
f 3510/3484 3308/3470 3159/3485
f 3308/3470 3130/3472 3159/3485
f 3304/3479 3311/3490 3310/3491 3157/3476
f 3159/3485 3130/3472 3309/3487
f 3309/3487 3303/3477 3157/3476
f 3309/3487 3157/3476 3310/3491
f 3328/3519 3409/3563 3430/3516 3323/3515
f 3304/3479 3372/7243 3371/3489
f 3414/3493 3305/3486 3312/3488
f 3311/3490 3371/3489 3369/3492
f 3314/3420 3161/3497 3324/3514
f 3148/3412 3160/3496 3313/3495
f 3148/3412 3315/3499 3160/3496
f 3315/3499 3330/3498 3511/3500
f 3511/3500 3131/3505 3162/3502
f 3160/3496 3316/3501 3161/3497
f 3316/3501 3162/3502 3161/3497
f 3161/3497 3162/3502 3325/3504
f 3162/3502 3318/3506 3317/3503
f 3322/3508 3321/3510 3360/3512
f 3161/3497 3325/3504 3324/3514
f 3325/3504 3323/3515 3324/3514
f 3325/3504 3326/3511 3323/3515
f 3327/3517 3326/3511 3355/3518
f 3336/3539 3320/3509 3335/3538 3171/3537
f 3330/3498 3329/3521 3163/3522
f 3512/3520 3513/3523 3329/3521
f 3511/3500 3330/3498 3131/3505
f 3166/3524 3164/3526 3331/3527
f 3332/3525 3166/3524 3165/3528
f 3329/3521 3332/3525 3333/3529
f 3165/3528 3331/3527 3550/3531
f 3333/3529 3165/3528 3167/3532
f 3333/3529 3167/3532 3168/3533
f 3169/3530 3333/3529 3334/3534
f 3131/3505 3163/3522 3318/3506
f 3318/3506 3335/3538 3319/3507
f 3163/3522 3329/3521 3171/3537
f 3171/3537 3329/3521 3169/3530
f 3336/3539 3169/3530 3133/3536
f 3170/3540 3514/3573 3320/3509 3336/3539
f 3340/3545 3175/3542 3172/3549 3134/3543
f 3514/3573 3337/3541 3339/3572
f 3514/3573 3170/3540 3337/3541
f 3337/3541 3175/3542 3338/3547
f 3339/3572 3337/3541 3174/3574
f 3337/3541 3338/3547 3174/3574
f 3133/3536 3172/3549 3175/3542
f 3178/3562 3348/3557 3349/3548 3351/3559
f 3172/3549 3342/7244 3134/3543
f 3134/3543 3350/3558 3173/3544
f 3338/3547 3341/3546 3174/3574
f 3175/3542 3340/3545 3341/3546
f 3334/3534 3172/3549 3133/3536
f 3343/3535 3345/3551 3342/7244
f 3343/3535 3342/7244 3172/3549
f 3168/3533 3344/3550 3343/3535
f 3167/3532 3515/3552 3344/3550
f 3342/7244 3345/3551 3134/3543
f 3345/3551 3176/3560 3134/3543
f 3134/3543 3176/3560 3350/3558
f 3345/3551 3177/3553 3176/3560
f 3346/3554 3491/3555 3347/3449
f 3173/3544 3350/3558 3349/3548
f 3271/3432 3269/3428 3365/3581 3364/3578
f 3177/3553 3347/3449 3351/3559
f 3351/3559 3280/3451 3352/3561
f 3409/3563 3328/3519 3353/3564
f 3353/3564 3328/3519 3355/3518
f 3355/3518 3132/3513 3354/3568
f 3353/3564 3355/3518 3356/3569
f 3320/3509 3514/3573 3321/3510
f 3180/3571 3339/3572 3362/3575
f 3362/3575 3174/3574 3361/3576
f 3359/3567 3180/3571 3362/3575
f 3359/3567 3362/3575 3179/3577
f 3179/3577 3361/3576 3178/3562
f 3361/3576 3341/3546 3348/3557
f 3363/3570 3178/3562 3364/3578
f 3364/3578 3178/3562 3352/3561
f 3271/3432 3352/3561 3280/3451
f 3365/3581 3363/3570 3364/3578
f 3374/3586 3181/3585 3373/3594 3376/7245
f 3368/3583 3365/3581 3269/3428
f 3357/3566 3366/3582 3367/3584
f 3528/3580 3357/3566 3367/3584
f 3357/3566 3356/3569 3366/3582
f 3367/3584 3366/3582 3368/3583
f 3150/3421 3269/3428 3503/3430
f 3367/3584 3368/3583 3150/3421
f 3193/7246 3367/3584 3115/3423
f 3370/3591 3181/3585 3182/3587
f 3370/3591 3182/3587 3369/3589
f 3371/3590 3373/3594 3181/3585
f 3373/3594 3518/3595 3376/7245
f 3384/3613 3385/3614 3516/3598 3381/3606
f 3376/7245 3375/3597 3374/3586
f 3376/7245 3518/3595 3375/3597
f 3375/3597 3378/3596 3377/3600
f 3516/3598 3385/3614 3379/3599
f 3378/3596 3516/3598 3377/3600
f 3377/3600 3379/3599 3135/3601
f 3182/3587 3374/3586 3183/7247
f 3374/3586 3394/3602 3183/7247
f 3375/3597 3135/3601 3394/3602
f 3183/7247 3394/3602 3416/3633
f 3517/3593 3184/3604 3380/3605
f 3517/3593 3380/3605 3518/3595
f 3381/3606 3382/7248 3383/3609
f 3381/3606 3136/3608 3382/7248
f 3383/3609 3382/7248 3121/3610
f 3381/3606 3383/3609 3388/3612
f 3518/3595 3516/3598 3378/3596
f 3392/3629 3187/3615 3384/3613 3388/3612
f 3385/3614 3384/3613 3187/3615
f 3525/3638 3394/3602 3135/3601 3395/3636
f 3386/3617 3187/3615 3392/3629
f 3186/3616 3187/3615 3386/3617
f 3387/3618 3386/3617 3185/3630
f 3388/3612 3389/3611 3519/3619
f 3389/3611 3121/3610 3552/3624
f 3389/3611 3552/3624 3519/3619
f 3392/3629 3388/3612 3522/3620
f 3519/3619 3188/3622 3520/3621
f 3552/3624 3551/3625 3188/3622
f 3390/3623 3391/3348 3393/3626
f 3386/3617 3392/3629 3185/3630
f 3522/3620 3523/3631 3397/3627
f 3393/3626 3116/3349 3524/3646
f 3394/3602 3525/3638 3190/3632
f 3396/3634 3191/3640 3186/3616 3387/3618
f 3191/3640 3396/3634 3395/3636
f 3525/3638 3395/3636 3526/3637
f 3190/3632 3525/3638 3189/3639
f 3135/3601 3191/3640 3395/3636
f 3385/3614 3186/3616 3379/3599
f 3379/3599 3186/3616 3191/3640
f 3398/3643 3396/3634 3387/3618 3185/3630
f 3523/3631 3527/3644 3192/3641 3397/3627
f 3137/3635 3396/3634 3398/3643
f 3137/3635 3398/3643 3192/3641
f 3185/3630 3521/3628 3398/3643
f 3192/3641 3521/3628 3397/3627
f 3116/3349 3207/3327 3123/3326 3524/3646
f 3527/3644 3523/3631 3393/3626
f 3399/3645 3393/3626 3123/3326
f 3415/3684 3414/3682 3369/7249 3183/7250
f 3400/3642 3527/3644 3399/3645
f 3190/3632 3189/3639 3401/3648
f 3425/3647 3190/3632 3401/3648
f 3189/3639 3526/3637 3400/3642
f 3205/3319 3123/3326 3208/3320
f 3402/3652 3507/7251 3403/3653
f 3404/3650 3403/3653 3405/3659
f 3507/7251 3405/3659 3403/3653
f 3507/7251 3279/3656 3405/3659
f 3405/3659 3194/3658 3406/3662
f 3405/3659 3406/3662 3196/3660
f 3196/3660 3195/3663 3122/3664
f 3196/3660 3433/3665 3407/3672
f 3407/3672 3433/3665 3198/3708
f 3528/3655 3193/3651 3530/3669
f 3193/3651 3404/3650 3529/3661
f 3529/3661 3196/3660 3407/3672
f 3530/3669 3529/3661 3408/3671
f 3408/3671 3529/3661 3532/3673
f 3407/3672 3198/3708 3532/3673
f 3358/3668 3197/3667 3410/3677
f 3410/3677 3531/3670 3429/3675
f 3158/3681 3411/3680 3120/3657
f 3306/3679 3412/3693 3411/3680
f 3411/3680 3412/3693 3536/3690
f 3194/3658 3120/3657 3413/3689
f 3120/3657 3411/3680 3413/3689
f 3413/3689 3411/3680 3536/3690
f 3421/3699 3419/3692 3535/3691 3418/3694
f 3306/3679 3414/3682 3412/3693
f 3414/3682 3415/3684 3412/3693
f 3415/3684 3183/7250 3417/3685
f 3417/3685 3416/7252 3424/3687
f 3417/3685 3183/7250 3416/7252
f 3406/3662 3413/3689 3535/3691
f 3535/3691 3536/3690 3418/3694
f 3536/3690 3415/3684 3534/3686
f 3418/3694 3534/3686 3423/3688
f 3420/3696 3122/3664 3195/3663 3419/3692
f 3426/3700 3421/3699 3418/3694 3537/3695
f 3419/3692 3421/3699 3420/3696
f 3542/3715 3430/3716 3409/3678 3429/3675
f 3420/3696 3421/3699 3538/3701
f 3426/3700 3537/3695 3427/3705
f 3424/3687 3416/7252 3190/3704
f 3423/3688 3424/3687 3425/3703
f 3539/7253 3538/3701 3124/3325
f 3426/3700 3427/3705 3139/3321
f 3427/3705 3425/3703 3205/3706
f 3422/3698 3538/3701 3539/7253
f 3422/3698 3539/7253 3219/3341
f 3539/7253 3124/3325 3219/3341
f 3428/3702 3540/3697 3221/3344
f 3199/3710 3542/3715 3429/3675 3533/3674
f 3533/3674 3408/3671 3431/3707
f 3431/3707 3532/3673 3198/3708
f 3547/3731 3453/7254 3454/3742 3548/3725
f 3431/3707 3432/3709 3199/3710
f 3198/3708 3435/3711 3432/3709
f 3430/3716 3438/3714 3324/3718
f 3434/3666 3436/3717 3433/3665
f 3433/3665 3435/3711 3198/3708
f 3434/3666 3122/3664 3540/3697
f 3433/3665 3436/3717 3435/3711
f 3436/3717 3428/3702 3117/3347
f 3543/3719 3149/3418 3437/3419
f 3438/3714 3437/3419 3314/3420
f 3432/3709 3544/3712 3541/3713
f 3435/3711 3257/3407 3544/3712
f 3541/3713 3544/3712 3543/3719
f 3544/3712 3265/3417 3149/3418
f 3544/3712 3502/3406 3265/3417
f 3439/3392 3147/3388 3200/3720
f 3200/3720 3441/3391 3440/3722
f 3440/3722 3545/3390 3548/3725
f 3548/3725 3442/3724 3547/3731
f 3443/3723 3440/3722 3546/3726
f 3546/3726 3548/3725 3454/3742
f 3331/3727 3443/3723 3451/3738
f 3244/3384 3444/3728 3545/3390
f 3243/3365 3445/3364 3444/3728
f 3444/3728 3445/3364 3460/3729
f 3444/3728 3446/3730 3442/3724
f 3547/3731 3446/3730 3447/3733
f 3446/3730 3460/3729 3449/3734
f 3446/3730 3449/3734 3448/3732
f 3550/3739 3451/3738 3452/3741
f 3477/3779 3549/3743 3453/7254 3455/3744
f 3546/3726 3549/3743 3451/3738
f 3549/3743 3454/3742 3453/7254
f 3453/7254 3547/3731 3455/3744
f 3549/3743 3477/3779 3456/3740
f 3556/3768 3468/3748 3551/3754 3466/3753
f 3456/3740 3477/3779 3452/3741
f 3228/3360 3458/3746 3229/3363
f 3459/3359 3201/3356 3457/3751
f 3459/3359 3457/3751 3458/3746
f 3229/3363 3460/3729 3445/3364
f 3495/3355 3462/3749 3461/3747
f 3463/3354 3551/3754 3468/3748
f 3201/3356 3225/3352 3461/3747
f 3461/3747 3464/3750 3201/3356
f 3464/3750 3468/3748 3467/3758
f 3552/3752 3121/3769 3465/3755
f 3119/7255 3473/3762 3471/3761 3555/3765
f 3466/3753 3558/3756 3556/3768
f 3468/3748 3556/3768 3467/3758
f 3457/3751 3470/3759 3469/3757
f 3458/3746 3469/3757 3449/3734
f 3553/3760 3473/3762 3483/3790
f 3467/3758 3554/3763 3470/3759
f 3467/3758 3556/3768 3554/3763
f 3472/3764 3554/3763 3556/3768 3557/3767
f 3515/3787 3550/3739 3452/3741 3480/3780
f 3465/3755 3474/3770 3558/3756
f 3474/3770 3121/3769 3382/7256
f 3474/3770 3382/7256 3136/3771
f 3558/3756 3474/3770 3302/3772
f 3557/3767 3558/3756 3472/3764
f 3300/3777 3138/3773 3301/3774
f 3473/3762 3119/7255 3489/3796
f 3555/3765 3476/3775 3119/7255
f 3472/3764 3475/3776 3202/3766
f 3202/3766 3475/3776 3298/3778
f 3491/3800 3562/3783 3560/3785 3286/7257
f 3550/3739 3515/3787 3167/7258
f 3478/3745 3479/3784 3455/3744
f 3455/3744 3479/3784 3559/3782
f 3479/3784 3486/3795 3560/3785
f 3559/3782 3560/3785 3562/3783
f 3480/3780 3562/3783 3346/3786
f 3450/3736 3204/3737 3484/3793
f 3478/3745 3450/3736 3479/3784
f 3553/3760 3483/3790 3481/3735
f 3481/3735 3483/3790 3561/3788
f 3473/3762 3489/3796 3483/3790
f 3561/3788 3487/3791 3482/3789
f 3479/3784 3450/3736 3484/3793
f 3204/3737 3482/3789 3484/3793
f 3479/3784 3484/3793 3486/3795
f 3484/3793 3485/3792 3486/3795
f 3482/3789 3488/3797 3485/3792
f 3485/3792 3289/3798 3490/3794
f 3687/3813 4012/3825 4011/4257 3688/3804
f 3486/3795 3490/3794 3287/3801
f 3560/3785 3287/3801 3286/7257
f 3688/3804 3686/3803 3693/3808
f 3688/3804 3693/3808 3687/3813
f 4016/3823 3695/3814 4014/3818 3697/3821
f 4012/3825 3687/3813 3594/3826
f 3576/4171 3595/3805 3686/3803
f 3595/3805 3564/3838 4013/3837
f 3595/3805 4013/3837 3689/3806
f 3693/3808 3690/3807 3692/3810
f 3692/3810 3691/3809 3577/3811
f 3693/3808 3692/3810 3596/3812
f 3694/3815 3695/3814 4016/3823
f 3596/3812 3577/3811 3698/3816
f 3577/3811 3696/3817 3698/3816
f 4014/3818 3713/3819 3697/3821
f 3698/3816 4014/3818 3695/3814
f 3597/3824 4017/3831 4015/3830 4016/3823
f 4016/3823 3697/3821 3701/3820
f 3699/3822 3568/3862 3700/3900
f 3699/3822 3700/3900 3597/3824
f 3701/3820 3699/3822 3597/3824
f 3704/3841 3600/3842 4020/3844 4018/3839
f 4017/3831 3597/3824 3578/3833
f 3702/3827 3594/3826 3703/3828
f 3687/3813 3596/3812 3694/3815
f 3703/3828 3694/3815 4016/3823
f 3703/3828 4016/3823 4015/3830
f 4017/3831 3734/3834 4030/3835
f 3598/3829 4015/3830 4099/4262
f 4015/3830 3567/3832 4099/4262
f 4013/3837 3600/3842 3690/3807
f 3689/3806 4013/3837 3690/3807
f 3599/3836 4019/4150 4013/3837
f 4019/4150 3600/3842 4013/3837
f 4018/3839 4021/3849 3705/3840
f 3600/3842 3704/3841 3691/3809
f 3691/3809 3705/3840 3577/3811
f 4019/4150 4020/3844 3600/3842
f 4021/3849 3708/3846 3706/4326 3675/3847
f 3601/3845 3706/4326 3708/3846
f 3715/3859 3714/3856 3602/3854 3711/3857
f 4018/3839 3708/3846 4021/3849
f 3710/3850 3602/3854 3714/3856
f 3709/3851 3966/3852 3710/3850
f 3710/3850 3966/3852 3602/3854
f 3602/3854 3967/3853 3711/3857
f 3711/3857 3967/3853 3565/3868
f 3711/3857 3565/3868 3579/3858
f 3696/3817 3712/3855 4014/3818
f 3712/3855 3714/3856 3713/3819
f 3696/3817 3710/3850 3712/3855
f 4022/3861 3713/3819 3714/3856 3715/3859
f 3715/3859 3579/3858 4022/3861
f 3713/3819 4022/3861 3699/3822
f 4023/3865 3568/3862 3603/3860 3605/7259
f 4022/3861 3603/3860 3568/3862
f 3568/3862 4023/3865 3716/3901
f 3722/3874 3604/3866 3605/7259 3718/3864
f 3579/3858 3717/3863 3603/3860
f 3718/3864 3717/3863 3720/3873
f 3605/7259 3603/3860 3718/3864
f 4027/3878 3733/3892 3729/3889 3731/3880
f 4023/3865 3605/7259 3604/3866
f 3581/3887 3719/3867 3604/3866
f 3717/3863 3721/3869 3720/3873
f 4024/3872 3580/3871 3725/3876
f 3720/3873 3721/3869 4024/3872
f 3718/3864 3720/3873 3722/3874
f 3724/3875 3725/3876 3950/3877
f 3731/3880 3724/3875 4027/3878
f 3725/3876 3580/3871 3952/4293
f 3725/3876 3952/4293 4025/3881
f 3727/3882 3670/4288 3951/3884
f 4026/3883 3951/3884 3728/3886
f 4028/3890 4026/3883 3728/3886
f 3581/3887 3723/3879 3730/3888
f 3606/3893 3730/3888 3729/3889
f 3604/3866 3722/3874 3723/3879
f 3730/3888 3723/3879 3731/3880
f 3747/3918 3746/4287 3949/3914 4032/3910
f 3733/3892 4027/3878 4028/3890
f 3732/3894 4028/3890 4054/3891
f 3567/3832 4030/3835 4029/4261
f 3734/3834 3607/3898 4030/3835
f 4030/3835 3607/3898 3736/3911
f 3578/3833 3597/3824 3737/3899
f 3700/3900 3716/3901 3737/3899
f 3716/3901 4023/3865 3738/3902
f 3716/3901 3738/3902 3737/3899
f 3738/3902 3719/3867 3740/3903
f 3719/3867 3581/3887 3739/3904
f 3737/3899 3735/3896 3607/3898
f 3581/3887 3730/3888 3742/3906
f 3742/3906 3606/3893 3741/3908
f 3606/3893 3733/3892 4031/3907
f 3733/3892 3566/3895 3744/3909
f 3744/3909 3566/3895 3743/3917
f 3741/3908 4031/3907 4032/3910
f 4034/3913 3609/3916 3949/3914
f 4033/3897 4034/3913 4109/3915
f 3735/3896 3745/3905 4034/3913
f 3745/3905 3742/3906 3609/3916
f 4032/3910 3744/3909 3747/3918
f 3747/3918 3743/3917 3608/4014
f 3611/3933 4039/7260 3750/3923 3753/3931
f 3893/3921 3751/3920 3749/3922
f 4035/3927 3751/3920 3748/3919
f 3749/3922 3751/3920 3750/3923
f 3651/3924 3750/3923 3759/7261
f 3750/3923 4039/7260 3759/7261
f 4035/3927 3752/3926 3751/3920
f 3751/3920 4036/3928 3612/3934
f 3610/3925 3569/3929 3752/3926
f 3752/3926 3763/3930 4036/3928
f 4036/3928 3763/3930 3612/3934
f 3750/3923 3612/3934 3753/3931
f 3755/3936 3754/3935 4039/7260 3611/3933
f 4037/3939 4038/3938 3758/3937 3756/3972
f 3611/3933 3582/3932 4043/3966
f 3611/3933 4043/3966 3755/3936
f 3755/3936 4043/3966 3756/3972
f 3758/3937 3755/3936 3756/3972
f 3614/3952 3582/3932 3766/3953 3765/3949
f 3898/3941 3759/7261 3760/3942
f 3759/7261 4039/7260 3754/3935
f 3759/7261 3754/3935 3760/3942
f 3760/3942 3758/3937 4038/3938
f 3760/3942 4038/3938 3761/3944
f 3654/3943 3760/3942 3900/3945
f 3900/3945 3760/3942 3761/3944
f 3569/3929 3762/3948 3763/3930
f 3764/3950 3842/4082 3613/3947
f 3613/3947 3768/3951 3765/3949
f 3612/3934 3763/3930 3766/3953
f 3771/3960 3616/3962 4040/7262 4041/3961
f 3753/3931 3766/3953 3582/3932
f 3842/4082 3615/3954 3613/3947
f 3842/4082 3685/7263 3615/3954
f 3615/3954 3768/3951 3613/3947
f 3768/3951 3769/3964 4042/3967
f 3770/3956 3616/3962 3769/3964
f 3768/3951 3770/3956 3769/3964
f 3770/3956 4124/3958 3616/3962
f 3616/3962 3771/3960 3774/3963
f 4124/3958 4040/7262 3616/3962
f 4042/3967 3772/3965 3614/3952 3768/3951
f 3774/3963 3771/3960 3583/3969
f 3583/3969 3771/3960 4047/3985
f 3582/3932 3614/3952 3772/3965
f 4048/7264 4049/3992 3785/7265 3620/3990
f 4042/3967 3769/3964 3773/3968
f 3773/3968 3774/3963 3617/3970
f 4043/3966 3773/3968 3775/3971
f 3775/3971 3773/3968 3617/3970
f 4037/3939 3775/3971 3570/3973
f 3570/3973 3617/3970 3779/3974
f 3776/3975 3779/3974 3619/3976
f 3617/3970 3583/3969 3779/3974
f 3619/3976 3781/3978 4044/3979
f 4044/3979 3781/3978 3777/3980
f 3777/3980 3783/3989 3778/3983
f 4045/3981 3777/3980 3778/3983
f 3618/3977 3619/3976 4044/3979
f 4046/3982 4045/3981 3778/3983
f 3780/3986 3781/3978 3779/3974
f 3777/3980 3782/3988 3783/3989
f 3778/3983 3783/3989 3784/3991
f 3784/3991 3620/3990 3785/7265
f 3790/4000 4050/3999 3793/4004 3584/3984
f 4049/3992 4048/7264 3563/3993
f 3584/3984 3778/3983 3786/3995
f 3621/4007 3784/3991 3785/7265
f 3786/3995 3784/3991 3621/4007
f 3621/4007 3785/7265 4049/3992
f 3787/3996 3868/7266 3859/7267
f 3761/3944 3757/3940 3788/3997
f 3788/3997 3792/4003 3789/3998
f 3789/3998 3793/4004 4050/3999
f 3810/7268 3799/7269 3797/4013 3811/4016
f 4089/7270 3789/3998 4050/3999
f 3757/3940 4037/3939 3791/4002
f 3788/3997 3791/4002 3792/4003
f 3791/4002 3570/3973 3776/3975
f 3791/4002 3776/3975 3618/3977
f 3792/4003 4044/3979 4045/3981
f 3792/4003 4045/3981 4046/3982
f 3584/3984 3794/4006 3790/4000
f 4052/4005 4051/4008 3622/7271
f 3584/3984 3786/3995 3794/4006
f 3786/3995 3621/4007 4052/4005
f 4052/4005 3621/4007 4051/4008
f 3621/4007 4049/3992 3787/3996
f 4091/4001 4052/4005 3622/7271
f 3790/4000 3794/4006 4091/4001
f 3622/7271 4051/4008 3660/4011
f 3608/4014 3797/4013 3799/7269
f 3608/4014 3799/7269 3946/7272
f 3743/3917 3795/4012 3608/4014
f 3795/4012 3798/4018 3797/4013
f 3798/4018 3796/4015 3797/4013
f 3814/4035 3940/4038 3810/7268 3811/4016
f 3743/3917 4053/4017 3795/4012
f 4053/4017 3802/4020 3798/4018
f 3743/3917 3566/3895 4053/4017
f 3800/4019 3585/4021 3802/4020
f 3798/4018 3802/4020 3796/4015
f 3802/4020 3801/4022 3796/4015
f 3801/4022 3803/4026 3812/4023
f 3801/4022 3805/4027 3803/4026
f 3805/4027 3804/4028 3625/4024
f 3804/4028 3623/4030 3807/4029
f 3623/4030 3572/4061 3806/4031
f 3809/4032 3625/4024 3807/4029
f 3809/4032 3807/4029 3808/4033
f 3816/4043 3817/7273 3815/4041 4054/3891
f 3796/4015 3812/4023 3811/4016
f 3812/4023 3803/4026 3626/4034
f 3803/4026 3624/4025 3626/4034
f 3626/4034 3624/4025 3809/4032
f 3814/4035 3626/4034 3813/4036
f 3909/4039 3814/4035 3845/4040
f 3909/4039 3845/4040 3846/4089
f 3817/7273 3585/4021 3800/4019 3815/4041
f 4054/3891 3818/4046 3821/4042
f 3804/4028 3805/4027 3825/4055 3824/4056
f 4054/3891 3728/3886 3818/4046
f 3818/4046 3728/3886 3820/4045
f 3821/4042 3818/4046 4055/4047
f 4055/4047 3820/4045 3628/4050
f 3627/4049 3838/4051 3628/4050
f 4055/4047 3822/4053 3823/4054
f 3585/4021 3817/7273 3825/4055
f 3817/7273 3816/4043 3825/4055
f 3630/4048 3824/4056 3825/4055 3816/4043
f 3816/4043 3821/4042 3630/4048
f 3831/4065 3823/4054 3822/4053 4058/4074
f 3824/4056 3826/4058 3623/4030
f 3824/4056 3630/4048 3826/4058
f 4056/4060 3629/4059 3572/4061
f 3572/4061 3830/4062 3829/4064
f 3830/4062 3832/4066 3828/4071
f 3830/4062 3828/4071 3631/4063
f 3629/4059 3832/4066 3830/4062
f 3823/4054 3831/4065 3629/4059
f 3833/4067 4057/4068 3834/4073
f 4057/4068 4060/4070 3834/4073
f 3832/4066 3833/4067 3828/4071
f 3828/4071 3833/4067 3586/4072
f 4062/4087 4059/4083 4061/4086 3764/3950
f 3838/4051 3837/4077 3835/4052
f 3835/4052 3837/4077 3836/4075
f 3571/4076 3841/4080 3839/4078
f 3836/4075 3840/4069 4057/4068
f 3840/4069 3839/4078 4060/4070
f 4060/4070 3632/4079 4061/4086
f 3841/4080 4010/4081 3632/4079
f 3632/4079 3842/4082 3764/3950
f 3586/4072 3834/4073 3843/4084
f 3834/4073 4060/4070 3843/4084
f 3861/4112 4067/4111 3867/4128 3860/4114
f 4060/4070 4061/4086 4059/4083
f 3764/3950 3762/3948 4062/4087
f 3849/4091 3808/4033 3847/4097
f 3849/4091 3847/4097 3633/4092
f 3845/4040 4063/4037 3848/4088
f 3634/4093 3848/4088 4064/4094
f 3848/4088 3633/4092 4064/4094
f 3846/4089 3848/4088 3634/4093
f 3808/4033 3806/4031 3851/4096
f 3851/4096 3829/4064 3631/4063
f 3853/4098 3851/4096 4065/4099
f 3851/4096 3631/4063 4065/4099
f 4065/4099 3631/4063 3586/4072
f 3633/4092 3853/4098 4065/4099
f 4064/4094 4065/4099 3635/4101
f 3852/4100 4065/4099 3843/4084
f 4065/4099 3586/4072 3843/4084
f 3635/4101 3854/4102 3856/4103
f 3856/4103 3844/4085 4062/4087
f 3855/4104 4062/4087 3569/3929
f 3858/4106 3635/4101 3856/4103
f 3858/4106 3856/4103 3855/4104
f 4035/3927 3855/4104 3610/3925
f 3858/4106 3855/4104 4035/3927
f 3897/4105 4066/4095 3857/4107
f 3850/4090 3634/4093 4066/4095
f 4066/4095 3635/4101 3858/4106
f 3857/4107 3858/4106 4035/3927
f 4081/7274 3857/4107 3748/3919
f 4067/4111 3639/4113 3636/4109
f 3859/4108 3867/4128 4067/4111
f 3640/7275 3868/4127 3787/7276 3641/7277
f 3861/4112 3862/4115 3639/4113
f 3873/4119 3574/4136 3637/4120
f 3863/4117 3873/4119 3864/4118
f 3638/4116 3864/4118 3865/4122
f 3864/4118 3637/4120 4076/4121
f 3636/4109 3639/4113 3917/4124
f 3638/4116 3865/4122 3881/4125
f 3865/4122 4076/4121 4077/4126
f 3869/7278 3870/4129 3867/4128 3868/4127
f 3868/4127 3640/7275 3869/7278
f 4069/4131 4068/4130 3869/7278 3573/7279
f 3640/7275 3641/7277 3573/7279
f 3869/7278 3640/7275 3573/7279
f 3874/7280 3645/4137 3574/4136 3643/4134
f 3872/4132 4069/4131 3642/4133
f 3643/4134 3642/4133 3587/4145
f 3860/4114 3871/4135 3862/4115
f 3870/4129 3869/7278 4068/4130
f 3873/4119 3872/4132 3643/4134
f 3863/4117 3871/4135 3873/4119
f 3599/3836 3647/4147 3877/4142 4071/4149
f 3643/4134 3587/4145 3874/7280
f 3645/4137 3874/7280 3644/4138
f 3644/4138 3874/7280 3878/4144
f 3587/4145 3642/4133 4070/7281
f 3587/4145 4070/7281 3646/4143
f 3874/7280 3587/4145 3878/4144
f 4069/4131 3573/7279 3875/4140
f 3642/4133 4069/4131 3876/4141
f 4070/7281 3642/4133 3877/4142
f 3876/4141 3879/4148 3877/4142
f 4070/7281 3877/4142 3646/4143
f 3646/4143 3647/4147 3880/4146
f 4113/3843 4020/3844 4019/4150
f 3885/4163 4076/4121 3637/4120 3650/4164
f 4072/4154 3880/4146 3889/4155
f 3644/4138 4072/4154 4078/4153
f 3878/4144 3880/4146 4072/4154
f 4073/4156 3599/3836 4075/4157
f 4071/4149 4019/4150 3599/3836
f 3889/4155 4073/4156 4074/4169
f 4073/4156 4075/4157 4074/4169
f 4075/4157 3599/3836 3564/3838
f 4079/4158 4074/4169 4075/4157
f 3881/4125 3883/4172 3884/4159
f 3881/4125 3648/4160 3883/4172
f 4076/4121 3882/4161 4077/4126
f 3882/4161 3649/4165 3589/4162
f 3648/4160 4077/4126 3589/4162
f 3884/4159 3883/4172 3892/3802
f 3650/4164 3637/4120 3574/4136 3645/4137
f 3889/4155 3887/4167 3888/4166 4078/4153
f 3650/4164 3886/4139 3885/4163
f 3649/4165 3886/4139 3588/4152
f 3589/4162 3649/4165 3888/4166
f 3589/4162 3888/4166 3887/4167
f 3649/4165 3588/4152 3890/4151
f 3904/7282 3906/4197 3897/4184 3652/4176
f 3887/4167 3889/4155 3891/4170
f 3891/4170 4074/4169 4079/4158
f 3576/4171 4079/4158 3595/3805
f 3892/3802 3648/4160 3576/4171
f 3648/4160 3589/4162 4080/4168
f 3648/4160 4080/4168 3576/4171
f 4081/4183 3748/4173 3652/4176
f 3893/4174 3651/4178 3894/4179
f 3896/4175 3894/4179 4083/4180
f 3652/4176 3896/4175 3895/4181
f 3759/7283 3898/4188 3651/4178
f 3900/4185 3899/4220 4090/4186
f 3654/7284 3900/4185 3653/4187
f 3653/4187 4090/4186 3902/7285
f 3651/4178 3901/4189 3894/4179
f 3898/4188 3654/7284 3653/4187
f 3901/4189 3653/4187 3902/7285
f 3901/4189 3902/7285 3656/4190
f 3902/7285 3657/4191 3656/4190
f 3902/7285 4090/4186 3655/4230
f 3902/7285 3655/4230 3657/4191
f 3657/4191 3655/4230 3575/4193
f 3657/4191 3903/4194 4082/4192
f 3903/4194 4105/4195 4082/4192
f 4086/4201 3908/4202 3895/4181 4083/4180
f 3652/4176 3895/4181 3904/7282
f 3908/4202 4085/4200 3906/4197 3904/7282
f 3904/7282 3895/4181 3908/4202
f 3913/4218 3911/4214 4091/4213 3912/4222
f 3656/4190 3941/4196 4086/4201
f 4087/4205 3908/4202 3907/4204
f 3850/4199 3905/4198 3910/4207
f 3905/4198 4085/4200 4088/4206
f 4088/4206 4084/4203 4087/4205
f 3910/4207 4088/4206 3658/4208
f 3761/4212 3659/4211 3899/4220
f 4050/4215 3911/4214 4089/4216
f 3789/4210 4089/4216 3659/4211
f 4089/4216 3913/4218 3914/4217
f 3919/4229 3928/4243 3922/4233 3916/4224
f 3899/4220 3915/4219 4090/4186
f 3659/4211 3914/4217 3915/4219
f 3636/7286 3917/4225 3660/4223
f 3660/4223 3917/4225 3916/4224
f 3622/4221 3916/4224 3912/4222
f 3917/4225 3918/4228 3661/4226
f 3919/4229 3661/4226 4094/4249
f 3915/4219 3914/4217 3920/4231
f 3920/4231 3913/4218 4092/4234
f 3913/4218 3912/4222 3922/4233
f 4092/4234 3922/4233 3924/4236
f 3927/4238 3575/4193 3655/4230 3925/4239
f 3924/4236 3922/4233 3928/4243
f 3655/4230 3921/4232 3925/4239
f 3921/4232 3920/4231 3923/4235
f 3925/4239 3923/4235 3927/4238
f 3934/4256 4096/4245 4095/4251 3931/4250
f 3575/4193 3927/4238 4097/4242
f 3929/4237 3924/4236 4093/4244
f 4093/4244 3928/4243 4095/4251
f 3930/4240 3929/4237 3663/4246
f 3926/4241 3930/4240 3662/4247
f 4097/4242 3926/4241 4098/4248
f 3928/4243 3919/4229 3931/4250
f 4094/4249 3661/4226 3918/4228
f 3931/4250 4094/4249 3933/4254
f 3866/4227 3884/4252 3918/4228
f 3931/4250 3933/4254 3935/4255
f 3929/4237 4095/4251 4096/4245
f 3937/4259 3938/4260 3662/4247 3663/4246
f 3936/4258 3934/4256 4011/4257
f 3663/4246 4096/4245 3936/4258
f 4096/4245 3934/4256 3936/4258
f 3935/4255 3884/4252 3892/7287
f 3935/4255 3892/7287 3688/3804
f 4011/4257 3935/4255 3688/3804
f 3937/4259 3936/4258 4012/3825
f 4029/4261 4097/4242 4099/4262
f 4097/4242 4098/4248 4099/4262
f 4103/4272 4102/4270 3942/4267 3944/4269
f 3937/4259 4012/3825 3702/3827
f 4099/4262 3938/4260 3598/3829
f 3909/4209 3658/4208 3939/4263
f 3940/4264 3939/4263 4104/4271
f 3658/4208 4087/4205 4100/4265
f 4100/4265 3907/4204 3942/4267
f 3907/4204 4086/4201 4101/4266
f 3941/4196 3664/4268 4101/4266
f 4101/4266 3944/4269 3942/4267
f 3939/4263 4100/4265 4102/4270
f 4102/4270 4103/4272 4104/4271
f 3946/4281 3947/4274 3665/4273 4107/4282
f 3664/4268 3590/4277 3944/4269
f 3944/4269 3590/4277 3943/4284
f 3944/4269 3943/4284 4103/4272
f 3810/4280 3940/4264 3947/4274
f 4104/4271 3665/4273 3947/4274
f 4082/4192 3664/4268 3941/4196
f 4082/4192 3667/4275 3664/4268
f 4105/4195 3667/4275 4082/4192
f 3667/4275 3666/4276 3664/4268
f 4106/4278 3666/4276 4029/4261
f 4106/4278 4029/4261 4030/3835
f 3736/3911 4106/4278 4030/3835
f 3945/3912 4106/4278 3736/3911
f 4108/4285 4103/4272 3943/4284 3948/4283
f 4107/4282 3668/4286 3946/4281
f 4103/4272 4108/4285 4107/4282
f 3669/4289 3819/4306 3726/3885 3951/3884
f 4108/4285 4109/3915 3668/4286
f 3948/4283 4033/3897 4109/3915
f 3590/4277 3945/3912 3948/4283
f 3668/4286 3746/4287 3946/4281
f 3668/4286 3949/3914 3746/4287
f 3946/4281 3747/3918 3608/4014
f 3959/4304 3964/4312 3962/4311 3953/4294
f 3669/4289 3670/4288 3955/4292
f 3670/4288 4025/3881 4110/4291
f 4025/3881 3952/4293 3954/4290
f 3819/4306 3669/4289 4111/4307
f 3721/3869 3957/3870 3956/4295
f 3957/3870 3591/4296 3956/4295
f 3956/4295 3671/4297 3953/4294
f 3591/4296 3958/4300 3671/4297
f 3960/4298 3673/4299 3672/4303
f 4111/4307 3669/4289 3674/4310
f 3820/4309 3961/4308 3627/4317
f 3669/4289 4110/4291 3962/4311
f 3969/4332 3675/3847 3706/4326 3974/4327
f 3674/4310 3962/4311 3964/4312
f 3674/4310 4112/4313 3963/4315
f 3964/4312 3959/4304 4119/4305
f 3964/4312 3997/4314 4112/4313
f 3961/4308 3965/4316 3627/4317
f 3674/4310 3963/4315 3961/4308
f 3966/3852 3676/4323 3967/3853
f 3709/3851 3968/4320 3966/3852
f 3966/3852 3968/4320 3676/4323
f 3675/3847 3969/4332 3970/4321
f 3968/4320 3681/4322 3676/4323
f 3967/3853 3971/4324 3957/3870
f 3957/3870 3971/4324 3591/4296
f 3973/4337 4113/4329 3879/7288 3876/4335
f 4018/3839 3972/4328 3601/3845
f 3601/3845 3972/4328 4115/4325
f 4113/4329 3973/4337 4114/4330
f 3677/4333 4115/4325 3972/4328 4114/4330
f 3977/4346 3974/4327 4115/4325 3978/4334
f 3974/4327 3977/4346 3975/4331
f 3679/4339 4114/4330 3973/4337 3976/4336
f 3677/4333 3679/4339 3978/4334
f 3987/4359 3978/4334 3679/4339 3678/4338
f 4114/4330 3679/4339 3677/4333
f 3876/4335 3875/4340 3976/4336
f 3982/4351 3977/4346 3978/4334 3987/4359
f 3676/4323 3681/4322 3971/4324
f 3971/4324 4116/4342 3591/4296
f 3970/4321 3969/4332 3681/4322
f 3969/4332 3975/4331 3681/4322
f 3975/4331 3592/4347 3979/4345
f 3681/4322 3980/4343 4116/4342
f 3980/4343 4121/4348 3981/4301
f 3680/4344 3986/4349 4121/4348
f 3592/4347 4117/4352 3983/4350
f 4117/4352 3682/4356 3984/4354
f 3983/4350 3984/4354 3985/4353
f 3979/4345 3985/4353 3986/4349
f 3986/4349 3985/4353 3991/4366
f 3986/4349 3991/4366 3992/4357
f 3977/4346 3982/4351 3592/4347
f 4001/4382 4002/4302 3981/4301 4121/4348
f 3982/4351 3593/4355 4117/4352
f 3573/4341 3990/4360 3678/4338
f 3990/4360 3573/4341 3641/4363
f 3988/4358 4048/7289 3989/4362
f 3988/4358 3563/4361 4048/7289
f 3682/4356 3989/4362 3620/4364
f 3989/4362 4048/7289 3620/4364
f 3984/4354 3780/4369 3991/4366
f 3593/4355 3989/4362 3682/4356
f 3993/4368 3682/4356 3783/4365
f 3994/4367 3991/4366 4047/4372
f 3627/4317 3996/4373 3571/4318
f 3963/4315 3995/4374 3965/4316
f 3965/4316 3995/4374 3996/4373
f 4112/4313 4118/4375 3995/4374
f 3997/4314 4119/4305 3683/4377
f 3997/4314 3683/4377 4118/4375
f 3685/4396 3683/4377 4008/4380
f 3683/4377 3685/4396 4118/4375
f 4118/4375 3685/4396 3998/4378
f 3996/4373 3998/4378 3571/4318
f 4000/4376 3672/4303 3999/7290
f 4000/4376 3999/7290 4122/4386
f 3958/4300 4002/4302 3672/4303
f 3672/4303 4002/4302 3999/7290
f 4003/4387 3999/7290 4002/4302 4120/4383
f 3684/4388 4003/4387 4120/4383 4123/4393
f 4001/4382 4004/4384 4120/4383
f 3683/4377 4000/4376 4006/4385
f 4122/4386 3999/7290 4003/4387
f 4006/4385 4122/4386 4005/4379
f 4123/4393 4120/4383 4004/4384 4009/4390
f 4124/7291 3684/4388 4123/4393 4040/4392
f 4009/4390 4041/4391 4123/4393
f 4190/4415 4188/4401 4195/4410 4338/4409
f 4007/4389 3684/4388 4124/7291
f 3998/4378 4010/7292 3841/4381
f 3998/4378 3685/4396 4010/7292
f 4008/4380 4007/4389 3767/4395
f 4010/7292 3685/4396 3842/7293
f 4187/4399 4189/4398 4191/4403
f 4188/4401 4190/4415 4191/4403
f 4187/4399 4191/4403 4192/4404
f 4191/4403 4190/4415 4192/4404
f 4190/4415 4193/4416 4192/4404
f 4194/4405 4339/4406 4205/4407
f 4144/4433 4145/4430 4254/4429 4255/4431
f 4196/4547 4198/4408 4195/4410
f 4197/4546 4198/4408 4196/4547
f 4198/4408 4199/4413 4338/4409
f 4198/4408 4316/4411 4199/4413
f 4316/4411 4311/7294 4140/4412
f 4338/4409 4199/4413 4200/4414
f 4199/4413 4140/4412 4200/4414
f 4200/4414 4340/4421 4193/4416
f 4200/4414 4202/4417 4340/4421
f 4140/4412 4202/4417 4200/4414
f 4202/4417 4204/4419 4340/4421
f 4140/4412 4201/7295 4202/4417
f 4311/7294 4201/7295 4140/4412
f 4202/4417 4201/7295 4203/4418
f 4204/4419 4203/4418 4239/7296
f 4207/4420 4204/4419 4238/4483
f 4339/4406 4141/4425 4205/4407
f 4193/4416 4340/4421 4206/4422
f 4192/4404 4206/4422 4339/4406
f 4339/4406 4208/4423 4129/4424
f 4206/4422 4207/4420 4208/4423
f 4142/4426 4130/4508 4131/4427
f 4256/4507 4142/4426 4277/4437
f 4277/4437 4142/4426 4143/4428
f 4130/4508 4254/4429 4131/4427
f 4220/4453 4219/4460 4210/4452 4216/4450
f 4131/4427 4145/4430 4209/4435
f 4145/4430 4144/4433 4209/4435
f 4146/4436 4209/4435 4210/4452
f 4211/4438 4143/4428 4147/4439
f 4147/4439 4131/4427 4146/4436
f 4143/4428 4131/4427 4147/4439
f 4212/4432 4213/4441 4214/4443
f 4144/4433 4212/4432 4214/4443
f 4214/4443 4149/4446 4218/4444
f 4248/4497 4148/4445 4249/4442
f 4249/4442 4149/4446 4214/4443
f 4148/4445 4215/4447 4149/4446
f 4217/4434 4218/4444 4216/4450
f 4218/4444 4149/4446 4150/4448
f 4276/4549 4275/4553 4269/4542 4272/4545
f 4216/4450 4218/4444 4221/4451
f 4221/4451 4150/4448 4151/4454
f 4150/4448 4222/4456 4151/4454
f 4151/4454 4331/4459 4330/4457
f 4219/4460 4220/4453 4223/4461
f 4220/4453 4221/4451 4224/4455
f 4224/4455 4151/4454 4341/4458
f 4211/4438 4147/4439 4152/4466
f 4211/4438 4152/4466 4227/4464
f 4228/4440 4225/4467 4152/4466
f 4152/4466 4226/4468 4227/4464
f 4146/4436 4210/4452 4229/4469
f 4230/4470 4229/4469 4219/4460
f 4228/4440 4229/4469 4230/4470
f 4228/4440 4230/4470 4225/4467
f 4230/4470 4219/4460 4231/4462
f 4230/4470 4232/4472 4132/4471
f 4225/4467 4132/4471 4226/4468
f 4132/4471 4160/7297 4226/4468
f 4141/4425 4129/4424 4233/4473
f 4233/4473 4129/4424 4208/4423
f 4208/4423 4207/4420 4235/4475
f 4233/4473 4208/4423 4234/4477
f 4208/4423 4235/4475 4234/4477
f 4236/4480 4154/4478 4250/4499
f 4307/4481 4154/4478 4153/4479
f 4233/4473 4234/4477 4154/4478
f 4174/7298 4153/4479 4126/4482
f 4235/4475 4207/4420 4237/4484
f 4238/4483 4239/4485 4237/4484
f 4239/4485 4133/4486 4237/4484
f 4240/4487 4133/4486 4179/4488
f 4154/4478 4155/4476 4242/4491
f 4242/4491 4243/4490 4246/4492
f 4241/4504 4242/4491 4156/4493
f 4134/4505 4241/4504 4156/4493
f 4243/4490 4244/4489 4245/4495
f 4247/4496 4245/4495 4248/4497
f 4245/4495 4334/4494 4248/4497
f 4134/4505 4156/4493 4157/4498
f 4157/4498 4246/4492 4247/4496
f 4236/4480 4158/4500 4126/4482
f 4250/4499 4253/4506 4251/4501
f 4158/4500 4251/4501 4252/4502
f 4159/4503 4242/4491 4241/4504
f 4159/4503 4253/4506 4250/4499
f 4253/4506 4255/4431 4254/4429
f 4134/4505 4255/4431 4253/4506
f 4255/4431 4134/4505 4157/4498
f 4255/4431 4157/4498 4212/4432
f 4253/4506 4254/4429 4251/4501
f 4251/4501 4130/4508 4142/4426
f 4160/4510 4257/4513 4136/4520
f 4132/4512 4232/4110 4257/4513
f 4257/4513 4232/4514 4258/4516
f 4258/4516 4260/4517 4259/4518
f 4257/4513 4258/4516 4162/4519
f 4259/4518 4265/4521 4266/4522
f 4162/4519 4259/4518 4266/4522
f 4136/4520 4162/4519 4161/4523
f 4135/4511 4160/4510 4165/4524
f 4164/4525 4165/4524 4163/4526
f 4231/4515 4223/4528 4260/4517
f 4223/4528 4224/7165 4261/4529
f 4341/4532 4262/4531 4261/4529
f 4330/4530 4166/4533 4262/4531
f 4166/4533 4167/4536 4263/4534
f 4262/4531 4263/4534 4261/4529
f 4265/4521 4264/4537 4266/4522
f 4267/4538 4270/4540 4271/4541
f 4270/4540 4167/4536 4318/4543
f 4269/4542 4271/4541 4272/4545
f 4272/4545 4196/4547 4188/4401
f 4128/4527 4163/4526 4273/4550
f 4128/4527 4273/4550 4299/4552
f 4163/4526 4274/4548 4273/4550
f 4273/4550 4276/4549 4300/4551
f 4161/4523 4275/4553 4274/4548
f 4268/4539 4269/4542 4275/4553
f 4290/4581 4298/4584 4292/4583 4172/4579
f 4276/4549 4188/4401 4186/4402
f 4256/4558 4277/4561 4279/4556
f 4277/4561 4278/4554 4279/4556
f 4211/7299 4280/4559 4277/4561
f 4277/4561 4169/4560 4278/4554
f 4280/4559 4291/4562 4169/4560
f 4169/4560 4283/4568 4278/4554
f 4169/4560 4281/4563 4283/4568
f 4281/4563 4282/4566 4283/4568
f 4281/4563 4284/4564 4282/4566
f 4282/4566 4286/4569 4288/4567
f 4279/4556 4287/4555 4252/4557
f 4278/4554 4283/4568 4287/4555
f 4283/4568 4288/4567 4289/4571
f 4287/4555 4289/4571 4126/4570
f 4227/4573 4226/7300 4170/4577
f 4227/4573 4170/4577 4137/4574
f 4280/4559 4227/4573 4291/4562
f 4137/4574 4170/4577 4172/4579
f 4172/4579 4171/4578 4290/4581
f 4290/4581 4164/4580 4128/4593
f 4337/4648 4333/4644 4336/4642 4335/4647
f 4291/4562 4293/4582 4281/4563
f 4291/4562 4137/4574 4292/4583
f 4293/4582 4292/4583 4173/4585
f 4284/4564 4295/4586 4285/4565
f 4295/4586 4294/4588 4308/4590
f 4173/4585 4297/4587 4294/4588
f 4297/4587 4296/4400 4294/4588
f 4299/4591 4300/4594 4301/4592
f 4301/4592 4302/4595 4296/4400
f 4302/4595 4186/4596 4296/4400
f 4300/4594 4186/4596 4302/4595
f 4303/4597 4187/4399 4205/4407
f 4153/7301 4174/4572 4307/4601
f 4288/4567 4304/4598 4174/4572
f 4174/4572 4304/4598 4305/4599
f 4286/4569 4175/4602 4304/4598
f 4304/4598 4175/4602 4309/4603
f 4285/4565 4308/4590 4175/4602
f 4309/4603 4308/4590 4138/4589
f 4309/4603 4138/4589 4310/4604
f 4310/4604 4138/4589 4303/4597
f 4310/4604 4303/4597 4205/4407
f 4306/4600 4310/4604 4141/4425
f 4203/4418 4312/4608 4176/4613
f 4312/4608 4178/4611 4176/4613
f 4203/4418 4176/4613 4239/7296
f 4239/7296 4176/4613 4133/4615
f 4201/7295 4311/7294 4203/4418
f 4311/7294 4312/4608 4203/4418
f 4312/4608 4311/7294 4314/4606
f 4312/4608 4313/4607 4178/4611
f 4313/4607 4314/4606 4315/4609
f 4177/4610 4315/4609 4325/4630
f 4178/4611 4313/4607 4177/4610
f 4178/4611 4139/4612 4176/4613
f 4179/4614 4176/4613 4139/4612
f 4311/7294 4316/4411 4180/4616
f 4311/7294 4180/4616 4314/4606
f 4316/4411 4197/4619 4180/4616
f 4197/4619 4168/7302 4318/4620
f 4180/4616 4197/4619 4317/4617
f 4322/4626 4317/4617 4319/4624
f 4317/4617 4318/4620 4181/4622
f 4314/4606 4320/4618 4321/4627
f 4320/4618 4317/4617 4322/4626
f 4182/4629 4322/4626 4323/4628
f 4319/4624 4328/4625 4323/4628
f 4127/4623 4166/4636 4329/4635
f 4328/4625 4329/4635 4326/4633
f 4329/4635 4331/4640 4326/4633
f 4329/4635 4330/4637 4331/4640
f 4324/4631 4332/4638 4185/4634
f 4332/4638 4331/4640 4125/4639
f 4244/4645 4179/4614 4183/4643
f 4179/4614 4139/4612 4336/4642
f 4139/4612 4177/4610 4336/4642
f 4336/4642 4177/4610 4335/4647
f 4335/4647 4325/4630 4327/4632
f 4215/4649 4148/7303 4184/4650 4185/4634
f 4333/4644 4337/4648 4184/4650
f 4184/4650 4337/4648 4185/4634
f 4337/4648 4327/4632 4185/4634
f 4426/4659 4624/4653 4419/4652 4421/4656
f 4334/4646 4333/4644 4184/4650
f 4248/4651 4184/4650 4148/7303
f 4419/4652 4553/4879 4420/4655
f 4587/4684 4431/4681 4432/4680 4590/4939
f 4421/4656 4427/4666 4426/4659
f 4423/4658 4626/4660 4363/4661
f 4422/4662 4363/4661 4366/4670
f 4345/4654 4624/4653 4423/4658
f 4345/4654 4423/4658 4363/4661
f 4424/4663 4422/4662 4628/4694
f 4420/4655 4425/4665 4421/4656
f 4427/4666 4364/4673 4426/4659
f 4625/4667 4364/4673 4427/4666
f 4364/4673 4626/4660 4428/4657
f 4365/4669 4602/4671 4366/4670
f 4366/4670 4429/4672 4346/4674
f 4626/4660 4366/4670 4363/4661
f 4629/4677 4369/4675 4367/4678
f 4368/4679 4367/4678 4432/4680
f 4442/4683 4432/4680 4430/4682
f 4346/4674 4429/4672 4369/4675
f 4367/4678 4369/4675 4590/4939
f 4367/4678 4590/4939 4432/4680
f 4433/4686 4436/4688 4430/4682 4431/4681
f 4431/4681 4587/4684 4433/4686
f 4627/4687 4589/4685 4588/4936
f 4627/4687 4588/4936 4495/4935
f 4434/4790 4627/4687 4495/4935
f 4434/4790 4495/4935 4492/4791
f 4370/7304 4430/4682 4435/4689
f 4584/7305 4586/4698 4443/4697 4347/7306
f 4437/4690 4627/4687 4434/4790
f 4437/4690 4434/4790 4342/4771
f 4439/4691 4440/4676 4629/4677
f 4439/4691 4629/4677 4438/4692
f 4438/4692 4442/4683 4441/4932
f 4438/4692 4368/4679 4442/4683
f 4442/4683 4370/7304 4348/4696
f 4582/4693 4438/4692 4441/4932
f 4441/4932 4442/4683 4348/4696
f 4442/4683 4430/4682 4370/7304
f 4435/4689 4437/4690 4443/4697
f 4347/7306 4437/4690 4342/4771
f 4443/4697 4437/4690 4347/7306
f 4370/7304 4435/4689 4348/4696
f 4557/4720 4558/7307 4452/4717 4451/4712
f 4521/4699 4349/4707 4372/4700
f 4644/4704 4630/4703 4373/4705
f 4644/4704 4371/4706 4645/4718
f 4349/4707 4445/4722 4446/4708
f 4446/4708 4447/4709 4448/4702
f 4630/4703 4376/4726 4373/4705
f 4376/4726 4449/4736 4373/4705
f 4373/4705 4449/4736 4631/4710
f 4449/4736 4379/4713 4631/4710
f 4374/4711 4460/4714 4450/4716
f 4460/4714 4474/4737 4471/4715
f 4374/4711 4450/4716 4451/4712
f 4449/4736 4376/4726 4622/4725 4459/4732
f 4452/4717 4631/4710 4451/4712
f 4451/4712 4450/4716 4453/4719
f 4375/4721 4455/4727 4447/4709
f 4455/4727 4632/4724 4376/4726
f 4447/4709 4376/4726 4630/4703
f 4622/4725 4650/7308 4459/4732
f 4650/7308 4457/4730 4459/4732
f 4377/4731 4621/4734 4458/4733
f 4458/4733 4378/4735 4380/4738
f 4646/4763 4473/7309 4381/4759 4476/4762
f 4459/4732 4377/4731 4379/4713
f 4379/4713 4458/4733 4460/4714
f 4458/4733 4380/4738 4474/4737
f 4380/4738 4461/4743 4633/4739
f 4633/4739 4461/4743 4464/4740
f 4633/4739 4464/4740 4462/4758
f 4462/4758 4464/4740 4466/4742
f 4464/4740 4463/4744 4465/4741
f 4466/4742 4467/4745 4611/4746
f 4634/4747 4611/4746 4350/4751
f 4475/4752 4468/4749 4469/4750
f 4470/4754 4472/4756 4473/7309
f 4472/4756 4381/4759 4473/7309
f 4636/4757 4462/4758 4381/4759
f 4381/4759 4635/4748 4476/4762
f 4635/4748 4475/4752 4476/4762
f 4476/4762 4475/4752 4382/4761
f 4635/4748 4468/4749 4475/4752
f 4475/4752 4523/4753 4522/4760
f 4585/4769 4584/7305 4347/7306 4637/4767
f 4646/4763 4382/4761 4565/7310
f 4382/4761 4395/4764 4565/7310
f 4503/4805 4504/4809 4387/4807 4497/4799
f 4347/7306 4342/4771 4637/4767
f 4479/4772 4481/4775 4477/4765
f 4481/4775 4383/4776 4488/4768
f 4481/4775 4488/4768 4477/4765
f 4483/4780 4502/4783 4484/4779
f 4486/4781 4502/4783 4505/4784
f 4485/4785 4505/4784 4344/4811
f 4486/4781 4485/4785 4384/4782
f 4482/4777 4487/4786 4489/4778
f 4482/4777 4384/4782 4487/4786
f 4478/4766 4385/4788 4490/7311
f 4478/4766 4490/7311 4351/4770
f 4488/4768 4489/4778 4385/4788
f 4385/4788 4515/4789 4490/7311
f 4342/4771 4434/4790 4491/4773
f 4479/4772 4491/4773 4480/4774
f 4491/4773 4492/4791 4493/4792
f 4480/4774 4491/4773 4494/4793
f 4492/4791 4495/4794 4386/4796
f 4386/4796 4647/4795 4496/4798
f 4493/4792 4386/4796 4497/4799
f 4497/4799 4496/4798 4500/4801
f 4496/4798 4598/4797 4498/4803
f 4496/4798 4498/4803 4499/4800
f 4483/4780 4494/4793 4501/4806
f 4502/4783 4501/4806 4387/4807
f 4494/4793 4493/4792 4501/4806
f 4512/4832 4642/4823 4390/4819 4454/4723
f 4505/4784 4387/4807 4504/4809
f 4505/4784 4504/4809 4344/4811
f 4344/4811 4504/4809 4506/4808
f 4500/4801 4507/4812 4503/4805
f 4503/4805 4507/4812 4506/4808
f 4640/4816 4641/4820 4508/4813
f 4389/4810 4388/4814 4391/4822
f 4500/4801 4638/4802 4507/4812
f 4638/4802 4640/4816 4507/4812
f 4499/4800 4509/4815 4638/4802
f 4343/4804 4510/4817 4509/4815
f 4509/4815 4639/4818 4640/4816
f 4507/4812 4640/4816 4508/4813
f 4640/4816 4639/4818 4641/4820
f 4510/4817 4511/4821 4639/4818
f 4511/4821 4418/7312 4454/4723
f 4508/4813 4641/4820 4388/4814
f 4641/4820 4390/4819 4642/4823
f 4389/4810 4518/4829 4485/4785 4344/4811
f 4512/4832 4454/4723 4445/4722
f 4391/4822 4642/4823 4512/4832
f 4562/7313 4490/7311 4513/4824
f 4490/7311 4515/4789 4513/4824
f 4515/4789 4514/4787 4392/4828
f 4513/4824 4515/4789 4392/4828
f 4513/4824 4392/4828 4352/4825
f 4562/7313 4513/4824 4516/4826
f 4487/4786 4384/4782 4517/4827
f 4517/4827 4384/4782 4518/4829
f 4517/4827 4518/4829 4519/4830
f 4397/4870 4398/4849 4396/4842 4547/4848
f 4519/4830 4518/4829 4389/4810
f 4352/4825 4519/4830 4520/4831
f 4519/4830 4389/4810 4391/4822
f 4516/4826 4352/4825 4349/4707
f 4393/4835 4353/4840 4394/4837
f 4523/7314 4524/4839 4522/4834
f 4522/4834 4353/4840 4393/4835
f 4524/4839 4525/4844 4353/4840
f 4525/4844 4526/4846 4643/4845
f 4528/4841 4527/4847 4547/4848
f 4394/4837 4396/4842 4398/4849
f 4548/4876 4405/4872 4397/4870 4547/4848
f 4398/4849 4397/4870 4530/4850
f 4523/7314 4469/4851 4399/4843
f 4523/7314 4399/4843 4524/4839
f 4469/4851 4350/7315 4537/4852
f 4537/4852 4350/7315 4531/7316
f 4531/7316 4350/7315 4532/4853
f 4537/4852 4531/7316 4532/4853
f 4401/4855 4400/4856 4533/4857
f 4399/4843 4537/4852 4535/4860
f 4535/4860 4537/4852 4536/4854
f 4538/4861 4536/4854 4402/4859
f 4525/4844 4535/4860 4538/4861
f 4535/4860 4536/4854 4538/4861
f 4538/4861 4402/4859 4539/4862
f 4526/4846 4539/4862 4403/4867
f 4402/4859 4404/4863 4540/4864
f 4540/4864 4541/4865 4542/4868
f 4539/4862 4542/4868 4543/4866
f 4533/4857 4603/7317 4404/4863
f 4404/4863 4603/7317 4541/4865
f 4603/7317 4412/7145 4544/4869
f 4603/7317 4544/4869 4541/4865
f 4541/4865 4544/4869 4542/4868
f 4542/4868 4545/4668 4551/4664
f 4555/4884 4561/4894 4521/7318 4554/4882
f 4405/4872 4548/4876 4552/4873
f 4574/7319 4546/4871 4405/4872
f 4574/7319 4405/4872 4576/4874
f 4527/4847 4549/4875 4547/4848
f 4526/4846 4403/4867 4549/4875
f 4403/4867 4543/4866 4406/4877
f 4548/4876 4549/4875 4406/4877
f 4552/4873 4406/4877 4550/4878
f 4406/4877 4543/4866 4550/4878
f 4543/4866 4551/4664 4550/4878
f 4576/4874 4552/4873 4553/4879
f 4553/4879 4550/4878 4420/4655
f 4644/7320 4645/4887 4355/4883
f 4554/4882 4644/7320 4355/4883
f 4354/4897 4409/4898 4561/4894 4407/4891
f 4516/4893 4521/7318 4561/4894
f 4558/4886 4557/4888 4408/4890
f 4355/4883 4558/4886 4408/4890
f 4408/4890 4556/4889 4570/4892
f 4407/4891 4570/4892 4559/4914
f 4555/4884 4355/4883 4407/4891
f 4561/4894 4555/4884 4407/4891
f 4564/4912 4563/4900 4473/4902 4356/4907
f 4564/4912 4556/4889 4557/4888 4563/4900
f 4569/4911 4356/4907 4566/4904 4567/4910
f 4395/4903 4529/4908 4566/4904
f 4565/4905 4566/4904 4646/4906
f 4573/4917 4357/4918 4571/4913 4572/4915
f 4529/4908 4530/7321 4410/4909
f 4530/7321 4546/4920 4410/4909
f 4567/4910 4410/4909 4568/4924
f 4567/4910 4568/4924 4569/4911
f 4356/4907 4569/4911 4564/4912
f 4556/4889 4564/4912 4570/4892
f 4569/4911 4572/4915 4571/4913
f 4569/4911 4568/4924 4572/4915
f 4578/4925 4351/4934 4562/4895 4409/4898
f 4568/4924 4410/4909 4574/4921
f 4568/4924 4574/4921 4575/4923
f 4345/4654 4576/4922 4419/4652
f 4357/4918 4573/4917 4424/4663
f 4357/4918 4628/4694 4583/4930
f 4358/4916 4345/4654 4573/4917
f 4573/4917 4363/4661 4424/4663
f 4581/4931 4579/4928 4559/4914 4580/4919
f 4562/4895 4351/4934 4490/7322
f 4354/4897 4411/4929 4577/4926
f 4354/4897 4577/4926 4578/4925
f 4411/4929 4359/4933 4577/4926
f 4577/4926 4586/4698 4585/4927
f 4560/4896 4407/4891 4579/4928
f 4560/4896 4579/4928 4411/4929
f 4359/4933 4411/4929 4579/4928 4581/4931
f 4656/7323 4655/5013 4664/5022 4663/5025
f 4580/4919 4583/4930 4582/4693
f 4583/4930 4439/4691 4582/4693
f 4585/4927 4586/4698 4584/7305
f 4588/4936 4589/4685 4599/4947
f 4647/4937 4588/4936 4599/4947
f 4590/4939 4369/4675 4360/4940
f 4593/4938 4360/4940 4591/4943
f 4593/4938 4591/4943 4592/4944
f 4592/4944 4591/4943 4595/4942
f 4595/4942 4606/4941 4594/4964
f 4592/4944 4596/4946 4597/4982
f 4599/4947 4589/4685 4593/4938
f 4599/4947 4593/4938 4600/4949
f 4598/4948 4600/4949 4601/4950
f 4600/4949 4592/4944 4597/4982
f 4498/4952 4598/4948 4601/4950
f 4626/4660 4364/4673 4604/4953
f 4365/4669 4626/4660 4604/4953
f 4602/4671 4365/4669 4414/4954
f 4625/4667 4545/4668 4544/4956
f 4625/4667 4412/4957 4361/4955
f 4412/4957 4603/4959 4413/4958
f 4603/4959 4533/4967 4610/4965
f 4603/4959 4610/4965 4609/4960
f 4360/4940 4602/4671 4606/4941
f 4361/4955 4413/4958 4604/4953
f 4604/4953 4413/4958 4605/4962
f 4604/4953 4605/4962 4414/4954
f 4413/4958 4608/4961 4605/4962
f 4606/4941 4414/4954 4605/4962
f 4607/4963 4605/4962 4608/4961
f 4607/4963 4610/4965 4415/4970
f 4362/4966 4607/4963 4612/4975
f 4416/4969 4532/4972 4350/4973
f 4416/4969 4611/4974 4467/4971
f 4417/4976 4612/4975 4463/4977
f 4612/4975 4607/4963 4415/4970
f 4415/4970 4467/4971 4465/7324
f 4415/4970 4465/7324 4463/4977
f 4601/4950 4510/4981 4343/4951
f 4601/4950 4613/4979 4510/4981
f 4597/4982 4648/4983 4613/4979
f 4613/4979 4615/4984 4418/4980
f 4648/4983 4623/4986 4615/4984
f 4510/4981 4418/4980 4511/7325
f 4616/4945 4649/4987 4596/4946
f 4616/4945 4618/4989 4649/4987
f 4596/4946 4617/4988 4648/4983
f 4595/4942 4618/4989 4616/4945
f 4618/4989 4620/4990 4649/4987
f 4649/4987 4457/4992 4619/4991
f 4617/4988 4650/4993 4614/4985
f 4362/4966 4417/4976 4620/4990
f 4621/4994 4417/4976 4378/4978
f 4457/4992 4620/4990 4377/4995
f 4650/4993 4619/4991 4457/4992
f 4615/4984 4623/4986 4651/4999
f 4651/4999 4623/4986 4632/4998
f 4615/4984 4455/5000 4456/4997
f 5198/7326 4656/5009 5203/5011
f 4655/5013 4656/7323 5198/7327
f 5197/5008 4658/5007 4652/5002
f 5203/5011 4659/5010 5200/5006
f 5201/5019 4660/5012 5202/5014
f 5200/5006 4661/5015 4658/5007
f 4652/5002 4662/5016 4657/5003
f 4656/5009 4663/7328 4659/5010
f 4660/5012 4664/5022 4655/5013
f 5201/5019 4654/5005 4666/5028 4667/5018
f 4665/5017 4666/5028 4654/5005
f 4669/5026 4662/5016 4658/5007 4668/5020
f 4674/5031 4659/5010 4663/7328 4673/7329
f 4662/5016 4669/5026 4665/5017
f 4667/5018 4670/5021 4660/5012
f 4661/5015 4671/5023 4668/5020
f 4670/5021 4672/5024 4664/5022
f 4670/5021 4667/5018 4679/5038 4680/5049
f 4659/5010 4674/5031 4671/5023
f 4672/5024 4673/5034 4663/5025
f 4675/5027 4676/5029 4666/5028
f 4669/5026 4677/5030 4675/5027
f 4671/5023 4678/5032 4668/5020
f 4676/5029 4679/5038 4667/5018
f 4672/5024 4670/5021 4680/5049 4681/5033
f 4683/5043 4674/5031 4673/7329 4682/5041
f 4699/5055 4696/5051 4705/5064 4706/5062
f 4674/5031 4683/5043 4678/5032
f 4681/5033 4682/5040 4673/5034
f 4668/5020 4685/5036 4677/5030
f 4684/5035 4686/5037 4676/5029
f 4680/5049 4687/5039 4681/5033
f 4683/5043 4688/5042 4678/5032
f 4678/5032 4690/5045 4685/5036
f 4677/5030 4691/5046 4689/5044
f 4689/5044 4692/5047 4686/5037
f 4692/5047 4693/5048 4679/5038
f 4682/5041 4694/5052 4688/5042
f 4693/5048 4696/5051 4680/5049
f 4687/5039 4694/5056 4682/5040
f 4688/5042 4697/5053 4690/5045
f 4685/5036 4698/5054 4691/5046
f 4696/5051 4699/5055 4687/5039
f 4695/5050 4700/5057 4692/5047
f 4690/5045 4701/5058 4698/5054
f 4691/5046 4702/5059 4695/5050
f 4698/5054 4704/5061 4702/5059
f 4693/5048 4705/5064 4696/5051
f 4707/7330 4706/5062 4716/5076 4713/7331
f 4694/5052 4707/5065 4697/5053
f 4700/5057 4708/5063 4693/5048
f 4706/5062 4707/7330 4694/5056
f 4697/5053 4709/5066 4701/5058
f 4703/5060 4710/5067 4700/5057
f 4704/5061 4711/5068 4702/5059
f 4707/5065 4713/5073 4709/5066
f 4702/5059 4714/5070 4712/5069
f 4710/5067 4715/5071 4708/5063
f 4705/5064 4716/5076 4706/5062
f 4732/5089 4725/5082 4723/5079 4731/5088
f 4701/5058 4717/5072 4711/5068
f 4709/5066 4718/5074 4717/5072
f 4715/5071 4719/5075 4705/5064
f 4713/5073 4720/5083 4718/5074
f 4716/5076 4720/5081 4713/7331
f 4711/5068 4721/5077 4714/5070
f 4712/5069 4722/5078 4710/5067
f 4714/5070 4723/5079 4712/5069
f 4719/5075 4724/5080 4716/5076
f 4718/5074 4726/5084 4717/5072
f 4717/5072 4727/5085 4721/5077
f 4722/5078 4728/5086 4715/5071
f 4728/5086 4729/5087 4719/5075
f 4720/5083 4730/5091 4726/5084
f 4724/5080 4730/5095 4720/5081
f 4734/5096 4721/5077 4727/5085 4733/5090
f 4728/5086 4736/5093 4745/5109 4746/5104
f 4721/5077 4734/5096 4731/5088
f 4726/5084 4735/5092 4733/5090
f 4732/5089 4736/5093 4722/5078
f 4729/5087 4737/5094 4724/5080
f 4731/5088 4738/5097 4732/5089
f 4730/5091 4739/5099 4735/5092
f 4728/5086 4740/5098 4729/5087
f 4737/5094 4739/5107 4730/5095
f 4735/5092 4741/5100 4733/5090
f 4734/5096 4743/5102 4738/5097
f 4733/5090 4744/5103 4743/5102
f 4742/5101 4745/5109 4736/5093
f 4756/5119 4747/5105 4743/5102 4755/5115
f 4738/5097 4747/5105 4742/5101
f 4740/5098 4748/5106 4737/5094
f 4739/5099 4750/5112 4741/5100
f 4749/5108 4751/5110 4745/5109
f 4748/5106 4750/5117 4739/5107
f 4746/5104 4752/5111 4740/5098
f 4741/5100 4753/5113 4744/5103
f 4751/5110 4754/5114 4746/5104
f 4751/5110 4749/5108 4760/5120 4761/5121
f 4747/5105 4756/5119 4749/5108
f 4752/5111 4757/5116 4748/5106
f 4744/5103 4758/5118 4755/5115
f 4750/5112 4759/5123 4753/5113
f 4792/5155 4789/5151 4796/5163 4797/5169
f 4757/5116 4759/5127 4750/5117
f 4756/5119 4762/5122 4760/5120
f 4753/5113 4763/5124 4758/5118
f 4754/5114 4764/5125 4752/5111
f 4764/5125 4765/5126 4757/5116
f 4755/5115 4766/5128 4762/5122
f 4761/5121 4767/5129 4754/5114
f 4760/5120 4768/5130 4761/5121
f 4759/5123 4769/7332 4763/5124
f 4765/5126 4769/5134 4759/5127
f 4762/5122 4771/5132 4770/5131
f 4764/5125 4772/5133 4765/5126
f 4769/7332 4774/5138 4763/5124
f 4772/5133 4774/5146 4769/5134
f 4758/5118 4775/5136 4766/5128
f 4773/5135 4776/5137 4768/5130
f 4763/5124 4777/5139 4775/5136
f 4776/5137 4778/5140 4767/5129
f 4766/5128 4779/5141 4771/5132
f 4771/5132 4780/5142 4773/5135
f 4778/5140 4781/5143 4764/5125
f 4781/5143 4783/5145 4772/5133
f 4777/5139 4784/5147 4775/5136
f 4775/5136 4785/5148 4779/5141
f 4774/5138 4786/5159 4784/5147
f 4783/5145 4786/5153 4774/5146
f 4782/5144 4787/5149 4776/5137
f 4779/5141 4788/5150 4780/5142
f 4780/5142 4789/5151 4782/5144
f 4781/5143 4790/5152 4783/5145
f 4787/5149 4791/5154 4778/5140
f 4791/5154 4793/5156 4781/5143
f 4786/5159 4794/5157 4784/5147
f 4788/5150 4796/5163 4789/5151
f 4798/5166 4787/5149 4792/5155 4797/5169
f 4803/5171 4790/5152 4793/5156 4802/5165
f 4787/5149 4798/5166 4791/5154
f 4794/5157 4799/5161 4785/5148
f 4799/5161 4800/5162 4788/5150
f 4795/5158 4801/5164 4794/5157
f 4799/5161 4801/5164 4811/5179 4812/5176
f 4790/5152 4803/5171 4795/5160
f 4791/5154 4804/5167 4802/5165
f 4800/5162 4805/5168 4796/5163
f 4798/5166 4807/5173 4804/5167
f 4805/5168 4808/5182 4797/5169
f 4797/5169 4808/5182 4807/5173
f 4802/5165 4809/5174 4803/5171
f 4803/5171 4810/5175 4806/5172
f 4806/5170 4811/5179 4801/5164
f 4817/5184 4804/5167 4807/5173 4816/5183
f 4812/5176 4813/5177 4800/5162
f 4813/5177 4815/5181 4805/5168
f 4826/5195 4817/5184 4816/5183 4825/5193
f 4804/5167 4817/5184 4809/5174
f 4815/5181 4818/5190 4808/5182
f 4808/5182 4818/5190 4816/5183
f 4809/5174 4819/5185 4810/5175
f 4811/5179 4820/5186 4812/5176
f 4810/5175 4821/5187 4814/5180
f 4814/5178 4822/5188 4811/5179
f 4813/5177 4823/5189 4815/5181
f 4829/5202 4821/5187 4819/5185 4828/5196
f 4817/5184 4826/5195 4819/5185
f 4820/5186 4827/5194 4813/5177
f 4850/5234 4842/5212 4838/5207 4851/5220
f 4821/5187 4829/5202 4824/5192
f 4822/5188 4830/5197 4820/5186
f 4823/5189 4831/5200 4818/5190
f 4818/5190 4831/5200 4825/5193
f 4824/5191 4832/5198 4822/5188
f 4827/5194 4833/5199 4823/5189
f 4833/5199 4835/5205 4831/5200
f 4831/5200 4835/5205 4825/5193
f 4826/5195 4836/5204 4828/5196
f 4825/5193 4837/5206 4836/5204
f 4829/5202 4838/5207 4834/5203
f 4830/5197 4839/5208 4827/5194
f 4828/5196 4840/5209 4838/5207
f 4832/5198 4841/5210 4830/5197
f 4842/5211 4843/5213 4832/5198
f 4839/5208 4844/5214 4833/5199
f 4844/5214 4845/5216 4835/5205
f 4835/5205 4845/5216 4837/5206
f 4836/5204 4846/5215 4840/5209
f 4837/5206 4847/5217 4846/5215
f 4841/5210 4848/5218 4839/5208
f 4844/5214 4849/5224 4845/5216
f 4845/5216 4849/5224 4847/5217
f 4848/5218 4841/5210 4857/5236 4858/5227
f 4850/5219 4852/5221 4843/5213
f 4840/5209 4853/5222 4851/5220
f 4848/5218 4854/5223 4844/5214
f 4846/5215 4855/5225 4853/5222
f 4851/5220 4856/5226 4850/5234
f 4852/5221 4857/5236 4841/5210
f 4858/5227 4857/5236 4865/5243 4866/5237
f 4854/5223 4859/5229 4849/5224
f 4849/5224 4859/5229 4847/5217
f 4858/5227 4860/5228 4854/5223
f 4847/5217 4861/5230 4855/5225
f 4853/5222 4863/5232 4856/5226
f 4862/5231 4864/5235 4852/5221
f 4864/5235 4865/5243 4857/5236
f 4872/5245 4856/5226 4863/5232 4871/5241
f 4866/5237 4867/5238 4860/5228
f 4855/5225 4868/5239 4863/5232
f 4861/5230 4869/5240 4868/5239
f 4867/5238 4870/7333 4859/5229
f 4859/5229 4870/7333 4869/5240
f 4879/5262 4874/5246 4872/5245 4881/5253
f 4856/5226 4872/5245 4862/5233
f 4862/5231 4873/5242 4864/5235
f 4865/5243 4875/5247 4866/5237
f 4867/5238 4876/5249 4870/7333
f 4870/7333 4876/5249 4869/5240
f 4873/5242 4877/5248 4865/5243
f 4869/5240 4878/5250 4868/5239
f 4875/5247 4880/5252 4867/5238
f 4884/5258 4880/5252 4889/7334 4890/5267
f 4868/5239 4882/5254 4871/5241
f 4871/5241 4883/5255 4881/5253
f 4880/5252 4884/5258 4876/5249
f 4876/5249 4884/5258 4878/5250
f 4879/5251 4885/5256 4873/5242
f 4877/5248 4886/5257 4875/5247
f 4878/5250 4887/5259 4882/5254
f 4886/5257 4889/7334 4880/5252
f 4890/5267 4889/7334 4898/5274 4899/7335
f 4884/5258 4890/5267 4887/5259
f 4882/5254 4891/5263 4883/5255
f 4881/5253 4892/5264 4888/5261
f 4885/5256 4893/5265 4877/5248
f 4888/5260 4894/5266 4885/5256
f 4887/5259 4895/5268 4891/5263
f 4883/5255 4896/5269 4892/5264
f 4886/5257 4898/5274 4889/7334
f 4893/5265 4894/5266 4902/5282 4903/5275
f 4890/5267 4899/7335 4895/5268
f 4892/5264 4900/5272 4897/5271
f 4893/5265 4901/5273 4886/5257
f 4897/5270 4902/5282 4894/5266
f 4907/5294 4895/5268 4899/7335 4906/5280
f 4896/5269 4904/5276 4900/5272
f 4891/5263 4905/5277 4904/5276
f 4898/5274 4906/5280 4899/7335
f 4920/5298 4905/5277 4907/5294 4919/5293
f 4895/5268 4907/5294 4905/5277
f 4900/5272 4908/5278 4897/5271
f 4901/5273 4909/5279 4898/5274
f 4902/5282 4911/5283 4903/5275
f 4911/5283 4912/5285 4901/5273
f 4904/5276 4913/5286 4908/5278
f 4910/5281 4914/5287 4902/5282
f 4911/5283 4915/5288 4912/5285
f 4909/5279 4917/5292 4906/5280
f 4906/5280 4917/5292 4907/5294
f 4915/5288 4918/5291 4909/5279
f 4930/5311 4919/5293 4917/5292 4929/5306
f 4905/5277 4920/5298 4913/5286
f 4908/5278 4921/5295 4916/5290
f 4916/5289 4922/5296 4914/5287
f 4922/5296 4923/5297 4911/5283
f 4913/5286 4924/5299 4921/5295
f 4920/5298 4926/5302 4924/5299
f 4921/5295 4927/5303 4925/5301
f 4925/5300 4928/5304 4922/5296
f 4918/5291 4929/5306 4917/5292
f 4934/5308 4915/5288 4923/5297 4933/5307
f 4919/5293 4930/5311 4926/5302
f 4925/5300 4932/5312 4928/5304
f 4946/5322 4939/5316 4935/5309 4945/5321
f 4915/5288 4934/5308 4931/5305
f 4927/5303 4932/5315 4925/5301
f 4931/5305 4935/5309 4929/5306
f 4929/5306 4936/5310 4930/5311
f 4928/5304 4937/5313 4933/5307
f 4924/5299 4938/5314 4927/5303
f 4926/5302 4940/5317 4924/5299
f 4936/5310 4941/5318 4926/5302
f 4937/5313 4942/5319 4933/5307
f 4940/5317 4943/5320 4938/5314
f 4932/5312 4944/7336 4942/5319
f 4948/5329 4934/5308 4933/5307 4947/5323
f 4943/5320 4944/5327 4932/5315
f 4954/5336 4945/5321 4948/5329 4953/5328
f 4934/5308 4948/5329 4945/5321
f 4946/5322 4949/5324 4936/5310
f 4940/5317 4951/5326 4943/5320
f 4944/7336 4952/5330 4942/5319
f 4956/7337 4947/5323 4942/5319 4955/5331
f 4945/5321 4954/5336 4950/5325
f 4951/5326 4952/7338 4944/5327
f 4965/5343 4956/7337 4955/5331 4964/5341
f 4947/5323 4956/7337 4953/5328
f 4950/5325 4957/5332 4949/5324
f 4957/5332 4958/5333 4941/5318
f 4958/5333 4959/5334 4940/5317
f 4952/5330 4960/5340 4955/5331
f 4954/5336 4961/5335 4950/5325
f 4951/5326 4960/5339 4952/7338
f 4959/5334 4963/5338 4951/5326
f 4963/5338 4959/5334 4971/5357 4972/5347
f 4956/7337 4965/5343 4953/5328
f 4962/5337 4966/5342 4957/5332
f 4953/5328 4967/5344 4961/5335
f 4966/5342 4968/5345 4958/5333
f 4960/5340 4969/5350 4964/5341
f 4963/5338 4969/5348 4960/5339
f 4968/5345 4971/5357 4959/5334
f 4982/5359 4983/5361 4992/5384 4993/5370
f 4961/5335 4973/5349 4970/5346
f 4964/5341 4974/5351 4965/5343
f 4970/5346 4975/5352 4966/5342
f 4965/5343 4976/5353 4967/5344
f 4969/5350 4977/5365 4974/5351
f 4967/5344 4978/5354 4973/5349
f 4972/5347 4977/5360 4969/5348
f 4975/5352 4980/5356 4968/5345
f 4973/5349 4981/5358 4979/5355
f 4971/5357 4982/5359 4972/5347
f 4980/5356 4983/5361 4971/5357
f 4979/5355 4984/5362 4975/5352
f 4976/5353 4985/5363 4978/5354
f 4974/5351 4987/5366 4985/5363
f 4977/5365 4988/5373 4987/5366
f 4982/5359 4988/5371 4977/5360
f 4986/5364 4989/5367 4984/5362
f 4989/5367 4990/5368 4980/5356
f 4978/5354 4991/5369 4981/5358
f 4990/5368 4992/5384 4983/5361
f 5006/5387 4996/5375 4998/5376 5005/5386
f 4981/5358 4994/5372 4986/5364
f 4987/5366 4995/5374 4985/5363
f 4988/5373 4997/5380 4995/5374
f 4993/5370 4997/5379 4988/5371
f 4994/5372 4998/5376 4996/5375
f 4985/5363 4999/5377 4991/5369
f 4992/5384 5000/5378 4993/5370
f 4995/5374 5001/5381 4999/5377
f 4996/5375 5002/5382 4989/5367
f 5002/5382 5003/5383 4990/5368
f 4991/5369 5004/5385 4998/5376
f 5017/5399 5018/5400 5028/5416 5029/5409
f 5003/5383 5007/5388 4992/5384
f 4997/5380 5008/5391 5001/5381
f 5000/5378 5008/5390 4997/5379
f 5007/5388 5009/5389 5000/5378
f 5001/5381 5010/5392 4999/5377
f 5006/5387 5011/5393 5002/5382
f 4999/5377 5012/5394 5004/5385
f 5011/5393 5013/5395 5003/5383
f 5004/5385 5014/5396 5005/5386
f 5005/5386 5016/5398 5015/5397
f 5007/5388 5017/5399 5009/5389
f 5013/5395 5018/5400 5007/5388
f 5008/5391 5019/5401 5010/5392
f 5017/5399 5019/7339 5008/5390
f 5010/5392 5020/5402 5012/5394
f 5015/5397 5021/5403 5011/5393
f 5012/5394 5022/5404 5014/5396
f 5016/5398 5024/5406 5023/5405
f 5021/5403 5025/5407 5013/5395
f 5019/5401 5026/5412 5020/5402
f 5014/5396 5027/5408 5024/5406
f 5017/5399 5026/5410 5019/7339
f 5025/5407 5028/5416 5018/5400
f 5021/5403 5023/5405 5032/5414 5033/5424
f 5024/5406 5030/5411 5023/5405
f 5020/5402 5031/5413 5022/5404
f 5025/5407 5021/5403 5033/5424 5034/5415
f 5042/5429 5046/5428 5055/5445 5052/5447
f 5034/5415 5035/5417 5028/5416
f 5035/5417 5036/5418 5029/5409
f 5026/5412 5037/5420 5031/5413
f 5022/5404 5038/5419 5027/5408
f 5036/5418 5037/7340 5026/5410
f 5031/5413 5039/5421 5038/5419
f 5027/5408 5040/5422 5030/5411
f 5037/5420 5042/5433 5039/5421
f 5033/5424 5043/5425 5034/5415
f 5036/5418 5042/5429 5037/7340
f 5030/5411 5044/5426 5041/5423
f 5041/5423 5045/5427 5033/5424
f 5035/5417 5046/5428 5036/5418
f 5038/5419 5047/5430 5040/5422
f 5040/5422 5048/5431 5044/5426
f 5043/5425 5049/5432 5035/5417
f 5039/5421 5050/5434 5047/5430
f 5042/5433 5052/5438 5050/5434
f 5044/5426 5053/5436 5051/5435
f 5045/5427 5054/5437 5043/5425
f 5049/5432 5055/5445 5046/5428
f 5057/5455 5047/5430 5050/5434 5056/5439
f 5058/5442 5048/5431 5047/5430 5057/5455
f 5083/5470 5076/5463 5090/5487 5091/5477
f 5048/5431 5058/5442 5053/5436
f 5051/5435 5059/5440 5045/5427
f 5053/5436 5061/5443 5060/5441
f 5054/5437 5062/5444 5049/5432
f 5062/5444 5063/5446 5055/5445
f 5052/5438 5064/5450 5056/5439
f 5063/5446 5064/5462 5052/5447
f 5059/5440 5066/5449 5054/5437
f 5056/5439 5067/5451 5057/5455
f 5057/5455 5068/5452 5058/5442
f 5059/5440 5069/5453 5066/5449
f 5067/5451 5070/5454 5057/5455
f 5068/5452 5071/5456 5061/5443
f 5063/5446 5072/5457 5064/5462
f 5064/5450 5073/5458 5067/5451
f 5062/5444 5074/5459 5072/5457
f 5070/5454 5076/5463 5068/5452
f 5071/5456 5077/5466 5065/5448
f 5065/5448 5077/5466 5069/5453
f 5072/5457 5078/5464 5075/5461
f 5073/5458 5079/5465 5070/5454
f 5069/5453 5080/5467 5066/5449
f 5066/5449 5081/5468 5074/5459
f 5075/5460 5082/5469 5073/5458
f 5076/5463 5083/5470 5071/5456
f 5078/5464 5085/5473 5084/5472
f 5080/5467 5086/5474 5081/5468
f 5074/5459 5087/5475 5085/5473
f 5082/5469 5088/5476 5079/5465
f 5083/5470 5089/5478 5077/5466
f 5077/5466 5089/5478 5086/5474
f 5088/5476 5090/5487 5076/5463
f 5098/5491 5085/5473 5087/5475 5097/5485
f 5081/5468 5092/5479 5087/5475
f 5086/5474 5093/5480 5092/5479
f 5084/5471 5094/5481 5082/5469
f 5090/5487 5096/5484 5091/5477
f 5090/5487 5088/5476 5099/5489 5100/5486
f 5085/5473 5098/5491 5095/5483
f 5094/5481 5099/5489 5088/5476
f 5123/5527 5108/5498 5116/5507 5122/5514
f 5096/5484 5101/5493 5089/5478
f 5089/5478 5101/5493 5093/5480
f 5095/5482 5102/5488 5094/5481
f 5093/5480 5104/5494 5092/5479
f 5102/5488 5105/5495 5099/5489
f 5100/5486 5106/5496 5096/5484
f 5105/5495 5107/5497 5100/5486
f 5092/5479 5108/5498 5097/5485
f 5103/5490 5109/5499 5102/5488
f 5098/5491 5110/5500 5103/5492
f 5106/5496 5111/5506 5101/5493
f 5101/5493 5111/5506 5104/5494
f 5097/5485 5112/5501 5110/5500
f 5105/5495 5114/5504 5107/5497
f 5113/5502 5115/5505 5109/5499
f 5104/5494 5116/5507 5108/5498
f 5106/5496 5117/5511 5111/5506
f 5111/5506 5117/5511 5116/5507
f 5110/5500 5118/5508 5113/5503
f 5115/5505 5119/5509 5105/5495
f 5114/5504 5120/5510 5106/5496
f 5124/5516 5112/5501 5108/5498 5123/5527
f 5131/5523 5132/5524 5139/5540 5140/5532
f 5112/5501 5124/5516 5118/5508
f 5121/5512 5125/5515 5115/5505
f 5118/5508 5126/5517 5121/5513
f 5119/5509 5127/5518 5114/5504
f 5120/5510 5129/5522 5117/5511
f 5117/5511 5129/5522 5122/5514
f 5127/5518 5130/5521 5120/5510
f 5125/5515 5131/5523 5119/5509
f 5128/5519 5132/5524 5125/5515
f 5126/5517 5133/5525 5128/5520
f 5123/5527 5134/5526 5124/5516
f 5122/5514 5135/5528 5134/5526
f 5124/5516 5136/5529 5133/5525
f 5130/5521 5138/5534 5129/5522
f 5129/5522 5138/5534 5135/5528
f 5137/5530 5139/5540 5132/5524
f 5140/5532 5147/5542 5154/5552 5155/5549
f 5127/5518 5141/5533 5130/5521
f 5140/5532 5142/5535 5127/5518
f 5133/5525 5143/5536 5137/5531
f 5134/5526 5144/5537 5136/5529
f 5135/5528 5145/5538 5144/5537
f 5146/5539 5147/5542 5139/5540
f 5141/5533 5148/5545 5138/5534
f 5138/5534 5148/5545 5145/5538
f 5140/5532 5149/5543 5142/5535
f 5149/5543 5150/5544 5141/5533
f 5136/5529 5151/5546 5143/5536
f 5145/5538 5152/5547 5144/5537
f 5144/5537 5153/5548 5151/5546
f 5146/5539 5154/5552 5147/5542
f 5159/5554 5149/5543 5163/5562 5164/5558
f 5143/5536 5156/5550 5146/5541
f 5150/5544 5158/5555 5148/5545
f 5148/5545 5158/5555 5152/5547
f 5149/5543 5159/5554 5150/5544
f 5151/5546 5160/5556 5156/5550
f 5152/5547 5161/5557 5153/5548
f 5159/5554 5162/5559 5158/5555
f 5158/5555 5162/5559 5161/5557
f 5155/5549 5163/5562 5149/5543
f 5163/5562 5166/5561 5175/5576 5176/5571
f 5157/5551 5165/5560 5154/5552
f 5165/5560 5166/5561 5155/5549
f 5156/5550 5167/5563 5157/5553
f 5153/5548 5168/5564 5160/5556
f 5161/5557 5170/5567 5168/5564
f 5169/5565 5171/5568 5165/5560
f 5163/5562 5172/5569 5164/5558
f 5172/5569 5173/5572 5162/5559
f 5162/5559 5173/5572 5170/5567
f 5160/5556 5174/5570 5167/5563
f 5171/5568 5175/5576 5166/5561
f 5175/5576 5179/5575 5189/5594 5190/5588
f 5170/5567 5177/5573 5168/5564
f 5167/5563 5178/5574 5169/5566
f 5169/5565 5179/5575 5171/5568
f 5168/5564 5180/5577 5174/5570
f 5172/5569 5182/5582 5173/5572
f 5173/5572 5182/5582 5177/5573
f 5174/5570 5183/5579 5178/5574
f 5176/5571 5184/5581 5172/5569
f 5177/5573 5185/5583 5180/5577
f 5178/5574 5186/5584 5181/5580
f 5175/5576 5188/5586 5176/5571
f 5187/5585 5189/5594 5179/5575
f 5182/5582 5184/5581 5192/5596 5193/5591
f 5180/5577 5191/5589 5183/5579
f 5188/5586 5192/5596 5184/5581
f 5198/7341 5187/5587 5186/5584 5199/5598
f 5182/5582 5193/5591 5185/5583
f 5183/5579 5194/5590 5186/5584
f 5185/5583 5195/5592 5191/5589
f 5187/5585 5196/5593 5189/5594
f 5190/5588 5197/5595 5188/5586
f 5202/5605 5194/5590 5191/5589 5201/5600
f 5196/5593 5200/5599 5190/5588
f 5192/5596 4653/5603 5193/5591
f 5193/5591 4653/5603 5195/5592
f 5219/5632 5210/5614 5204/5613 5218/7342
f 5194/5590 5202/5605 5199/5598
f 5198/5597 5203/5601 5196/5593
f 5197/5595 4652/5602 5192/5596
f 5195/5592 4654/5604 5201/5600
f 5199/5598 4655/5606 5198/7341
f 5784/5624 5209/5610 5786/5612
f 5205/5615 5210/5614 5790/5616
f 5782/5618 5211/5617 5206/5607
f 5208/5608 5212/5619 5791/5609
f 5784/5624 5213/5621 5209/5610
f 5790/5616 5214/5622 5211/5617
f 5207/5620 5215/5623 5784/5624
f 5206/5607 5216/5625 5208/5608
f 5227/5636 5217/5626 5216/5625 5226/5635
f 5210/5614 5219/5632 5214/5622
f 5212/5619 5220/5627 5207/5620
f 5213/5621 5218/5631 5204/5611
f 5217/5626 5221/5628 5212/5619
f 5211/5617 5222/5629 5216/5625
f 5215/5623 5223/5630 5213/5621
f 5214/5622 5224/5633 5222/5629
f 5220/5627 5225/5634 5215/5623
f 5235/5644 5227/5636 5226/5635 5234/5643
f 5218/7342 5228/5639 5219/5632
f 5223/5630 5228/5642 5218/5631
f 5221/5628 5229/5637 5220/5627
f 5227/5636 5230/5638 5221/5628
f 5219/5632 5231/5640 5224/5633
f 5225/5634 5232/5641 5223/5630
f 5228/5639 5233/5651 5231/5640
f 5232/5641 5233/5650 5228/5642
f 5246/5656 5235/5644 5234/5643 5245/5655
f 5224/5633 5236/5645 5222/5629
f 5235/5644 5237/5646 5230/5638
f 5222/5629 5238/5647 5234/5643
f 5229/5637 5239/5648 5225/5634
f 5239/5648 5240/5649 5232/5641
f 5231/5640 5241/5652 5236/5645
f 5237/5646 5242/5653 5229/5637
f 5233/5651 5243/7343 5241/5652
f 5240/5649 5243/5660 5233/5650
f 5235/5644 5244/5654 5237/5646
f 5252/5662 5254/5665 5260/5671 5261/5672
f 5238/5647 5247/5657 5245/5655
f 5244/5654 5248/5658 5242/5653
f 5239/5648 5249/5659 5240/5649
f 5243/7343 5250/5663 5241/5652
f 5236/5645 5251/5661 5247/5657
f 5246/5656 5252/5662 5244/5654
f 5249/5659 5250/7344 5243/5660
f 5241/5652 5253/5664 5251/5661
f 5248/5658 5255/5666 5239/5648
f 5245/5655 5256/5667 5254/5665
f 5247/5657 5257/5668 5256/5667
f 5250/5663 5258/5676 5253/5664
f 5249/5659 5258/5670 5250/7344
f 5255/5666 5259/5669 5249/5659
f 5267/7345 5259/5669 5275/5695 5274/7346
f 5261/5672 5262/5673 5248/5658
f 5251/5661 5263/5674 5257/5668
f 5256/5667 5264/5675 5260/5671
f 5253/5664 5265/5677 5263/5674
f 5262/5673 5266/5678 5255/5666
f 5258/5676 5267/5683 5265/5677
f 5257/5668 5268/5679 5264/5675
f 5259/5669 5267/7345 5258/5670
f 5260/5671 5269/5680 5261/5672
f 5264/5675 5271/5682 5270/5681
f 5265/5677 5272/5684 5263/5674
f 5262/5673 5273/5685 5266/5678
f 5267/5683 5274/5689 5272/5684
f 5273/5685 5275/5695 5259/5669
f 5280/5692 5263/5674 5272/5684 5279/5690
f 5270/5681 5276/5686 5269/5680
f 5276/5686 5277/5687 5262/5673
f 5284/5694 5277/5687 5292/5706 5293/5704
f 5263/5674 5280/5692 5268/5679
f 5271/5682 5281/5691 5278/5688
f 5274/5689 5282/7347 5279/5690
f 5268/5679 5283/5693 5281/5691
f 5275/5695 5282/5697 5274/7346
f 5277/5687 5284/5694 5273/5685
f 5284/5694 5285/5696 5275/5695
f 5281/5691 5286/5698 5278/5688
f 5278/5688 5287/5699 5276/5686
f 5282/7347 5289/5702 5279/5690
f 5280/5692 5290/5701 5283/5693
f 5285/5696 5289/5709 5282/5697
f 5279/5690 5291/5703 5290/5701
f 5287/5699 5292/5706 5277/5687
f 5303/5715 5307/5720 5314/5727 5315/5728
f 5288/5700 5294/5705 5287/5699
f 5286/5698 5295/5707 5288/5700
f 5293/5704 5296/5708 5285/5696
f 5283/5693 5297/5710 5295/5707
f 5291/5703 5299/5712 5290/5701
f 5295/5707 5300/5713 5298/5711
f 5289/5702 5301/5718 5299/5712
f 5290/5701 5302/5714 5297/5710
f 5296/5708 5301/5724 5289/5709
f 5298/5711 5303/5715 5294/5705
f 5292/5706 5304/5716 5293/5704
f 5303/5715 5305/5717 5292/5706
f 5299/5712 5306/5719 5302/5714
f 5297/5710 5308/5721 5300/5713
f 5300/5713 5309/5722 5307/5720
f 5304/5716 5310/5723 5296/5708
f 5301/5718 5311/5730 5306/5719
f 5310/5723 5311/5733 5301/5724
f 5302/5714 5312/5725 5308/5721
f 5305/5717 5313/5726 5304/5716
f 5356/5781 5345/5764 5347/5763 5358/5776
f 5309/5722 5316/5729 5314/5727
f 5306/5719 5317/5731 5312/5725
f 5313/5726 5318/5732 5310/5723
f 5315/5728 5319/5734 5305/5717
f 5308/5721 5320/5735 5316/5729
f 5311/5730 5321/5739 5317/5731
f 5318/5732 5321/5745 5311/5733
f 5319/5734 5322/5736 5313/5726
f 5312/5725 5323/5737 5320/5735
f 5316/5729 5324/5738 5314/5727
f 5317/5731 5325/5740 5323/5737
f 5314/5727 5326/5741 5315/5728
f 5320/5735 5328/5743 5324/5738
f 5322/5736 5329/5744 5318/5732
f 5326/5741 5330/5746 5319/5734
f 5321/5739 5331/5749 5325/5740
f 5329/5744 5331/5755 5321/5745
f 5323/5737 5332/5747 5328/5743
f 5324/5738 5333/5748 5327/5742
f 5325/5740 5334/5750 5332/5747
f 5327/5742 5335/5751 5326/5741
f 5330/5746 5336/5752 5322/5736
f 5336/5752 5338/5754 5329/5744
f 5331/5749 5339/5757 5334/5750
f 5338/5754 5339/7348 5331/5755
f 5335/5751 5340/5756 5330/5746
f 5334/5750 5341/5758 5332/5747
f 5328/5743 5342/5759 5333/5748
f 5337/5753 5343/5760 5335/5751
f 5340/5756 5344/5761 5336/5752
f 5339/5757 5345/5770 5341/5758
f 5338/5754 5345/5764 5339/7348
f 5333/5748 5346/5762 5337/5753
f 5344/5761 5347/5763 5338/5754
f 5332/5747 5348/5765 5342/5759
f 5343/5760 5350/5767 5340/5756
f 5349/5766 5351/5768 5343/5760
f 5342/5759 5352/5769 5346/5762
f 5341/5758 5353/5771 5348/5765
f 5350/5767 5354/5772 5344/5761
f 5346/5762 5355/5775 5349/5766
f 5349/5766 5355/5775 5351/5768
f 5352/5769 5357/5774 5346/5762
f 5353/5771 5356/5773 5361/5790 5362/5779
f 5353/5771 5359/5777 5348/5765
f 5351/5768 5360/5778 5350/5767
f 5363/5782 5359/5777 5371/5795 5372/5792
f 5359/5777 5363/5782 5352/5769
f 5357/5774 5364/5784 5355/5775
f 5355/5775 5364/5784 5360/5778
f 5363/5782 5365/5783 5357/5774
f 5354/5772 5366/5785 5358/5776
f 5350/5767 5367/5786 5366/5785
f 5358/5776 5368/5787 5361/5780
f 5360/5778 5369/5788 5367/5786
f 5362/5779 5371/5795 5359/5777
f 5385/5810 5381/5801 5393/5824 5394/5816
f 5372/5792 5373/5793 5365/5783
f 5370/5789 5374/5794 5362/5779
f 5373/5793 5375/5802 5364/5784
f 5364/5784 5375/5802 5369/5788
f 5366/5785 5376/5796 5368/5787
f 5374/5794 5377/5797 5371/5795
f 5370/5789 5378/5798 5374/5794
f 5367/5786 5379/5799 5376/5796
f 5368/5787 5380/5800 5370/5791
f 5372/5792 5381/5801 5373/5793
f 5369/5788 5382/5803 5379/5799
f 5377/5797 5384/5806 5372/5792
f 5381/5801 5385/5810 5375/5802
f 5375/5802 5385/5810 5382/5803
f 5376/5796 5386/5807 5380/5800
f 5383/5804 5387/5808 5378/5798
f 5382/5803 5389/5811 5379/5799
f 5387/5808 5390/5813 5377/5797
f 5380/5800 5391/5814 5388/5812
f 5379/5799 5392/5815 5386/5807
f 5384/5806 5393/5824 5381/5801
f 5407/5835 5399/5822 5398/5821 5406/5831
f 5385/5810 5394/5816 5389/5811
f 5389/5811 5395/5817 5392/5815
f 5387/5808 5397/5820 5390/5813
f 5386/5807 5398/5821 5391/5814
f 5391/5814 5399/5822 5396/5819
f 5384/5806 5400/5823 5393/5824
f 5397/5820 5401/5825 5384/5806
f 5396/5818 5402/5826 5387/5808
f 5400/5823 5404/5829 5394/5816
f 5394/5816 5404/5829 5395/5817
f 5395/5817 5405/5830 5392/5815
f 5404/5829 5400/5823 5409/5839 5410/5842
f 5399/5822 5407/5835 5403/5828
f 5392/5815 5408/5832 5406/5831
f 5401/5825 5409/5839 5400/5823
f 5429/5863 5416/5841 5418/5844 5428/5854
f 5404/5829 5410/5842 5405/5830
f 5402/5826 5412/5834 5397/5820
f 5411/5833 5413/5837 5402/5826
f 5412/5834 5414/5838 5401/5825
f 5408/5832 5415/5840 5406/5831
f 5407/5835 5416/5841 5411/5836
f 5405/5830 5417/5843 5415/5840
f 5406/5831 5418/5844 5416/5841
f 5411/5833 5419/5845 5413/5837
f 5409/5839 5420/5848 5410/5842
f 5410/5842 5420/5848 5417/5843
f 5419/5845 5421/5846 5412/5834
f 5414/5838 5422/5847 5409/5839
f 5417/5843 5423/5849 5415/5840
f 5415/5840 5425/5852 5418/5844
f 5422/5847 5426/5857 5420/5848
f 5420/5848 5426/5857 5423/5849
f 5424/5850 5427/5853 5419/5845
f 5433/5859 5434/5860 5443/5878 5444/5871
f 5416/5841 5429/5863 5424/5851
f 5421/5846 5430/5855 5414/5838
f 5430/5855 5431/5856 5422/5847
f 5423/5849 5432/5858 5425/5852
f 5427/5853 5433/5859 5421/5846
f 5424/5850 5434/5860 5427/5853
f 5425/5852 5436/5862 5428/5854
f 5430/5855 5437/5865 5431/5856
f 5437/5865 5438/5872 5426/5857
f 5426/5857 5438/5872 5432/5858
f 5433/5859 5439/5866 5430/5855
f 5429/5863 5440/5867 5435/5864
f 5428/5854 5441/5868 5440/5867
f 5442/5869 5443/5878 5434/5860
f 5446/5875 5436/5862 5432/5858 5445/5873
f 5438/5872 5437/5865 5447/7349 5448/7350
f 5436/5862 5446/5875 5441/5868
f 5439/5866 5447/7349 5437/5865
f 5448/7350 5447/7349 5453/5882 5454/5888
f 5438/5872 5448/7350 5445/5873
f 5440/5867 5449/5874 5442/5870
f 5441/5868 5450/5876 5449/5874
f 5442/5869 5451/5877 5443/5878
f 5439/5866 5453/5882 5447/7349
f 5455/5883 5445/5873 5448/7350 5454/5888
f 5439/5866 5444/5871 5456/5887 5457/5881
f 5445/5873 5455/5883 5446/5875
f 5451/5877 5456/5887 5444/5871
f 5454/5888 5453/5882 5467/5901 5468/5898
f 5446/5875 5458/5884 5450/5876
f 5449/5874 5459/5885 5452/5880
f 5452/5879 5460/5886 5451/5877
f 5455/5883 5461/5889 5458/5884
f 5450/5876 5462/5890 5459/5885
f 5460/5886 5463/5891 5456/5887
f 5463/5891 5465/5893 5457/5881
f 5459/5885 5466/5895 5464/5894
f 5465/5893 5467/5901 5453/5882
f 5478/5907 5479/5908 5488/5929 5489/5919
f 5454/5888 5468/5898 5461/5889
f 5464/5892 5469/5896 5460/5886
f 5462/5890 5470/5897 5466/5895
f 5461/5889 5471/5899 5458/5884
f 5465/5893 5472/5900 5467/5901
f 5458/5884 5473/5902 5470/5897
f 5472/5900 5474/5909 5468/5898
f 5468/5898 5474/5909 5471/5899
f 5466/5895 5475/5903 5464/5894
f 5476/5904 5477/5906 5469/5896
f 5463/5891 5478/5907 5465/5893
f 5477/5906 5479/5908 5463/5891
f 5471/5899 5480/5910 5473/5902
f 5470/5897 5481/5911 5475/5903
f 5475/5903 5482/5912 5476/5905
f 5472/5900 5484/5916 5474/5909
f 5474/5909 5484/5916 5480/5910
f 5478/5907 5485/5915 5472/5900
f 5473/5902 5486/5917 5481/5911
f 5483/5913 5487/5918 5477/5906
f 5487/5918 5488/5929 5479/5908
f 5494/5923 5496/5927 5505/5943 5506/5937
f 5482/5912 5490/5920 5483/5914
f 5480/5910 5491/5921 5486/5917
f 5485/5915 5493/5926 5484/5916
f 5484/5916 5493/5926 5491/5921
f 5481/5911 5494/5923 5490/5920
f 5489/5919 5495/5925 5485/5915
f 5486/5917 5496/5927 5494/5923
f 5492/5922 5497/5928 5487/5918
f 5491/5921 5498/5930 5496/5927
f 5492/5922 5499/5938 5497/5928
f 5488/5929 5500/5932 5489/5919
f 5489/5919 5500/5932 5495/5925
f 5495/5925 5501/5933 5493/5926
f 5488/5929 5502/5934 5500/5932
f 5494/5923 5504/5936 5490/5920
f 5498/5930 5505/5943 5496/5927
f 5544/5980 5532/5967 5536/5971 5543/5978
f 5497/5928 5507/5939 5502/5934
f 5501/5933 5509/5941 5508/5940
f 5508/5940 5510/5942 5498/5930
f 5499/5938 5511/7351 5507/5939
f 5502/5934 5512/5944 5500/5932
f 5504/5936 5511/5947 5499/5931
f 5500/5932 5513/5945 5509/5941
f 5506/5937 5514/5946 5504/5936
f 5505/5943 5515/5948 5506/5937
f 5508/5940 5516/5949 5510/5942
f 5511/7351 5517/5951 5507/5939
f 5514/5946 5517/5956 5511/5947
f 5507/5939 5519/5952 5512/5944
f 5516/5949 5520/5953 5505/5943
f 5513/5945 5521/5954 5509/5941
f 5515/5948 5522/5955 5514/5946
f 5512/5944 5523/5957 5521/5954
f 5509/5941 5524/5958 5518/5950
f 5517/5951 5525/5959 5519/5952
f 5522/5955 5525/5962 5517/5956
f 5519/5952 5526/5960 5523/5957
f 5515/5948 5527/5961 5522/5955
f 5524/5958 5528/5963 5518/5950
f 5518/5950 5529/5964 5516/5949
f 5520/5953 5531/5966 5515/5948
f 5521/5954 5532/5967 5528/5963
f 5525/5959 5533/5969 5526/5960
f 5529/5964 5534/5968 5520/5953
f 5527/5961 5533/5975 5525/5962
f 5526/5960 5535/5970 5523/5957
f 5523/5957 5536/5971 5532/5967
f 5528/5963 5537/5972 5530/5965
f 5530/5965 5538/5973 5529/5964
f 5531/5966 5539/5974 5527/5961
f 5533/5969 5540/5984 5535/5970
f 5534/5968 5541/5976 5531/5966
f 5539/5974 5540/5983 5533/5975
f 5541/5976 5549/5986 5555/5995 5556/6004
f 5532/5967 5544/5980 5537/5972
f 5542/5977 5545/5979 5538/5973
f 5537/5972 5546/5981 5542/5977
f 5541/5976 5547/5982 5539/5974
f 5535/5970 5548/5985 5543/5978
f 5545/5979 5549/5986 5534/5968
f 5540/5984 5550/7352 5548/5985
f 5547/5982 5550/7353 5540/5983
f 5551/5987 5552/5988 5545/5979
f 5550/7352 5553/5996 5548/5985
f 5546/5981 5554/5989 5551/5987
f 5547/5982 5553/5991 5550/7353
f 5552/5988 5555/5995 5549/5986
f 5547/5982 5541/5976 5556/6004 5557/5990
f 5552/5988 5551/5987 5559/5993 5560/5994
f 5543/5978 5558/5992 5544/5980
f 5575/6020 5569/6006 5566/6005 5574/7354
f 5548/5985 5561/5997 5558/5992
f 5544/5980 5562/5998 5554/5989
f 5556/6004 5563/5999 5557/5990
f 5564/6000 5565/6001 5560/5994
f 5553/5996 5566/6005 5561/5997
f 5558/5992 5567/6002 5562/5998
f 5555/5995 5568/6003 5556/6004
f 5563/5999 5566/6010 5553/5991
f 5561/5997 5569/6006 5567/6002
f 5554/5989 5570/6007 5564/6000
f 5565/6001 5571/6008 5555/5995
f 5568/6003 5572/6009 5563/5999
f 5586/6023 5589/6027 5595/6033 5596/6034
f 5569/6006 5575/6020 5567/6002
f 5562/5998 5576/6012 5570/6007
f 5571/6008 5577/6013 5568/6003
f 5572/6009 5574/6019 5566/6010
f 5570/6007 5578/6014 5573/6011
f 5565/6001 5579/6015 5571/6008
f 5573/6011 5580/6016 5565/6001
f 5577/6013 5582/6018 5572/6009
f 5574/7354 5583/6025 5575/6020
f 5582/6018 5583/6029 5574/6019
f 5567/6002 5584/6021 5576/6012
f 5578/6014 5585/6022 5581/6017
f 5581/6017 5586/6023 5580/6016
f 5576/6012 5587/6024 5585/6022
f 5575/6020 5588/6026 5584/6021
f 5577/6013 5590/6028 5582/6018
f 5579/6015 5591/6030 5577/6013
f 5585/6022 5592/6031 5589/6027
f 5586/6023 5593/6032 5579/6015
f 5583/6025 5594/6035 5588/6026
f 5602/6045 5592/6031 5587/6024 5601/6041
f 5590/6028 5594/6040 5583/6029
f 5588/6026 5597/6036 5584/6021
f 5593/6032 5598/6037 5591/6030
f 5584/6021 5599/6038 5587/6024
f 5598/6037 5600/6039 5590/6028
f 5593/6032 5605/6044 5608/6051 5609/6048
f 5592/6031 5602/6045 5595/6033
f 5594/6035 5603/6042 5597/6036
f 5600/6039 5603/6055 5594/6040
f 5597/6036 5604/6043 5599/6038
f 5595/6033 5605/6044 5596/6034
f 5602/6045 5607/6047 5606/6046
f 5606/6046 5608/6051 5605/6044
f 5614/6054 5612/6052 5620/6064 5621/6061
f 5601/6041 5610/6049 5607/6047
f 5609/6048 5612/6052 5598/6037
f 5599/6038 5613/6053 5610/6049
f 5612/6052 5614/6054 5600/6039
f 5603/6042 5615/6056 5604/6043
f 5614/6054 5615/6062 5603/6055
f 5604/6043 5616/6057 5613/6053
f 5611/6050 5617/6058 5608/6051
f 5607/6047 5619/6060 5618/6059
f 5609/6048 5620/6064 5612/6052
f 5627/6077 5619/6060 5610/6049 5626/6067
f 5617/6058 5622/6063 5609/6048
f 5615/6056 5623/6069 5616/6057
f 5621/6061 5623/7355 5615/6062
f 5613/6053 5624/6065 5610/6049
f 5618/6059 5625/6066 5617/6058
f 5628/6068 5618/6059 5619/6060 5627/6077
f 5645/6088 5638/6080 5635/6076 5644/6087
f 5616/6057 5629/6070 5624/6065
f 5623/6069 5630/6078 5629/6070
f 5622/6063 5631/6071 5620/6064
f 5621/6061 5630/6073 5623/7355
f 5631/6071 5632/6072 5621/6061
f 5628/6068 5633/6074 5625/6066
f 5633/6074 5634/6075 5622/6063
f 5627/6077 5635/6076 5628/6068
f 5629/6070 5636/6079 5624/6065
f 5630/6078 5637/6092 5636/6079
f 5632/6072 5637/6083 5630/6073
f 5624/6065 5639/6081 5626/6067
f 5631/6071 5640/6082 5632/6072
f 5626/6067 5641/6084 5635/6076
f 5638/6080 5642/6085 5633/6074
f 5634/6075 5643/6086 5631/6071
f 5691/6145 5675/6122 5676/6123 5690/6137
f 5637/6092 5646/6089 5636/6079
f 5646/6089 5647/6090 5639/6081
f 5647/6090 5649/6094 5641/6084
f 5634/6075 5650/6095 5643/6086
f 5642/6085 5651/6096 5650/6095
f 5640/6082 5652/6097 5648/6093
f 5644/6087 5653/6099 5645/6088
f 5645/6088 5653/6099 5651/6096
f 5649/6094 5654/6098 5644/6087
f 5648/6091 5655/6100 5646/6089
f 5643/6086 5656/6101 5652/6097
f 5651/6096 5657/6102 5650/6095
f 5652/6097 5659/6105 5658/6104
f 5650/6095 5660/6106 5656/6101
f 5654/6098 5661/6113 5653/6099
f 5653/6099 5661/6113 5657/6102
f 5658/6103 5662/6107 5655/6100
f 5647/6090 5663/6108 5649/6094
f 5656/6101 5664/6109 5659/6105
f 5662/6107 5666/6111 5647/6090
f 5663/6108 5667/6112 5654/6098
f 5657/6102 5668/6115 5660/6106
f 5663/6108 5669/6116 5667/6112
f 5659/6105 5670/6117 5665/6114
f 5665/6110 5671/6118 5662/6107
f 5669/6116 5673/6124 5661/6113
f 5661/6113 5673/6124 5668/6115
f 5671/6118 5674/6121 5666/6111
f 5664/6109 5675/6122 5670/6117
f 5660/6106 5676/6123 5675/6122
f 5668/6115 5677/6125 5676/6123
f 5672/6119 5678/6126 5671/6118
f 5674/6121 5679/6127 5663/6108
f 5670/6117 5680/6128 5672/6120
f 5679/6127 5682/6130 5669/6116
f 5677/6125 5683/6132 5676/6123
f 5682/6130 5684/7356 5673/6124
f 5673/6124 5684/7356 5683/6132
f 5681/6129 5685/6133 5678/6126
f 5680/6128 5686/6134 5681/6131
f 5674/6121 5687/6135 5679/6127
f 5685/6133 5688/6136 5674/6121
f 5682/6130 5689/6140 5684/7356
f 5684/7356 5689/6140 5683/6132
f 5685/6133 5692/6138 5695/6151 5696/6143
f 5675/6122 5691/6145 5686/6134
f 5683/6132 5693/6141 5690/6137
f 5687/6135 5694/6142 5682/6130
f 5694/6142 5687/6135 5703/6158 5704/6152
f 5694/6142 5697/6153 5689/6140
f 5689/6140 5697/6153 5693/6141
f 5686/6134 5698/6146 5695/6144
f 5691/6145 5699/6147 5698/6146
f 5696/6143 5700/6148 5688/6136
f 5695/6151 5701/6149 5696/6143
f 5700/6148 5703/6158 5687/6135
f 5710/6170 5702/6155 5698/6146 5712/6163
f 5693/6141 5705/6154 5690/6137
f 5690/6137 5706/6156 5699/6147
f 5704/6152 5707/6161 5697/6153
f 5697/6153 5707/6161 5705/6154
f 5701/6149 5708/6157 5700/6148
f 5699/6147 5709/6159 5698/6146
f 5705/6154 5711/6162 5706/6156
f 5725/6186 5709/6159 5717/6167 5724/6177
f 5710/6160 5713/6164 5701/6149
f 5703/6158 5714/6165 5704/6152
f 5708/6157 5715/6166 5703/6158
f 5714/6165 5716/6173 5707/6161
f 5707/6161 5716/6173 5711/6162
f 5706/6156 5717/6167 5709/6159
f 5718/6168 5719/6171 5713/6164
f 5715/6166 5720/6172 5714/6165
f 5719/6171 5721/6174 5708/6157
f 5712/6163 5722/6175 5718/6169
f 5721/6174 5723/6176 5715/6166
f 5733/6190 5722/6175 5725/6186 5732/6185
f 5709/6159 5725/6186 5722/6175
f 5711/6162 5726/6178 5724/6177
f 5720/6172 5727/6181 5716/6173
f 5716/6173 5727/6181 5726/6178
f 5718/6168 5728/6179 5719/6171
f 5723/6176 5729/6180 5720/6172
f 5728/6179 5731/6184 5721/6174
f 5738/6192 5734/6187 5745/6214 5746/6199
f 5722/6175 5733/6190 5730/6183
f 5723/6176 5735/6188 5729/6180
f 5726/6178 5736/6189 5724/6177
f 5735/6188 5737/6196 5727/6181
f 5727/6181 5737/6196 5736/6189
f 5734/6187 5738/6192 5728/6179
f 5724/6177 5739/6193 5732/6185
f 5731/6184 5740/6194 5723/6176
f 5738/6192 5741/6195 5731/6184
f 5736/6189 5742/6197 5739/6193
f 5733/6190 5743/6198 5734/6191
f 5735/6188 5744/6201 5737/6196
f 5737/6196 5744/6201 5742/6197
f 5750/6209 5742/6197 5744/6201 5749/6208
f 5740/6194 5747/6200 5735/6188
f 5732/6185 5748/6203 5743/6198
f 5747/6200 5749/6208 5744/6201
f 5754/6207 5753/6206 5760/6219 5761/6227
f 5742/6197 5750/6209 5739/6193
f 5743/6198 5751/6204 5745/6202
f 5745/6214 5752/6205 5746/6199
f 5741/6195 5753/6206 5740/6194
f 5753/6206 5754/6207 5747/6200
f 5739/6193 5755/6210 5748/6203
f 5752/6205 5756/6211 5741/6195
f 5748/6203 5757/6212 5751/6204
f 5750/6209 5759/6216 5755/6210
f 5756/6211 5760/6219 5753/6206
f 5749/6208 5754/6207 5761/6227 5762/7357
f 5756/6211 5752/6205 5764/6221 5765/6218
f 5749/6208 5762/7357 5759/6216
f 5751/6204 5763/6217 5758/6215
f 5758/6213 5764/6221 5752/6205
f 5768/7358 5759/6216 5762/7357 5767/6226
f 5761/6227 5767/6226 5762/7357
f 5769/6223 5755/6210 5759/6216 5768/7358
f 5776/6241 5768/7358 5767/6226 5775/6235
f 5755/6210 5769/6223 5757/6212
f 5757/6212 5770/6224 5763/6217
f 5760/6219 5771/6225 5761/6227
f 5772/6228 5773/6230 5764/6221
f 5765/6218 5774/6231 5760/6219
f 5771/6225 5775/6235 5767/6226
f 5799/6261 5796/6375 5893/6369 5890/6370
f 5768/7358 5776/6241 5769/6223
f 5773/6230 5777/6232 5765/6218
f 5763/6217 5778/6233 5772/6229
f 5774/6231 5779/6234 5771/6225
f 5780/6236 5781/6238 5773/6230
f 5777/6232 5782/6239 5774/6231
f 5776/6241 5783/6240 5769/6223
f 5770/6224 5784/6242 5778/6233
f 5769/6223 5785/6243 5784/6242
f 5778/6233 5786/6244 5780/6237
f 5779/6234 5787/6246 5775/6235
f 5775/6235 5787/6246 5783/6240
f 5782/6239 5788/6245 5779/6234
f 5789/6247 5205/6249 5781/6238
f 5205/6249 5790/6250 5777/6232
f 5783/6240 5791/6251 5785/6243
f 5782/6239 5206/6252 5788/6245
f 5785/6243 5207/6254 5784/6242
f 5793/6257 5857/6327 5794/7359
f 5796/6375 5795/6259 5793/6257
f 5793/6257 5797/6260 5857/6327
f 5795/6259 5798/6262 5797/6260
f 5798/6262 5802/6263 5797/6260
f 5798/6262 5800/6265 5801/6269
f 5802/6263 5798/6262 5801/6269
f 5802/6263 5801/6269 5803/6266
f 5800/6265 5804/6268 5801/6269
f 5803/6266 5807/6272 5855/6323
f 5804/6268 5806/6271 5807/6272
f 5806/6271 5809/7360 5808/6273
f 5810/6276 5808/6275 5809/6277
f 5812/6282 5809/6354 5875/6280
f 5814/6284 5811/6279 5812/6278
f 5816/6285 5814/6284 5817/7361
f 5817/7362 5814/6283 5887/6287
f 5816/6285 5817/7361 5818/6289
f 5820/7363 5817/7362 5887/6287
f 5818/6289 5817/7361 5820/7364
f 5821/6292 5820/6291 5822/6294
f 5824/6397 5821/6292 5823/6295
f 5822/6294 5886/6293 5881/7365
f 5825/6395 5824/6397 5823/6295
f 5823/6295 5827/6296 5825/6395
f 5825/6395 5827/6296 5826/6298
f 5823/6295 5828/6363 5827/6296
f 5827/6296 5828/6363 5885/6297
f 5829/6300 5826/6298 5884/6299
f 5911/7366 5829/6300 5830/6301
f 5831/6303 5834/6304 5833/6389
f 5860/6334 5834/6304 5831/6303
f 5833/6389 5835/6306 5836/6308
f 5833/6389 5834/6304 5835/6306
f 5837/6305 5838/6309 5835/6306
f 5838/6309 5842/6311 5839/6307
f 5840/6331 5843/6310 5838/6309
f 5842/6311 5843/6310 5845/6313
f 5842/6311 5845/6313 5844/6315
f 5916/6402 5842/6311 5844/6315
f 5844/6315 5846/6314 5847/6405
f 5846/6329 5856/6264 5847/6316
f 5847/6316 5849/6267 5848/6326
f 5848/6326 5855/6323 5850/6325
f 5849/6267 5803/6266 5855/6323
f 5845/6328 5797/6260 5856/6264
f 5794/6258 5857/6330 5840/6331
f 5837/6305 5840/6331 5838/6309
f 5858/6333 5859/6332 5837/6305
f 5834/6304 5858/6333 5837/6305
f 5861/6335 5860/6334 5832/6302
f 5862/6336 5864/6339 5861/6335
f 5863/6337 5865/6338 5862/6336
f 5865/6338 5868/6342 5864/6339
f 5883/6361 5868/6342 5865/6338
f 5871/6346 5870/6344 5867/6341
f 5872/6347 5873/6348 5870/6344
f 5805/7367 5889/6349 5873/6348
f 5874/6351 5805/7367 5873/6348
f 5875/6280 5873/6348 5876/6350
f 5809/6354 5874/6351 5875/6280
f 5887/6287 5813/6281 5876/6350
f 5877/6355 5876/6350 5872/6347
f 5887/6287 5876/6350 5877/6355
f 5878/6357 5887/6287 5877/6355
f 5877/6355 5871/6346 5879/6356
f 5871/6346 5869/6343 5879/6356
f 5881/6360 5878/6357 5879/6356
f 5879/6356 5869/6343 5880/6358
f 5879/6356 5880/6358 5881/6360
f 5828/6363 5883/6364 5863/6337
f 5869/6343 5868/6342 5883/6361
f 5885/6297 5863/6337 5884/6299
f 5884/6299 5863/6337 5832/6302
f 5881/7365 5882/6362 5823/6295
f 5822/6294 5881/7365 5823/6295
f 5886/6365 5887/6287 5878/6357
f 5820/7363 5887/6287 5886/6365
f 5888/6367 5805/6270 5800/6265
f 5800/6265 5890/6370 5888/6367
f 5890/6370 5891/6368 5888/6367
f 5891/6368 5892/7368 5889/6366
f 5893/6369 5892/6345 5891/6368
f 5892/6345 5866/6340 5867/6341
f 5892/6345 5894/6371 5866/6340
f 5866/6340 5894/6371 5895/6374
f 5895/6374 5894/6371 5896/6373
f 5861/6335 5895/6374 5896/6373
f 5866/6340 5895/6374 5864/6339
f 5859/6332 5792/6256 5794/6258
f 5796/6375 5799/6261 5795/6259
f 5951/6457 5971/6436 5972/6435 5950/6448
f 5799/6261 5890/6370 5800/6265
f 5792/6256 5796/6375 5793/6257
f 5853/6320 5811/6279 5815/6286
f 5899/6377 5919/6406 5898/6376
f 5901/6379 5902/6407 5899/6377
f 5901/6382 5904/6390 5905/7369
f 5901/6382 5906/6381 5904/6390
f 5907/6386 5905/6383 5904/7370
f 5908/6387 5909/6385 5907/6386
f 5909/6385 5903/6384 5905/6383
f 5911/7371 5833/6389 5910/6388
f 5910/6388 5836/6308 5908/6387
f 5833/6399 5911/7366 5830/6301
f 5910/6391 5912/7372 5911/7366
f 5910/6391 5913/6393 5912/7372
f 5904/6390 5913/6393 5910/6391
f 5906/6381 5913/6393 5904/6390
f 5912/7372 5913/6393 5829/6300
f 5914/6394 5826/6298 5913/6393
f 5900/6380 5915/6396 5906/6381
f 5915/6396 5824/6397 5914/6394
f 5914/6394 5824/6397 5825/6395
f 5900/6380 5819/6398 5915/6396
f 5911/7366 5912/7372 5829/6300
f 5839/6307 5841/6312 5909/6385
f 5920/6401 5841/6312 5916/6402
f 5841/6312 5842/6311 5916/6402
f 5847/6405 5848/6317 5918/6404
f 5918/6404 5848/6317 5852/6319
f 5902/6407 5918/6404 5919/6406
f 5902/6407 5917/6403 5918/6404
f 5903/6384 5917/6403 5902/6407
f 5920/6401 5917/6403 5903/6384
f 5909/6385 5920/6401 5903/6384
f 5922/6486 5985/6487 5921/7373
f 5988/6415 5982/6417 5980/6419
f 5983/6411 5932/6414 5926/6416
f 5989/6412 5983/6411 5926/6416
f 5988/6415 5980/6419 5987/6418
f 5986/6420 5980/6419 5936/6421
f 5986/6420 5936/6421 5985/6423
f 5927/6482 5977/6480 5928/6481
f 5931/6476 5941/6473 5983/6411
f 5975/6474 5932/6414 5983/6411
f 5932/6414 5975/6474 5933/6472
f 5932/6414 5933/6472 5934/6427
f 5983/6411 5941/6473 5975/6474
f 5935/6430 5937/6444 5979/6431
f 5937/6444 5938/6433 5979/6431
f 5977/6480 5938/7374 5939/6478
f 5938/7374 5972/6435 5939/6478
f 5937/6444 5949/7375 5938/6433
f 5939/6478 5972/6435 5940/6437
f 5949/6449 5972/6435 5938/7374
f 5931/6476 5970/6451 5941/6473
f 5940/6437 5971/6436 5970/6451
f 5945/6442 5944/6441 5973/6429
f 5966/6432 5948/6443 5935/6430
f 5937/6444 5947/6455 5949/7375
f 5948/6443 5947/6455 5937/6444
f 5949/6449 5950/6448 5972/6435
f 5947/6455 5965/7376 5949/7375
f 5968/6471 5955/6470 5962/6467 5963/6465
f 5971/6436 5951/6457 5952/6450
f 5969/6469 5961/6466 5954/6468
f 5967/6445 5964/6452 5966/6432
f 5968/6471 5963/6465 5967/6445
f 5947/6455 5956/6454 5965/7376
f 5956/7377 5957/6453 5965/6447
f 5964/6452 5956/6454 5948/6443
f 5950/6448 5957/6453 5958/6456
f 5952/6450 5958/6456 5959/6458
f 5959/7378 5958/6461 5960/7379
f 5960/7379 5958/6461 5963/6463
f 5961/7380 5960/7379 5963/6463
f 5961/7380 5963/6463 5962/7381
f 5963/6463 5956/6464 5964/7382
f 5954/6468 5944/6441 5943/6439 5969/6469
f 5954/6468 5962/6467 5955/6470
f 5969/6469 5960/6459 5961/6466
f 5968/6471 5967/6445 5946/6446
f 5944/6441 5968/6471 5946/6446
f 5922/6410 5923/6409 5927/6482 5928/6481
f 5942/6438 5953/6460 5969/6469
f 5941/6473 5959/6458 5953/6460
f 5941/6473 5953/6460 5942/6438
f 5970/6451 5959/6458 5941/6473
f 5970/6451 5952/6450 5959/6458
f 5973/6429 5946/6446 5981/6428
f 5981/6428 5966/6432 5936/6421
f 5933/6472 5974/6440 5945/6442
f 5945/6442 5973/6429 5934/6427
f 5975/6474 5974/6440 5933/6472
f 5975/6474 5942/6438 5974/6440
f 5976/6475 5940/6437 5931/6476
f 5928/6481 5939/6478 5929/6479
f 5978/6424 5977/6434 5927/6425
f 5930/6477 5931/6476 5925/6413
f 5929/6479 5930/6477 5924/7383
f 5924/7383 5930/6477 5925/6413
f 5922/6410 5929/6479 5924/7383
f 6154/6676 6155/7384 6093/7385 6091/7386
f 5926/6416 5988/6415 5987/6418
f 5926/6484 5925/6483 5989/7387
f 5925/6483 5922/6486 5924/7388
f 5985/6487 5987/6485 5986/7389
f 5974/6440 5943/6439 5945/6442
f 5944/6441 5946/6446 5973/6429
f 6073/6588 6075/6593 6128/6591
f 6075/6593 6165/6592 6074/6594
f 6074/6594 6077/6598 6076/6595
f 6077/6598 6079/6600 6076/6595
f 6077/6598 6078/6597 6079/6600
f 6076/6595 6079/6600 6127/6652
f 6081/6596 6080/7399 6078/6597
f 6078/6597 6080/7399 6082/6599
f 6080/7399 6083/7400 6082/6599
f 6084/6601 6082/7401 6083/6602
f 6124/6656 6082/7401 6084/6601
f 6088/6613 6087/6609 6151/6612
f 6090/6615 6088/6613 6092/6616
f 6092/6616 6089/6614 6091/6617
f 6090/6615 6178/6718 6177/6702 6176/6699
f 6094/7402 6091/7403 6093/6619
f 6096/6622 6093/6619 6095/6621
f 6094/7402 6093/6619 6096/6622
f 6095/6621 6155/6620 6157/6680
f 6095/6621 6157/6680 6098/6624
f 6096/6622 6097/6623 6190/7404
f 6100/6627 6097/6623 6101/6625
f 6104/6719 6103/6716 6105/6632
f 6103/6716 6102/6629 6105/6632
f 6104/6719 6105/6632 6106/6634
f 6106/6634 6107/6636 6104/7405
f 6108/6633 6107/6636 6106/6634
f 6110/6635 6109/6638 6107/6636
f 6132/6637 6111/6639 6109/6638
f 6111/6639 6112/6641 6113/6640
f 6113/6640 6112/6641 6116/6643
f 6131/6660 6112/6641 6111/6639
f 6114/6642 6129/7406 6117/6644
f 6116/6643 6117/6644 6193/6722
f 6193/6722 6117/6644 6119/6646
f 6117/6648 6128/6591 6118/6649
f 6126/6658 6125/6657 6120/6650
f 6121/6700 6122/6655 6123/6610
f 6123/6610 6122/6655 6124/6656
f 6124/6656 6125/6654 6082/7401
f 6079/6600 6082/6599 6125/6657
f 6120/6650 6127/6652 6126/6658
f 6118/6649 6128/6591 6127/6652
f 6128/6591 6075/6593 6127/6652
f 6071/6586 6128/6591 6130/6589
f 6130/6659 6129/7406 6114/6642
f 6130/6659 6114/6642 6112/6641
f 6072/6587 6130/6659 6131/6660
f 6133/6661 6131/6660 6132/6637
f 6133/6661 6132/6637 6110/6635
f 6134/6695 6133/6661 6110/6635
f 6134/6695 6110/6635 6108/6633
f 6135/6662 6134/6695 6108/6633
f 6135/6662 6108/6633 6105/6632
f 6137/6682 6136/6663 6160/6631
f 6139/6664 6138/6696 6135/6662
f 6137/6682 6140/6665 6136/6663
f 6141/6667 6170/6692 6139/6664
f 6143/6683 6142/6666 6140/6665
f 6144/6670 6141/6667 6142/6666
f 6145/6671 6142/6666 6143/6683
f 6144/6670 6169/6669 6141/6667
f 6144/6670 6142/6666 6145/6671
f 6146/6668 6144/6670 6145/6671
f 6169/6669 6161/7407 6163/7408
f 6146/6668 6161/7407 6169/6669
f 6149/6605 6161/7407 6146/6668
f 6150/6608 6146/6668 6147/6672
f 6149/6605 6146/6668 6150/6608
f 6081/7409 6161/7407 6149/6605
f 6080/7410 6081/7409 6149/6605
f 6083/6604 6080/7410 6149/6605
f 6148/6673 6150/6608 6147/6672
f 6151/6611 6086/6607 6148/6673
f 6148/6673 6147/6672 6152/6674
f 6154/6676 6148/6673 6152/6674
f 6154/6676 6153/6675 6155/7384
f 6153/6675 6143/6683 6156/6677
f 6155/7384 6153/6675 6157/6678
f 6156/6679 6159/6681 6099/6628
f 6099/6628 6158/6630 6101/6625
f 6091/7386 6089/6684 6154/6676
f 6089/6684 6151/6611 6148/6673
f 6162/6685 6081/6596 6077/6598
f 6074/6594 6162/6685 6077/6598
f 6164/6687 6163/6690 6161/6686
f 6165/6592 6166/6688 6162/6685
f 6168/6691 6167/6689 6164/6687
f 6169/6669 6163/7408 6167/6689
f 6168/6691 6173/6693 6170/6692
f 6170/6692 6171/6694 6138/6696
f 6171/6694 6172/6697 6134/6695
f 6138/6696 6134/6695 6135/6662
f 6170/6692 6138/6696 6139/6664
f 6171/6694 6174/6698 6172/6697
f 6172/6697 6174/6698 6072/6587
f 6173/6693 6174/6698 6171/6694
f 6174/6698 6173/6693 6175/6585
f 6175/6585 6166/6688 6165/6592
f 6173/6693 6168/6691 6166/6688
f 6175/6585 6165/6592 6073/6588
f 6182/6707 6185/7411 6184/6709 6183/6706
f 6178/6718 6090/6615 6092/6616
f 6179/6701 6196/6724 6176/6699
f 6177/7412 6180/6703 6179/6705
f 6179/6705 6181/6704 6182/6715
f 6261/6793 6204/6729 6203/7413 6212/6737
f 6192/6708 6194/6721 6183/6706
f 6186/6710 6109/6638 6184/6709
f 6187/7414 6107/6636 6186/6710
f 6187/6713 6188/6712 6104/6719
f 6186/6710 6184/6709 6185/7411
f 6181/6704 6189/6626 6185/6714
f 6188/6712 6189/6626 6103/6716
f 6103/6716 6100/6627 6102/6629
f 6190/7404 6189/6626 6181/6704
f 6180/6703 6190/7404 6181/6704
f 6190/7404 6097/6623 6189/6626
f 6191/7415 6190/7404 6180/6703
f 6191/7415 6096/6622 6190/7404
f 6178/6718 6092/6616 6094/6618
f 6191/7415 6094/7402 6096/6622
f 6177/7412 6191/7415 6180/6703
f 6104/7405 6107/6636 6187/7414
f 6192/6708 6116/6643 6115/6720
f 6115/6720 6116/6643 6193/6722
f 6194/6721 6193/6722 6195/6723
f 6119/6646 6120/6653 6122/6655
f 6196/6724 6195/6723 6121/6700
f 6195/6723 6122/6655 6121/6700
f 6197/6725 6194/6721 6195/6723
f 6205/6801 6198/7416 6199/7417
f 6202/6794 6212/6737 6203/7413
f 6204/6729 6261/6793 6260/6730
f 6263/6731 6260/6730 6259/6732
f 6392/6992 6381/6940 6380/6998 6391/6993
f 6212/6737 6256/6736 6213/6740
f 6261/6793 6213/6740 6214/6738
f 6214/6738 6216/6741 6215/6739
f 6213/6740 6255/6742 6216/6741
f 6215/6739 6217/6743 6259/6732
f 6218/6734 6219/6744 6258/6746
f 6219/6744 6222/6751 6257/6745
f 6257/6749 6221/6748 6220/6788
f 6224/6755 6250/6754 6225/6764
f 6252/6787 6231/6780 6251/6761
f 6230/6766 6247/6758 6253/6757
f 6231/6780 6232/6759 6251/6761
f 6234/6752 6233/6760 6250/6754
f 6225/6764 6242/6763 6236/6779
f 6248/6781 6245/6765 6230/6766
f 6249/6776 6244/7418 6248/6781
f 6245/6765 6239/6767 6247/6758
f 6240/6769 6241/6770 6233/6760
f 6235/6762 6241/6770 6242/6763
f 6240/6773 6242/7419 6241/7420
f 6242/7419 6240/6773 6246/6772
f 6243/7421 6239/6771 6244/7422
f 6239/6771 6243/7421 6246/6772
f 6244/7422 6239/6771 6245/7423
f 6243/6775 6244/7418 6249/6776
f 6244/7418 6245/6765 6248/6781
f 6249/6776 6248/6781 6254/6782
f 6227/6785 6237/6778 6238/6774
f 6226/6786 6236/6779 6237/6778
f 6250/6754 6235/6762 6225/6764
f 6251/6761 6233/6760 6234/6752
f 6219/6744 6253/6757 6252/6750
f 6230/6766 6253/6757 6219/6744
f 6217/6743 6230/6766 6218/6734
f 6255/6742 6228/6784 6229/6783
f 6256/6736 6227/6785 6255/6742
f 6256/6736 6226/6786 6227/6785
f 6211/6735 6225/6764 6226/6786
f 6210/6795 6224/6755 6211/6735
f 6208/6796 6224/6755 6210/6795
f 6223/6753 6224/6755 6208/6796
f 6207/6789 6223/6753 6208/6796
f 6257/6749 6220/6788 6209/6790
f 6258/6746 6257/6745 6206/6792
f 6202/6794 6211/6735 6212/6737
f 6208/6796 6210/6795 6201/6727
f 6207/6789 6208/6796 6200/6726
f 6209/6790 6207/6789 6199/6728
f 6262/6799 6206/6792 6198/6798
f 6204/7424 6263/7425 6205/6801
f 6202/6800 6204/7424 6205/6801
f 6202/6794 6203/7413 6204/6729
f 6199/7417 6201/6802 6205/6801
f 6198/7416 6205/6801 6262/7426
f 6218/6734 6258/6746 6262/6799
f 6258/6746 6206/6792 6262/6799
f 6266/6805 6264/7427 6320/6872
f 6265/6803 6267/6913 6264/6804
f 6267/6913 6268/6806 6264/6804
f 6270/6808 6271/6812 6269/6809
f 6269/6809 6271/6812 6273/6811
f 6276/6816 6278/7428 6275/6815
f 6275/6815 6278/7428 6279/6817
f 6337/6899 6278/7428 6276/6816
f 6278/6818 6337/7429 6338/6819
f 6280/6821 6279/6869 6278/6822
f 6281/6824 6282/6823 6339/7430
f 6281/6824 6339/7430 6285/6828
f 6287/6834 6286/7431 6290/6835
f 6288/6928 6286/7431 6287/6834
f 6289/6836 6290/6835 6344/6898
f 6292/6926 6289/6836 6291/6838
f 6294/6840 6292/6926 6291/6838
f 6293/6837 6346/6897 6291/6838
f 6296/6839 6295/6841 6297/6843
f 6291/6838 6346/6897 6295/6841
f 6295/6841 6348/6896 6299/6842
f 6298/6844 6299/6842 6301/6845
f 6323/6874 6303/6848 6301/6845
f 6305/6851 6304/6850 6306/6854
f 6304/6850 6321/6852 6307/6853
f 6309/6856 6310/6857 6308/6855
f 6308/6855 6310/6857 6368/6918
f 6310/6857 6309/6856 6312/6858
f 6311/6859 6312/6858 6375/6930
f 6375/6863 6313/6862 6314/6865
f 6314/7432 6315/6866 6376/6868
f 6376/6868 6317/6867 6316/7433
f 6316/7433 6317/6867 6318/6870
f 6317/6867 6280/6821 6318/6870
f 6318/6870 6281/6824 6283/6826
f 6315/6864 6277/6814 6279/6817
f 6313/6862 6274/6810 6273/6811
f 6312/6861 6274/6810 6313/6862
f 6268/6806 6274/6810 6319/6807
f 6264/7427 6319/6860 6320/6872
f 6321/6852 6266/6805 6320/6872
f 6303/6848 6322/6873 6321/6852
f 6323/6874 6356/6876 6322/6873
f 6326/6877 6327/6880 6356/6876
f 6325/6895 6326/6877 6324/6875
f 6326/6877 6328/6882 6327/6880
f 6328/6882 6330/6878 6327/6880
f 6347/6890 6328/6882 6326/6877
f 6331/6881 6333/6883 6330/6878
f 6333/6883 6335/6886 6332/6884
f 6332/6884 6334/6903 6351/6905
f 6335/6886 6334/6903 6332/6884
f 6340/6887 6335/6886 6333/6883
f 6337/7434 6334/6903 6335/6886
f 6337/7434 6335/6886 6336/6885
f 6338/6819 6337/7434 6336/6885
f 6339/6825 6336/6885 6340/6887
f 6342/6889 6340/6887 6333/6883
f 6342/6889 6331/6881 6343/6891
f 6344/6892 6341/6888 6342/6889
f 6343/6891 6347/6890 6345/7435
f 6344/6898 6343/6893 6293/6837
f 6347/6890 6331/6881 6328/6882
f 6348/6896 6325/6895 6324/6875
f 6346/6897 6345/6894 6348/6896
f 6293/6837 6345/6894 6346/6897
f 6285/6831 6339/6825 6341/6888
f 6290/6832 6285/6831 6341/6888
f 6299/6842 6324/6875 6301/6845
f 6349/6901 6337/6899 6272/6813
f 6271/6812 6350/6902 6272/6813
f 6350/6902 6351/6907 6349/6901
f 6270/6808 6352/6914 6350/6902
f 6354/6906 6353/6909 6351/6907
f 6352/6914 6354/6906 6350/6902
f 6354/6906 6352/6914 6355/6910
f 6353/6909 6354/6906 6355/6910
f 6355/6910 6352/6914 6358/6911
f 6329/6879 6355/6910 6327/6880
f 6327/6880 6355/6910 6356/6876
f 6356/6876 6357/6912 6322/6873
f 6332/6884 6351/6905 6353/6908
f 6357/6912 6265/6803 6266/6805
f 6357/6912 6358/6911 6265/6803
f 6267/6913 6270/6808 6268/6806
f 6359/6871 6283/6826 6284/6827
f 6360/7436 6359/6871 6284/6827
f 6360/7436 6361/6933 6359/6871
f 6362/7437 6361/6933 6360/7436
f 6363/6916 6361/6933 6362/7437
f 6363/7438 6362/6923 6364/7439
f 6366/7440 6365/6915 6364/6917
f 6367/6919 6365/6915 6366/7440
f 6306/6854 6368/6918 6367/6919
f 6300/7441 6305/6851 6367/6919
f 6300/7441 6367/6919 6366/7440
f 6369/6922 6370/6921 6366/6920
f 6364/7439 6369/6922 6366/6920
f 6300/6847 6370/6921 6297/6843
f 6371/6925 6294/6840 6369/6922
f 6370/6921 6296/6839 6297/6843
f 6370/6921 6294/6840 6296/6839
f 6362/6923 6371/6925 6364/7439
f 6362/6923 6288/6928 6372/6924
f 6371/6925 6292/6926 6294/6840
f 6288/6928 6287/6834 6372/6924
f 6292/6926 6287/6834 6289/6836
f 6360/7436 6284/6827 6288/6833
f 6371/6925 6369/6922 6364/7439
f 6300/6847 6297/6843 6298/6844
f 6305/7442 6300/6847 6302/6846
f 6306/6854 6308/6855 6368/6918
f 6310/6857 6311/6859 6368/6918
f 6368/6918 6311/6859 6373/6929
f 6311/6859 6374/6931 6373/6929
f 6373/6929 6374/6931 6378/6934
f 6375/6930 6314/7432 6376/6868
f 6374/6931 6377/6932 6378/6934
f 6376/6868 6316/7433 6377/6932
f 6377/6932 6316/7433 6359/6871
f 6377/6932 6359/6871 6361/6933
f 6316/7433 6318/6870 6359/6871
f 6363/6916 6378/6934 6361/6933
f 6380/7443 6381/7000 6379/7003
f 6384/6942 6385/6950 6435/6945
f 6385/6950 6386/6943 6435/6945
f 6386/6943 6387/7005 6434/6944
f 6434/6944 6387/7005 6432/6946
f 6388/6948 6398/6947 6389/6996
f 6394/6941 6395/6949 6385/6950
f 6395/6949 6396/7004 6386/6943
f 6396/7004 6397/6991 6387/7005
f 6387/7005 6397/6991 6432/6946
f 6397/6991 6428/6951 6398/6947
f 6399/6952 6400/7444 6401/7445
f 6401/6994 6400/6990 6402/6953
f 6401/6994 6402/6953 6431/6955
f 6429/6961 6408/6962 6397/6991
f 6422/6964 6409/6973 6427/6965
f 6409/6966 6410/6974 6426/6967
f 6426/6967 6410/6974 6411/6969
f 6409/6966 6415/7446 6410/6974
f 6410/6974 6415/7446 6416/6975
f 6414/6972 6415/7447 6409/6973
f 6411/6969 6416/6975 6417/7448
f 6404/6956 6417/7448 6418/6988
f 6419/6978 6418/6979 6417/6976
f 6417/6976 6415/6981 6420/6977
f 6420/6971 6414/6972 6422/6964
f 6415/6981 6417/6976 6416/7449
f 6421/6987 6419/6983 6424/6985
f 6412/6986 6418/6988 6421/6987
f 6411/6969 6417/7448 6404/6956
f 6413/6984 6423/6963 6408/6962
f 6407/6959 6413/6984 6408/6962
f 6406/6958 6412/6986 6424/6985
f 6405/6989 6412/6986 6406/6958
f 6404/6956 6418/6988 6405/6989
f 6402/6953 6426/6967 6425/6970
f 6427/6968 6426/6967 6400/6990
f 6428/6951 6427/6965 6400/7444
f 6430/6960 6429/6961 6396/7004
f 6395/6949 6430/6960 6396/7004
f 6395/6949 6406/6958 6430/6960
f 6394/6941 6405/6989 6395/6949
f 6393/6957 6404/6956 6394/6941
f 6431/6955 6403/6954 6393/6957
f 6390/7450 6399/6952 6401/7445
f 6389/6996 6399/6952 6390/7450
f 6382/6938 6393/6957 6383/6939
f 6390/7450 6433/6936 6379/6935 6389/6996
f 6433/6997 6390/6995 6391/6993
f 6388/7451 6379/7003 6435/6999 6434/7452
f 6434/6944 6432/6946 6388/6948
f 6428/6951 6400/7444 6399/6952
usemtl Torus_1
f 368/386 391/387 369/388
f 369/388 391/387 370/389
f 393/390 372/391 371/392
f 394/393 374/394 373/395
f 381/396 380/397 397/398
f 383/399 407/400 384/401
f 398/402 389/403 388/404
f 367/405 419/406 368/386
f 395/407 404/408 396/409
f 396/409 400/410 376/411
f 376/411 400/410 377/412
f 401/413 378/414 377/412
f 402/415 379/416 378/414
f 407/400 416/417 384/401
f 416/417 385/418 384/401
f 385/418 387/419 386/420
f 424/421 393/390 392/422
f 375/423 410/424 395/407
f 380/397 406/425 397/398
f 397/398 414/426 382/427
f 409/428 394/393 372/391
f 399/429 421/430 375/423
f 412/431 401/413 377/412
f 413/432 380/397 379/416
f 406/425 414/426 397/398
f 414/426 415/433 382/427
f 382/427 415/433 383/399
f 417/434 398/402 387/419
f 419/406 431/435 391/387
f 391/387 432/436 392/422
f 394/393 420/437 399/429
f 422/438 406/425 380/397
f 416/417 430/439 385/418
f 423/440 417/434 387/419
f 409/428 425/441 394/393
f 426/442 400/410 405/443
f 427/444 412/431 400/410
f 428/445 402/415 401/413
f 432/436 452/446 424/421
f 420/437 437/447 421/430
f 433/448 411/449 404/408
f 414/426 441/450 415/433
f 415/433 442/451 407/400
f 418/452 435/453 408/454
f 408/455 435/456 419/406
f 419/406 443/457 431/435
f 437/447 438/458 410/424
f 439/459 405/443 411/449
f 439/459 426/442 405/443
f 428/445 440/460 402/415
f 440/460 413/432 402/415
f 435/456 443/457 419/406
f 436/461 444/462 409/428
f 425/441 445/463 420/437
f 420/437 445/463 437/447
f 433/448 439/459 411/449
f 446/464 422/438 413/432
f 442/451 450/465 416/417
f 444/462 448/466 425/441
f 449/467 440/460 428/445
f 443/457 451/468 431/435
f 431/435 451/468 432/436
f 452/446 456/469 436/461
f 412/431 449/467 428/445
f 418/452 455/470 435/453
f 437/447 459/471 438/458
f 427/444 480/472 412/431
f 447/473 457/474 441/450
f 441/450 469/475 442/451
f 461/476 422/438 446/464
f 462/477 454/478 422/438
f 454/478 463/479 429/480
f 429/480 463/479 447/473
f 464/481 423/440 430/439
f 434/482 466/483 418/452
f 451/468 467/484 452/446
f 439/459 484/485 426/442
f 468/486 446/464 440/460
f 468/486 461/476 446/464
f 457/474 469/475 441/450
f 469/475 470/487 450/465
f 470/487 464/481 430/439
f 472/488 417/434 423/440
f 453/489 475/490 444/462
f 467/484 456/469 452/446
f 476/491 478/492 448/466
f 448/466 478/492 445/463
f 426/442 479/493 427/444
f 484/485 479/493 426/442
f 479/493 480/472 427/444
f 481/494 453/489 456/469
f 472/488 465/495 417/434
f 483/496 475/490 453/489
f 477/497 484/485 439/459
f 485/498 468/486 449/467
f 483/496 476/491 475/490
f 487/499 459/471 458/500
f 488/501 460/502 459/471
f 488/501 482/503 460/502
f 454/478 503/504 463/479
f 481/494 483/496 453/489
f 463/479 491/505 457/474
f 495/506 467/484 474/507
f 496/508 481/494 467/484
f 480/472 485/498 449/467
f 503/504 520/509 463/479
f 489/510 497/511 470/487
f 492/512 490/513 466/483
f 500/514 476/491 483/496
f 479/493 501/515 480/472
f 461/476 502/516 462/477
f 464/481 517/517 471/518
f 484/485 526/519 479/493
f 485/498 511/520 468/486
f 468/486 511/520 461/476
f 499/521 465/495 472/488
f 506/522 500/514 483/496
f 507/523 487/499 486/524
f 508/525 488/501 487/499
f 509/526 482/503 488/501
f 510/527 504/528 482/503
f 497/511 517/517 464/481
f 512/529 492/512 465/495
f 514/530 496/508 495/506
f 501/515 519/531 485/498
f 515/532 507/523 486/524
f 502/516 520/509 503/504
f 489/510 521/533 497/511
f 513/534 493/535 490/536
f 515/532 476/491 500/514
f 491/505 523/537 489/510
f 520/509 528/538 491/505
f 502/516 531/539 520/509
f 536/540 509/526 508/525
f 529/541 538/542 526/519
f 517/517 539/543 498/544
f 498/544 539/543 499/521
f 540/545 514/530 494/546
f 541/547 507/523 515/532
f 541/547 536/540 507/523
f 531/539 542/548 528/538
f 528/538 558/549 523/537
f 521/533 553/550 517/517
f 532/551 543/552 513/553
f 545/554 540/545 525/555
f 546/556 538/542 529/541
f 530/557 547/558 542/548
f 539/543 548/559 532/551
f 527/560 552/561 530/557
f 519/531 557/562 516/563
f 555/564 546/556 529/541
f 546/556 519/531 538/542
f 516/563 557/562 527/560
f 543/552 561/565 513/553
f 550/566 533/567 540/545
f 554/568 535/569 534/570
f 549/571 551/572 541/547
f 555/564 529/541 537/573
f 547/558 564/574 542/548
f 542/548 564/574 558/549
f 558/549 566/575 553/550
f 568/576 550/566 545/554
f 544/577 573/578 545/554
f 553/550 565/579 559/580
f 539/543 572/581 548/559
f 563/582 546/556 555/564
f 559/580 567/583 539/543
f 548/559 572/581 543/552
f 564/574 566/575 558/549
f 565/579 567/583 559/580
f 561/584 573/578 544/577
f 569/585 555/564 551/572
f 570/586 554/568 550/566
f 569/585 563/582 555/564
f 571/587 576/588 552/561
f 552/561 576/588 547/558
f 573/578 583/589 568/576
f 577/590 560/591 554/568
f 564/574 576/588 566/575
f 572/581 579/592 561/565
f 577/590 562/593 560/591
f 578/594 556/595 563/582
f 578/594 574/596 556/595
f 566/575 581/597 565/579
f 580/598 569/585 562/593
f 580/598 578/594 569/585
f 578/594 563/582 569/585
f 576/588 581/597 566/575
f 567/583 582/599 572/581
f 568/576 584/600 570/586
f 575/601 585/602 571/587
f 584/600 577/590 570/586
f 587/603 574/596 578/594
f 571/587 585/602 576/588
f 573/578 591/604 586/605
f 579/592 591/606 573/607
f 587/603 580/598 577/590
f 587/603 578/594 580/598
f 588/608 574/596 587/603
f 574/596 588/608 585/602
f 582/599 590/609 591/606
f 588/610 587/603 584/600
f 590/609 588/611 591/606
f 370/612 392/613 593/614
f 374/615 375/616 594/617
f 596/618 379/619 380/620
f 382/621 383/622 597/623
f 388/624 386/625 387/626
f 601/627 389/628 390/629
f 598/630 371/631 372/632
f 599/633 373/634 374/615
f 594/617 396/635 595/636
f 600/637 397/638 382/621
f 597/623 383/622 636/639
f 601/627 388/624 389/628
f 592/640 368/641 369/642
f 609/643 593/614 371/631
f 602/644 598/630 373/634
f 599/633 594/617 603/645
f 595/636 376/646 604/647
f 605/648 378/649 379/619
f 636/639 384/650 606/651
f 606/651 384/650 386/625
f 606/651 386/625 388/624
f 607/652 388/624 601/627
f 608/653 601/627 592/640
f 609/643 371/631 598/630
f 603/645 595/636 610/654
f 610/654 595/636 604/647
f 640/655 596/618 381/656
f 600/637 382/621 597/623
f 611/657 620/658 615/659
f 614/660 623/661 619/662
f 612/663 621/664 617/665
f 613/666 622/667 623/661
f 624/668 620/658 619/662
f 621/664 616/669 625/670
f 622/667 613/666 618/671
f 623/661 622/667 626/672
f 623/661 626/672 627/673
f 623/661 627/673 619/662
f 628/674 619/662 627/673
f 624/668 619/662 628/674
f 618/671 617/665 629/675
f 621/664 637/676 632/677
f 617/665 632/677 608/653
f 633/678 622/667 618/671
f 622/667 633/678 634/679
f 627/673 626/672 639/680
f 605/648 624/668 628/674
f 615/659 640/655 600/637
f 625/670 615/659 600/637
f 633/678 618/671 629/675
f 630/681 627/673 639/680
f 632/677 607/652 601/627
f 370/612 629/675 369/642
f 634/679 609/643 602/644
f 635/682 605/648 596/618
f 369/642 629/675 592/640
f 593/614 633/678 370/612
f 609/643 633/678 593/614
f 638/683 373/634 599/633
f 603/645 639/680 599/633
f 610/654 630/681 603/645
f 637/676 606/651 388/624
f 433/448 404/408 410/424 438/458
f 370/389 391/387 392/422
f 392/422 393/390 371/392
f 372/391 394/393 373/395
f 374/394 399/429 375/423
f 387/419 398/402 388/404
f 394/393 399/429 374/394
f 401/413 402/415 378/414
f 390/7039 408/455 367/405
f 393/390 403/7040 372/391
f 395/407 410/424 404/408
f 396/409 404/408 405/443
f 396/409 405/443 400/410
f 383/399 415/433 407/400
f 389/403 418/452 390/7041
f 367/405 408/455 419/406
f 368/386 419/406 391/387
f 424/421 403/7040 393/390
f 403/7040 409/428 372/391
f 375/423 421/430 410/424
f 400/410 412/431 377/412
f 402/415 413/432 379/416
f 390/7041 418/452 408/454
f 391/387 431/435 432/436
f 392/422 432/436 424/421
f 399/429 420/437 421/430
f 411/449 405/443 404/408
f 413/432 422/438 380/397
f 385/418 423/440 387/419
f 398/402 434/482 389/403
f 389/403 434/482 418/452
f 394/393 425/441 420/437
f 421/430 437/447 410/424
f 426/442 427/444 400/410
f 412/431 428/445 401/413
f 422/438 429/480 406/425
f 430/439 423/440 385/418
f 424/421 436/461 403/7040
f 447/473 414/426 406/425 429/480
f 407/400 442/451 416/417
f 417/434 434/482 398/402
f 424/421 452/446 436/461
f 403/7040 436/461 409/428
f 409/428 444/462 425/441
f 414/426 447/473 441/450
f 415/433 441/450 442/451
f 440/460 446/464 413/432
f 459/471 437/447 445/463 458/500
f 416/417 450/465 430/439
f 436/461 453/489 444/462
f 425/441 448/466 445/463
f 432/436 451/468 452/446
f 436/461 456/469 453/489
f 438/458 460/502 433/448
f 422/438 454/478 429/480
f 435/456 455/7042 473/7043
f 435/456 473/7043 443/457
f 443/457 473/7043 451/468
f 438/458 459/471 460/502
f 412/431 480/472 449/467
f 442/451 469/475 450/465
f 417/434 465/495 434/482
f 476/491 448/466 444/462 475/490
f 433/448 460/502 477/497
f 461/476 462/477 422/438
f 447/473 463/479 457/474
f 450/465 470/487 430/439
f 434/482 465/495 466/483
f 418/452 466/483 455/470
f 449/467 468/486 440/460
f 464/481 471/518 423/440
f 471/518 472/488 423/440
f 451/468 473/7043 474/507
f 451/468 474/507 467/484
f 489/510 469/475 457/474 491/505
f 433/448 477/497 439/459
f 445/463 478/492 458/500
f 467/484 481/494 456/469
f 460/502 482/503 477/497
f 478/492 486/524 458/500
f 486/524 487/499 458/500
f 487/499 488/501 459/471
f 477/497 482/503 484/485
f 474/507 473/7043 494/546 495/506
f 469/475 489/510 470/487
f 466/483 490/513 455/470
f 455/7042 493/535 473/7043
f 493/535 494/546 473/7043
f 503/504 454/478 462/477 502/516
f 495/506 496/508 467/484
f 463/479 520/509 491/505
f 470/487 497/511 464/481
f 465/495 492/512 466/483
f 490/536 493/535 455/7042
f 480/472 501/515 485/498
f 471/518 498/544 472/488
f 498/544 499/521 472/488
f 476/491 486/524 478/492
f 531/539 502/516 505/7044 530/557
f 471/518 517/517 498/544
f 479/493 526/519 501/515
f 461/476 505/7044 502/516
f 482/503 504/528 484/485
f 484/485 504/528 526/519
f 461/476 511/520 505/7044
f 481/494 506/522 483/496
f 496/508 506/522 481/494
f 507/523 508/525 487/499
f 508/525 509/526 488/501
f 509/526 510/527 482/503
f 499/521 512/529 465/495
f 492/512 518/7045 490/513
f 494/546 514/530 495/506
f 476/491 515/532 486/524
f 485/498 519/531 516/563
f 485/498 516/563 511/520
f 512/529 518/7045 492/512
f 518/7045 513/553 490/513
f 497/511 521/533 517/517
f 506/522 522/7046 500/514
f 522/7046 515/532 500/514
f 496/508 522/7046 506/522
f 489/510 523/537 521/533
f 513/534 524/7047 493/535
f 493/535 525/555 494/546
f 504/528 529/541 526/519
f 501/515 526/519 519/531
f 511/520 516/563 527/560
f 511/520 527/560 505/7044
f 491/505 528/538 523/537
f 505/7044 527/560 530/557
f 515/532 522/7046 534/570 535/569
f 520/509 531/539 528/538
f 512/529 532/551 518/7045
f 524/7047 525/555 493/535
f 496/508 533/567 522/7046
f 533/567 534/570 522/7046
f 510/527 509/526 536/540 537/573
f 507/523 536/540 508/525
f 504/528 510/527 537/573 529/541
f 532/551 512/529 499/521 539/543
f 526/519 538/542 519/531
f 496/508 514/530 540/545 533/567
f 532/551 513/553 518/7045
f 525/555 540/545 494/546
f 537/573 536/540 551/572 555/564
f 535/569 541/547 515/532
f 531/539 530/557 542/548
f 528/538 542/548 558/549
f 523/537 558/549 521/533
f 517/517 553/550 559/580
f 517/517 559/580 539/543
f 521/533 558/549 553/550
f 513/534 544/577 524/7047
f 524/7047 545/554 525/555
f 532/551 548/559 543/552
f 544/577 545/554 524/7047
f 513/534 561/584 544/577
f 535/569 549/571 541/547
f 545/554 550/566 540/545
f 541/547 551/572 536/540
f 527/560 557/562 552/561
f 530/557 552/561 547/558
f 533/567 554/568 534/570
f 554/568 549/571 535/569
f 571/587 552/561 557/562 575/601
f 519/531 556/595 557/562
f 550/566 554/568 533/567
f 546/556 556/595 519/531
f 545/554 573/578 568/576
f 554/568 560/591 549/571
f 543/552 572/581 561/565
f 549/571 562/593 551/572
f 553/550 566/575 565/579
f 539/543 567/583 572/581
f 563/582 556/595 546/556
f 560/591 562/593 549/571
f 562/593 569/585 551/572
f 568/576 570/586 550/566
f 582/599 567/583 565/579 581/597
f 556/595 574/596 557/562
f 557/562 574/596 575/601
f 547/558 576/588 564/574
f 561/565 579/592 573/607
f 570/586 577/590 554/568
f 577/590 580/598 562/593
f 572/581 582/599 579/592
f 568/576 583/589 584/600
f 590/609 581/597 576/588 589/7048
f 575/601 574/596 585/602
f 583/589 573/578 586/605
f 583/589 586/605 584/600
f 576/588 585/602 589/7048
f 611/657 612/663 613/666 614/660
f 581/597 590/609 582/599
f 579/592 582/599 591/606
f 584/600 587/603 577/590
f 585/602 588/608 589/7048
f 591/604 588/7049 586/605
f 586/605 588/610 584/600
f 590/609 589/7048 588/611
f 592/640 367/7050 368/641
f 594/617 375/616 395/7051
f 594/617 395/7051 396/635
f 595/636 396/635 376/646
f 596/618 380/620 381/656
f 386/625 384/650 385/7052
f 367/7050 601/627 390/629
f 592/640 601/627 367/7050
f 371/631 593/614 392/613
f 373/634 598/630 372/632
f 594/617 599/633 374/615
f 600/637 381/656 397/638
f 636/639 383/622 384/650
f 603/645 594/617 595/636
f 604/647 376/646 377/7053
f 604/647 377/7053 378/649
f 605/648 604/647 378/649
f 596/618 605/648 379/619
f 602/644 609/643 598/630
f 625/670 597/623 636/639
f 611/657 615/659 616/669 612/663
f 619/662 620/658 614/660
f 611/657 614/660 620/658
f 612/663 617/665 618/671 613/666
f 635/682 640/655 620/658 624/668
f 614/660 613/666 623/661
f 612/663 616/669 621/664
f 625/670 616/669 615/659
f 617/665 621/664 632/677
f 626/672 622/667 634/679
f 630/681 628/674 627/673
f 602/644 638/683 626/672 634/679
f 615/659 620/658 640/655
f 631/7054 621/664 625/670
f 631/7054 637/676 621/664
f 629/675 617/665 608/653
f 624/668 605/648 635/682
f 636/639 631/7054 625/670
f 634/679 633/678 609/643
f 639/680 626/672 638/683
f 610/654 628/674 630/681
f 604/647 605/648 628/674
f 370/612 633/678 629/675
f 610/654 604/647 628/674
f 640/655 635/682 596/618
f 640/655 381/656 600/637
f 597/623 625/670 600/637
f 606/651 637/676 631/7054
f 608/653 632/677 601/627
f 592/640 629/675 608/653
f 638/683 602/644 373/634
f 639/680 638/683 599/633
f 603/645 630/681 639/680
f 636/639 606/651 631/7054
f 632/677 637/676 388/624
f 607/652 632/677 388/624
usemtl Mesh
f 646/684 650/685 641/686
f 652/687 653/688 649/689
f 654/690 657/691 653/688
f 659/692 655/693 656/694
f 656/695 660/685 661/685
f 662/696 658/697 659/692
f 666/698 657/691 658/697
f 663/699 666/698 658/697
f 668/700 663/699 662/696
f 657/691 666/698 665/701
f 667/702 670/703 663/699
f 665/701 666/698 791/704
f 675/705 671/706 667/702
f 674/707 672/708 673/709
f 666/698 670/703 791/704
f 679/710 675/705 674/707
f 679/710 678/711 675/705
f 685/685 677/695 681/685
f 678/684 682/684 681/685
f 678/711 679/710 686/712
f 686/685 762/685 688/684
f 682/684 687/684 690/684
f 691/713 690/714 687/715
f 687/715 689/716 691/713
f 690/684 692/684 682/684
f 692/684 683/684 682/684
f 691/713 753/717 754/718
f 754/718 694/719 691/713
f 807/720 692/721 694/719
f 694/719 695/722 807/720
f 695/722 694/719 696/723
f 697/724 694/719 693/725
f 699/726 696/723 697/724
f 697/724 750/727 700/728
f 700/728 702/729 697/724
f 702/729 703/730 699/726
f 702/729 706/731 703/730
f 708/732 701/733 703/730
f 709/734 704/735 701/733
f 710/736 705/737 704/735
f 703/730 712/738 707/739
f 713/740 710/736 709/734
f 710/685 648/741 711/685
f 714/742 708/732 707/739
f 643/743 648/744 713/740
f 714/742 643/743 708/732
f 718/745 717/746 716/747
f 718/745 651/748 717/746
f 719/749 714/742 716/747
f 720/750 718/745 716/747
f 660/685 718/685 720/695
f 722/751 720/750 721/752
f 724/753 722/751 721/752
f 720/695 722/685 660/685
f 724/754 725/685 722/685
f 727/755 721/752 728/756
f 729/757 727/755 728/756
f 732/758 728/756 731/759
f 731/759 730/760 732/758
f 730/760 706/731 700/728
f 732/758 733/761 734/762
f 732/758 734/762 735/763
f 735/763 737/764 736/765
f 733/761 730/760 749/766
f 734/762 733/761 744/767
f 734/762 744/767 738/768
f 737/685 740/695 736/685
f 737/685 738/685 739/685
f 738/768 744/767 748/769
f 748/695 739/685 738/685
f 743/695 739/685 747/695
f 741/685 743/695 766/695
f 733/761 749/766 744/767
f 749/766 751/770 745/771
f 750/727 752/772 749/766
f 730/760 700/728 750/727
f 752/772 693/725 754/718
f 756/773 754/718 753/717
f 753/717 691/713 689/716
f 689/716 756/773 753/717
f 745/771 751/770 755/774
f 757/695 758/775 755/685
f 758/775 759/685 755/685
f 760/776 755/774 756/773
f 756/773 757/777 760/776
f 758/775 757/695 756/685
f 759/685 758/775 756/685
f 688/684 761/695 759/685
f 759/778 761/779 746/780
f 762/781 761/779 688/782
f 679/710 762/781 686/712
f 761/779 762/781 763/783
f 680/784 763/783 762/781
f 743/785 747/786 764/787
f 764/787 761/779 763/783
f 767/788 764/787 765/789
f 673/709 668/700 669/790
f 767/788 765/789 669/790
f 741/791 766/792 767/788
f 768/793 767/788 664/794
f 742/795 741/791 767/788
f 664/794 659/692 768/793
f 772/796 742/795 768/793
f 768/793 726/797 772/796
f 772/798 769/799 773/800
f 769/799 772/798 771/801
f 775/802 773/800 769/799
f 776/685 777/684 774/695
f 778/695 779/685 770/695
f 778/695 770/695 725/685
f 779/685 780/684 770/695
f 783/685 770/695 781/695
f 782/685 777/685 770/695
f 780/803 781/804 770/805
f 780/803 779/806 784/807
f 784/807 778/808 729/757
f 784/807 729/757 736/765
f 778/808 785/809 729/757
f 724/754 785/684 725/685
f 785/809 724/753 727/755
f 650/685 719/685 651/685
f 650/685 646/684 645/684
f 650/810 786/811 719/749
f 786/811 644/812 714/742
f 806/685 788/695 711/685
f 711/685 789/684 806/685
f 787/685 791/684 790/685
f 787/685 715/695 791/684
f 792/685 790/685 793/685
f 791/684 794/684 790/685
f 715/813 665/701 791/704
f 657/691 665/701 715/813
f 791/704 671/706 794/814
f 671/706 685/815 795/816
f 684/685 796/685 798/685
f 792/817 798/818 796/819
f 789/684 799/695 803/695
f 803/695 805/685 789/684
f 802/820 797/821 803/822
f 789/823 805/824 806/825
f 807/720 808/826 806/825
f 806/825 805/824 807/720
f 804/695 797/685 683/684
f 805/824 683/827 807/720
f 809/828 807/720 683/827
f 692/684 809/685 683/684
f 705/737 788/829 808/826
f 705/737 808/826 704/735
f 643/695 644/695 641/686 642/684
f 646/684 641/686 644/695 645/684
f 648/741 643/695 642/684 647/685
f 649/7055 642/7056 641/7057
f 651/685 649/695 641/686 650/685
f 649/689 653/688 642/7058
f 653/688 652/687 655/693 654/690
f 647/7059 642/7058 653/688
f 715/813 647/7059 653/688 657/691
f 656/694 655/693 652/687
f 660/685 656/695 649/695 651/685
f 655/693 658/697 654/690
f 652/684 649/695 656/695
f 674/707 675/705 667/702 672/708
f 659/692 658/697 655/693
f 661/7060 659/692 656/694
f 662/696 663/699 658/697
f 654/690 658/697 657/691
f 664/794 662/696 659/692
f 663/699 670/703 666/698
f 668/700 667/702 663/699
f 669/790 668/700 662/696
f 667/702 668/700 672/708
f 667/702 671/706 670/703
f 668/700 673/709 672/708
f 681/685 682/684 683/684 684/685
f 675/705 676/7061 671/706
f 675/705 678/711 676/7061
f 791/704 670/703 671/706
f 671/706 676/7061 677/7062
f 674/707 673/709 680/784
f 681/685 676/685 678/684
f 676/685 681/685 677/695
f 671/706 677/7062 685/815
f 682/684 678/684 686/685 687/684
f 681/685 684/685 685/685
f 687/684 686/685 688/684 689/695
f 698/7063 695/722 696/723 699/726
f 692/721 690/7064 691/713
f 691/713 694/719 692/721
f 752/772 750/727 693/725
f 750/727 697/724 693/725
f 697/724 696/723 694/719
f 698/7063 699/726 701/733 704/735
f 702/729 699/726 697/724
f 711/685 648/741 647/685 715/695
f 700/728 706/731 702/729
f 699/726 703/730 701/733
f 708/732 709/734 701/733
f 710/685 711/685 705/684
f 709/734 710/736 704/735
f 707/739 708/732 703/730
f 648/744 710/736 713/740
f 716/747 714/742 707/739
f 722/685 723/695 661/685 660/685
f 713/740 709/734 643/743
f 708/732 643/743 709/734
f 717/746 719/749 716/747
f 651/748 719/749 717/746
f 718/685 660/685 651/685
f 721/752 720/750 716/747
f 722/685 725/685 726/685 723/695
f 706/731 731/759 728/756 712/738
f 727/755 724/753 721/752
f 712/738 728/756 707/739
f 737/685 741/685 742/685 740/695
f 731/759 706/731 730/760
f 732/758 729/757 728/756
f 732/758 730/760 733/761
f 737/764 735/763 734/762
f 737/764 734/762 738/768
f 737/685 739/685 743/695 741/685
f 746/685 747/695 739/685 745/684
f 689/695 688/684 759/685 756/685
f 739/685 748/695 745/684
f 748/769 744/767 745/771
f 744/767 749/766 745/771
f 749/766 752/772 751/770
f 749/766 730/760 750/727
f 751/770 752/772 754/718
f 751/770 754/718 756/773
f 756/773 755/774 751/770
f 754/718 693/725 694/719
f 745/684 755/685 759/685 746/685
f 757/695 755/685 760/695
f 765/789 764/787 680/784 673/709
f 747/786 746/780 761/779
f 679/710 680/784 762/781
f 680/784 679/710 674/707
f 764/787 747/786 761/779
f 763/783 680/784 764/787
f 725/685 770/695 769/695 726/685
f 743/785 764/787 766/792
f 767/788 766/792 764/787
f 669/790 765/789 673/709
f 767/788 669/790 664/794
f 664/794 669/790 662/696
f 768/793 742/795 767/788
f 659/692 661/7060 768/793
f 726/797 768/793 723/7065
f 723/695 768/685 661/685
f 740/695 742/685 773/685 774/695
f 771/684 772/695 726/685
f 771/684 726/685 769/695
f 772/695 773/685 742/685
f 776/685 774/695 773/685 775/684
f 776/685 775/685 769/695 770/695
f 735/763 736/765 729/757 732/758
f 776/685 770/695 777/685
f 782/685 770/695 783/685
f 777/7066 782/7067 774/7068
f 783/7069 774/7068 782/7067
f 780/803 784/807 740/7070
f 781/804 780/803 740/7070
f 781/695 774/695 783/684
f 740/695 774/695 781/695
f 784/807 779/806 778/808
f 736/685 740/695 784/695
f 778/695 725/685 785/684
f 716/747 707/739 728/756 721/752
f 729/757 785/809 727/755
f 712/738 703/730 706/731
f 789/684 711/685 787/685 790/685
f 645/684 786/685 650/685
f 719/749 786/811 714/742
f 645/684 644/695 786/685
f 714/742 644/812 643/743
f 715/695 787/685 711/685
f 705/684 711/685 788/695
f 789/684 790/685 792/685 799/695
f 795/816 790/7071 794/814 671/706
f 797/685 796/685 684/685 683/684
f 685/685 684/685 795/684
f 795/816 793/7072 790/7071
f 795/816 684/7073 793/7072
f 804/7074 805/824 803/822 797/821
f 793/7072 684/7075 798/818
f 798/818 792/817 793/7072
f 796/685 797/685 800/695
f 796/819 800/7076 799/7077
f 792/685 796/685 799/695
f 800/695 797/685 801/695
f 803/695 799/695 802/685
f 802/685 799/695 801/685
f 801/685 799/695 800/685
f 801/695 797/685 802/685
f 808/826 807/720 695/722 698/7063
f 806/825 808/826 788/829
f 805/824 804/7074 683/827
f 692/721 807/720 809/828
f 808/826 698/7063 704/735
usemtl Tube_2
f 5994/6488 6003/6489 5995/6490
f 6000/6491 5998/6492 5997/6493
f 5992/6494 6004/6495 5993/6496
f 6002/6497 5991/6498 5990/6499
f 6005/6500 5996/6501 5995/6490
f 6006/6502 5999/6503 5996/6501
f 6007/6504 6001/6505 5998/6492
f 6013/6506 6012/6507 5994/6488
f 6009/6508 5998/6492 6000/6491
f 6011/6509 6010/6510 5992/6494
f 6014/6511 6005/6500 6003/6489
f 6018/6512 6015/6513 6011/6509
f 6004/6495 6017/6514 6013/6506
f 6010/6510 6026/6515 6004/6495
f 6016/6516 6009/6508 6000/6491
f 6026/6515 6017/6514 6004/6495
f 6001/6517 6018/6512 6002/6497
f 6015/6513 6020/6518 6011/6509
f 6019/6519 6006/6502 6005/6500
f 6019/6519 6008/6520 6006/6502
f 6021/6521 6016/6516 6008/6520
f 6009/6508 6025/6522 6007/6504
f 6022/6523 6019/6519 6005/6500
f 6026/6515 6023/6524 6017/6514
f 6033/6525 6023/6524 6026/6515
f 6027/6526 6024/6527 6017/6514
f 6028/6528 6021/6521 6019/6519
f 6023/6524 6027/6526 6017/6514
f 6030/6529 6029/6530 6021/6521
f 6020/6518 6033/6525 6026/6515
f 6025/6522 6039/6531 6001/6505
f 6034/6532 6022/6523 6014/6511
f 6036/6533 6023/6524 6033/6525
f 6037/6534 6028/6528 6022/6523
f 6028/6528 6030/6529 6021/6521
f 6035/6535 6039/6531 6025/6522
f 6031/6536 6041/6537 6020/6518
f 6036/6533 6027/6526 6023/6524
f 6040/6538 6034/6532 6024/6527
f 6029/6530 6047/6539 6035/6535
f 6032/6540 6043/6541 6031/6536
f 6042/6542 6036/6533 6033/6525
f 6030/6529 6044/6543 6029/6530
f 6045/6544 6027/6526 6036/6533
f 6046/6545 6040/6538 6027/6526
f 6048/6546 6030/6529 6028/6528
f 6039/6531 6049/6547 6032/6548
f 6050/6549 6048/6546 6028/6528
f 6043/6541 6051/6550 6041/6537
f 6048/6546 6044/6543 6030/6529
f 6049/6551 6058/6552 6032/6540
f 6044/6543 6052/6553 6047/6539
f 6053/6554 6037/6534 6034/6532
f 6054/6555 6050/6549 6037/6534
f 6047/6539 6057/6556 6039/6531
f 6056/6557 6053/6554 6040/6538
f 6060/6558 6059/6559 6045/6544
f 6059/6559 6056/6557 6046/6545
f 6051/6550 6064/6560 6042/6542
f 6064/6560 6060/6558 6042/6542
f 6062/6561 6048/6546 6050/6549
f 6055/6562 6066/6563 6051/6550
f 6058/6552 6066/6563 6055/6562
f 6066/6563 6064/6560 6051/6550
f 6065/6564 6062/6561 6050/6549
f 6067/6565 6065/6564 6054/6555
f 6049/6551 6070/6566 6058/6552
f 6068/6567 6056/6557 6059/6559
f 6068/6567 6059/6559 6060/6558
f 6069/6568 6053/6554 6056/6557
f 6063/6569 6061/6570 6052/6553
f 6070/6566 6066/6563 6058/6552
f 6061/6570 6070/6571 6057/6556
f 5992/6572 5996/6573 5990/6574
f 5996/6573 5992/6572 5993/6575
f 6069/6576 6068/6577 6067/6578
f 6061/6579 6068/6577 6070/6580
f 6068/6577 6066/6581 6070/6580
f 6067/6578 6068/6577 6065/6582
f 6068/6577 6063/6583 6062/6584
f 6068/6577 6061/6579 6063/6583
f 5993/6496 6013/6506 5994/6488
f 5996/6501 5999/6503 5997/6493
f 5999/6503 6000/6491 5997/6493
f 6001/6517 6002/6497 5990/6499
f 5998/6492 6001/6505 5990/7390
f 5995/6490 6003/6489 6005/6500
f 5993/6496 6004/6495 6013/6506
f 6005/6500 6006/6502 5996/6501
f 6002/6497 6011/6509 5991/6498
f 5991/6498 6011/6509 5992/6494
f 6006/6502 6008/6520 5999/6503
f 6009/6508 6007/6504 5998/6492
f 5992/6494 6010/6510 6004/6495
f 5994/6488 6012/6507 6003/6489
f 6008/6520 6000/6491 5999/6503
f 6002/6497 6018/6512 6011/6509
f 6008/6520 6016/6516 6000/6491
f 6011/6509 6020/6518 6010/6510
f 6010/6510 6020/6518 6026/6515
f 6012/6507 6014/6511 6003/6489
f 6007/6504 6025/6522 6001/6505
f 6019/6519 6021/6521 6008/6520
f 6001/6517 6032/6540 6018/6512
f 6014/6511 6022/6523 6005/6500
f 6013/6506 6024/6527 6012/6507
f 6009/6508 6016/6516 6025/6522
f 6017/6514 6024/6527 6013/6506
f 6021/6521 6029/6530 6016/6516
f 6018/6512 6031/6536 6015/6513
f 6016/6516 6035/6535 6025/6522
f 6016/6516 6029/6530 6035/6535
f 6015/6513 6031/6536 6020/6518
f 6022/6523 6028/6528 6019/6519
f 6001/6505 6039/6531 6032/6548
f 6018/6512 6032/6540 6031/6536
f 6012/6507 6034/6532 6014/6511
f 6020/6518 6038/7391 6033/6525
f 6020/6518 6041/6537 6038/7391
f 6034/6532 6037/6534 6022/6523
f 6024/6527 6034/6532 6012/6507
f 6027/6526 6040/6538 6024/6527
f 6033/6525 6038/7391 6042/6542
f 6029/6530 6044/6543 6047/6539
f 6031/6536 6043/6541 6041/6537
f 6035/6535 6047/6539 6039/6531
f 6042/6542 6045/6544 6036/6533
f 6037/6534 6050/6549 6028/6528
f 6045/6544 6046/6545 6027/6526
f 6041/6537 6051/6550 6038/7391
f 6032/6540 6058/6552 6043/6541
f 6039/6531 6057/6556 6049/6547
f 6038/7391 6051/6550 6042/6542
f 6043/6541 6055/6562 6051/6550
f 6040/6538 6053/6554 6034/6532
f 6053/6554 6054/6555 6037/6534
f 6046/6545 6056/6557 6040/6538
f 6052/6553 6061/6570 6047/6539
f 6043/6541 6058/6552 6055/6562
f 6045/6544 6059/6559 6046/6545
f 6047/6539 6061/6570 6057/6556
f 6042/6542 6060/6558 6045/6544
f 6044/6543 6063/6569 6052/6553
f 6048/6546 6063/6569 6044/6543
f 6054/6555 6065/6564 6050/6549
f 6053/6554 6067/6565 6054/6555
f 6062/6561 6063/6569 6048/6546
f 6057/6556 6070/6571 6049/6547
f 6069/6568 6067/6565 6053/6554
f 6068/6567 6069/6568 6056/6557
f 5995/7392 5993/6575 5994/7393
f 5990/6574 5997/7394 5998/7395
f 5992/6572 5990/6574 5991/7396
f 5990/6574 5996/6573 5997/7394
f 5996/6573 5993/6575 5995/7392
f 6060/7397 6064/7398 6068/6577
f 6068/6577 6062/6584 6065/6582
f 6068/6577 6064/7398 6066/6581
